Workbook

Sheet 지역
C1: 그 외 | D1: 소개 | E1: 직영(가) | K1: 2025 | L1: 직영(가)
J2: 지역별통계 | K2: 합계 용량 / 건수 | M2: 1 | O2: 2 | Q2: 3 | S2: 4 | U2: 5 | W2: 6 | Y2: 7 | AA2: 8 | AC2: 9 | AE2: 10 | AG2: 11 | AI2: 12
B3: 전체 | C3: 전체 계약 용량 | D3: 전체 계약 건수 | E3: 마케팅 계약 용량 | F3: 마케팅 계약 건수 | G3: 소개 계약 용량 | H3: 소개 계약 건수 | J3: 경기 | K3: =IF( SUM( IFERROR(VALUE(SUBSTITUTE(M3,"kW","")),0), IFERROR(VALUE(SUBSTITUTE(O3,"kW","")),0), IFERROR(VALUE(SUBSTITUTE(Q3,"kW","")),0), IFERROR(VALUE(SUBSTITUTE(S3,"kW","")),0), IFERROR(VALUE(SUBSTITUTE(U3,"kW","")),0), IFERROR(VALUE(SUBSTITUTE(W3,"kW","")),0), IFERROR(VALUE(SUBSTITUTE(Y3,"kW","")),0), IFERROR(VALUE(SUBSTITUTE(AA3,"kW","")),0), IFERROR(VALUE(SUBSTITUTE(AC3,"kW","")),0), IFERROR(VALUE(SUBSTITUTE(AE3,"kW","")),0), IFERROR(VALUE(SUBSTITUTE(AG3,"kW","")),0), IFERROR(VALUE(SUBSTITUTE(AI3,"kW","")),0) )=0, "", SUM( IFERROR(VALUE(SUBSTITUTE(M3,"kW","")),0), IFERROR(VALUE(SUBSTITUTE(O3,"kW","")),0), IFERROR(VALUE(SUBSTITUTE(Q3,"kW","")),0), IFERROR(VALUE(SUBSTITUTE(S3,"kW","")),0), IFERROR(VALUE(SUBSTITUTE(U3,"kW","")),0), IFERROR(VALUE(SUBSTITUTE(W3,"kW","")),0), IFERROR(VALUE(SUBSTITUTE(Y3,"kW","")),0), IFERROR(VALUE(SUBSTITUTE(AA3,"kW","")),0), IFERROR(VALUE(SUBSTITUTE(AC3,"kW","")),0), IFERROR(VALUE(SUBSTITUTE(AE3,"kW","")),0), IFERROR(VALUE(SUBSTITUTE(AG3,"kW","")),0), IFERROR(VALUE(SUBSTITUTE(AI3,"kW","")),0) ) ) -> 11271.285 | L3: =IF( SUM( IFERROR(VALUE(SUBSTITUTE(N3,"건","")),0), IFERROR(VALUE(SUBSTITUTE(P3,"건","")),0), IFERROR(VALUE(SUBSTITUTE(R3,"건","")),0), IFERROR(VALUE(SUBSTITUTE(T3,"건","")),0), IFERROR(VALUE(SUBSTITUTE(V3,"건","")),0), IFERROR(VALUE(SUBSTITUTE(X3,"건","")),0), IFERROR(VALUE(SUBSTITUTE(Z3,"건","")),0), IFERROR(VALUE(SUBSTITUTE(AB3,"건","")),0), IFERROR(VALUE(SUBSTITUTE(AD3,"건","")),0), IFERROR(VALUE(SUBSTITUTE(AF3,"건","")),0), IFERROR(VALUE(SUBSTITUTE(AH3,"건","")),0), IFERROR(VALUE(SUBSTITUTE(AJ3,"건","")),0) )=0, "", SUM( IFERROR(VALUE(SUBSTITUTE(N3,"건","")),0), IFERROR(VALUE(SUBSTITUTE(P3,"건","")),0), IFERROR(VALUE(SUBSTITUTE(R3,"건","")),0), IFERROR(VALUE(SUBSTITUTE(T3,"건","")),0), IFERROR(VALUE(SUBSTITUTE(V3,"건","")),0), IFERROR(VALUE(SUBSTITUTE(X3,"건","")),0), IFERROR(VALUE(SUBSTITUTE(Z3,"건","")),0), IFERROR(VALUE(SUBSTITUTE(AB3,"건","")),0), IFERROR(VALUE(SUBSTITUTE(AD3,"건","")),0), IFERROR(VALUE(SUBSTITUTE(AF3,"건","")),0), IFERROR(VALUE(SUBSTITUTE(AH3,"건","")),0), IFERROR(VALUE(SUBSTITUTE(AJ3,"건","")),0) ) ) -> 51 | M3: =IF( SUM( SUMIFS('발전사업(A)'!$I:$I,'발전사업(A)'!$G:$G,M$2,'발전사업(A)'!$Q:$Q,$J3,'발전사업(A)'!$C:$C,$L$1), SUMIFS('자가소비(B)'!$I:$I,'자가소비(B)'!$G:$G,M$2,'자가소비(B)'!$Q:$Q,$J3,'자가소비(B)'!$C:$C,$L$1), SUMIFS('PPA 사업(C)'!$I:$I,'PPA 사업(C)'!$G:$G,M$2,'PPA 사업(C)'!$Q:$Q,$J3,'PPA 사업(C)'!$C:$C,$L$1), SUMIFS('리스사업(D)'!$I:$I,'리스사업(D)'!$G:$G,M$2,'리스사업(D)'!$Q:$Q,$J3,'리스사업(D)'!$C:$C,$L$1), SUMIFS('임대사업(E)'!$I:$I,'임대사업(E)'!$G:$G,M$2,'임대사업(E)'!$Q:$Q,$J3,'임대사업(E)'!$C:$C,$L$1), SUMIFS('환경부사업(F)'!$I:$I,'환경부사업(F)'!$G:$G,M$2,'환경부사업(F)'!$Q:$Q,$J3,'환경부사업(F)'!$C:$C,$L$1), SUMIFS('프로젝트(G)'!$I:$I,'프로젝트(G)'!$G:$G,M$2,'프로젝트(G)'!$Q:$Q,$J3,'프로젝트(G)'!$C:$C,$L$1), SUMIFS('협력사 EPC(H)'!$I:$I,'협력사 EPC(H)'!$G:$G,M$2,'협력사 EPC(H)'!$Q:$Q,$J3,'협력사 EPC(H)'!$C:$C,$L$1), SUMIFS('기타(Z)'!$I:$I,'기타(Z)'!$G:$G,M$2,'기타(Z)'!$Q:$Q,$J3,'기타(Z)'!$C:$C,$L$1) )=0, "", SUM( SUMIFS('발전사업(A)'!$I:$I,'발전사업(A)'!$G:$G,M$2,'발전사업(A)'!$Q:$Q,$J3,'발전사업(A)'!$C:$C,$L$1), SUMIFS('자가소비(B)'!$I:$I,'자가소비(B)'!$G:$G,M$2,'자가소비(B)'!$Q:$Q,$J3,'자가소비(B)'!$C:$C,$L$1), SUMIFS('PPA 사업(C)'!$I:$I,'PPA 사업(C)'!$G:$G,M$2,'PPA 사업(C)'!$Q:$Q,$J3,'PPA 사업(C)'!$C:$C,$L$1), SUMIFS('리스사업(D)'!$I:$I,'리스사업(D)'!$G:$G,M$2,'리스사업(D)'!$Q:$Q,$J3,'리스사업(D)'!$C:$C,$L$1), SUMIFS('임대사업(E)'!$I:$I,'임대사업(E)'!$G:$G,M$2,'임대사업(E)'!$Q:$Q,$J3,'임대사업(E)'!$C:$C,$L$1), SUMIFS('환경부사업(F)'!$I:$I,'환경부사업(F)'!$G:$G,M$2,'환경부사업(F)'!$Q:$Q,$J3,'환경부사업(F)'!$C:$C,$L$1), SUMIFS('프로젝트(G)'!$I:$I,'프로젝트(G)'!$G:$G,M$2,'프로젝트(G)'!$Q:$Q,$J3,'프로젝트(G)'!$C:$C,$L$1), SUMIFS('협력사 EPC(H)'!$I:$I,'협력사 EPC(H)'!$G:$G,M$2,'협력사 EPC(H)'!$Q:$Q,$J3,'협력사 EPC(H)'!$C:$C,$L$1), SUMIFS('기타(Z)'!$I:$I,'기타(Z)'!$G:$G,M$2,'기타(Z)'!$Q:$Q,$J3,'기타(Z)'!$C:$C,$L$1) ) ) | N3: =IF( SUM( COUNTIFS('발전사업(A)'!$G:$G, M$2, '발전사업(A)'!$Q:$Q, $J3, '발전사업(A)'!$C:$C, $L$1), COUNTIFS('자가소비(B)'!$G:$G, M$2, '자가소비(B)'!$Q:$Q, $J3, '자가소비(B)'!$C:$C, $L$1), COUNTIFS('PPA 사업(C)'!$G:$G, M$2, 'PPA 사업(C)'!$Q:$Q, $J3, 'PPA 사업(C)'!$C:$C, $L$1), COUNTIFS('리스사업(D)'!$G:$G, M$2, '리스사업(D)'!$Q:$Q, $J3, '리스사업(D)'!$C:$C, $L$1), COUNTIFS('임대사업(E)'!$G:$G, M$2, '임대사업(E)'!$Q:$Q, $J3, '임대사업(E)'!$C:$C, $L$1), COUNTIFS('환경부사업(F)'!$G:$G, M$2, '환경부사업(F)'!$Q:$Q, $J3, '환경부사업(F)'!$C:$C, $L$1), COUNTIFS('프로젝트(G)'!$G:$G, M$2, '프로젝트(G)'!$Q:$Q, $J3, '프로젝트(G)'!$C:$C, $L$1), COUNTIFS('협력사 EPC(H)'!$G:$G, M$2, '협력사 EPC(H)'!$Q:$Q, $J3, '협력사 EPC(H)'!$C:$C, $L$1), COUNTIFS('기타(Z)'!$G:$G, M$2, '기타(Z)'!$Q:$Q, $J3, '기타(Z)'!$C:$C, $L$1) ) = 0, "", COUNTIFS('발전사업(A)'!$G:$G, M$2, '발전사업(A)'!$Q:$Q, $J3, '발전사업(A)'!$C:$C, $L$1) + COUNTIFS('자가소비(B)'!$G:$G, M$2, '자가소비(B)'!$Q:$Q, $J3, '자가소비(B)'!$C:$C, $L$1) + COUNTIFS('PPA 사업(C)'!$G:$G, M$2, 'PPA 사업(C)'!$Q:$Q, $J3, 'PPA 사업(C)'!$C:$C, $L$1) + COUNTIFS('리스사업(D)'!$G:$G, M$2, '리스사업(D)'!$Q:$Q, $J3, '리스사업(D)'!$C:$C, $L$1) + COUNTIFS('임대사업(E)'!$G:$G, M$2, '임대사업(E)'!$Q:$Q, $J3, '임대사업(E)'!$C:$C, $L$1) + COUNTIFS('환경부사업(F)'!$G:$G, M$2, '환경부사업(F)'!$Q:$Q, $J3, '환경부사업(F)'!$C:$C, $L$1) + COUNTIFS('프로젝트(G)'!$G:$G, M$2, '프로젝트(G)'!$Q:$Q, $J3, '프로젝트(G)'!$C:$C, $L$1) + COUNTIFS('협력사 EPC(H)'!$G:$G, M$2, '협력사 EPC(H)'!$Q:$Q, $J3, '협력사 EPC(H)'!$C:$C, $L$1) + COUNTIFS('기타(Z)'!$G:$G, M$2, '기타(Z)'!$Q:$Q, $J3, '기타(Z)'!$C:$C, $L$1) ) | O3: =IF( SUM( SUMIFS('발전사업(A)'!$I:$I,'발전사업(A)'!$G:$G,O$2,'발전사업(A)'!$Q:$Q,$J3,'발전사업(A)'!$C:$C,$L$1), SUMIFS('자가소비(B)'!$I:$I,'자가소비(B)'!$G:$G,O$2,'자가소비(B)'!$Q:$Q,$J3,'자가소비(B)'!$C:$C,$L$1), SUMIFS('PPA 사업(C)'!$I:$I,'PPA 사업(C)'!$G:$G,O$2,'PPA 사업(C)'!$Q:$Q,$J3,'PPA 사업(C)'!$C:$C,$L$1), SUMIFS('리스사업(D)'!$I:$I,'리스사업(D)'!$G:$G,O$2,'리스사업(D)'!$Q:$Q,$J3,'리스사업(D)'!$C:$C,$L$1), SUMIFS('임대사업(E)'!$I:$I,'임대사업(E)'!$G:$G,O$2,'임대사업(E)'!$Q:$Q,$J3,'임대사업(E)'!$C:$C,$L$1), SUMIFS('환경부사업(F)'!$I:$I,'환경부사업(F)'!$G:$G,O$2,'환경부사업(F)'!$Q:$Q,$J3,'환경부사업(F)'!$C:$C,$L$1), SUMIFS('프로젝트(G)'!$I:$I,'프로젝트(G)'!$G:$G,O$2,'프로젝트(G)'!$Q:$Q,$J3,'프로젝트(G)'!$C:$C,$L$1), SUMIFS('협력사 EPC(H)'!$I:$I,'협력사 EPC(H)'!$G:$G,O$2,'협력사 EPC(H)'!$Q:$Q,$J3,'협력사 EPC(H)'!$C:$C,$L$1), SUMIFS('기타(Z)'!$I:$I,'기타(Z)'!$G:$G,O$2,'기타(Z)'!$Q:$Q,$J3,'기타(Z)'!$C:$C,$L$1) )=0, "", SUM( SUMIFS('발전사업(A)'!$I:$I,'발전사업(A)'!$G:$G,O$2,'발전사업(A)'!$Q:$Q,$J3,'발전사업(A)'!$C:$C,$L$1), SUMIFS('자가소비(B)'!$I:$I,'자가소비(B)'!$G:$G,O$2,'자가소비(B)'!$Q:$Q,$J3,'자가소비(B)'!$C:$C,$L$1), SUMIFS('PPA 사업(C)'!$I:$I,'PPA 사업(C)'!$G:$G,O$2,'PPA 사업(C)'!$Q:$Q,$J3,'PPA 사업(C)'!$C:$C,$L$1), SUMIFS('리스사업(D)'!$I:$I,'리스사업(D)'!$G:$G,O$2,'리스사업(D)'!$Q:$Q,$J3,'리스사업(D)'!$C:$C,$L$1), SUMIFS('임대사업(E)'!$I:$I,'임대사업(E)'!$G:$G,O$2,'임대사업(E)'!$Q:$Q,$J3,'임대사업(E)'!$C:$C,$L$1), SUMIFS('환경부사업(F)'!$I:$I,'환경부사업(F)'!$G:$G,O$2,'환경부사업(F)'!$Q:$Q,$J3,'환경부사업(F)'!$C:$C,$L$1), SUMIFS('프로젝트(G)'!$I:$I,'프로젝트(G)'!$G:$G,O$2,'프로젝트(G)'!$Q:$Q,$J3,'프로젝트(G)'!$C:$C,$L$1), SUMIFS('협력사 EPC(H)'!$I:$I,'협력사 EPC(H)'!$G:$G,O$2,'협력사 EPC(H)'!$Q:$Q,$J3,'협력사 EPC(H)'!$C:$C,$L$1), SUMIFS('기타(Z)'!$I:$I,'기타(Z)'!$G:$G,O$2,'기타(Z)'!$Q:$Q,$J3,'기타(Z)'!$C:$C,$L$1) ) ) -> 458.88 | P3: =IF( SUM( COUNTIFS('발전사업(A)'!$G:$G, O$2, '발전사업(A)'!$Q:$Q, $J3, '발전사업(A)'!$C:$C, $L$1), COUNTIFS('자가소비(B)'!$G:$G, O$2, '자가소비(B)'!$Q:$Q, $J3, '자가소비(B)'!$C:$C, $L$1), COUNTIFS('PPA 사업(C)'!$G:$G, O$2, 'PPA 사업(C)'!$Q:$Q, $J3, 'PPA 사업(C)'!$C:$C, $L$1), COUNTIFS('리스사업(D)'!$G:$G, O$2, '리스사업(D)'!$Q:$Q, $J3, '리스사업(D)'!$C:$C, $L$1), COUNTIFS('임대사업(E)'!$G:$G, O$2, '임대사업(E)'!$Q:$Q, $J3, '임대사업(E)'!$C:$C, $L$1), COUNTIFS('환경부사업(F)'!$G:$G, O$2, '환경부사업(F)'!$Q:$Q, $J3, '환경부사업(F)'!$C:$C, $L$1), COUNTIFS('프로젝트(G)'!$G:$G, O$2, '프로젝트(G)'!$Q:$Q, $J3, '프로젝트(G)'!$C:$C, $L$1), COUNTIFS('협력사 EPC(H)'!$G:$G, O$2, '협력사 EPC(H)'!$Q:$Q, $J3, '협력사 EPC(H)'!$C:$C, $L$1), COUNTIFS('기타(Z)'!$G:$G, O$2, '기타(Z)'!$Q:$Q, $J3, '기타(Z)'!$C:$C, $L$1) ) = 0, "", COUNTIFS('발전사업(A)'!$G:$G, O$2, '발전사업(A)'!$Q:$Q, $J3, '발전사업(A)'!$C:$C, $L$1) + COUNTIFS('자가소비(B)'!$G:$G, O$2, '자가소비(B)'!$Q:$Q, $J3, '자가소비(B)'!$C:$C, $L$1) + COUNTIFS('PPA 사업(C)'!$G:$G, O$2, 'PPA 사업(C)'!$Q:$Q, $J3, 'PPA 사업(C)'!$C:$C, $L$1) + COUNTIFS('리스사업(D)'!$G:$G, O$2, '리스사업(D)'!$Q:$Q, $J3, '리스사업(D)'!$C:$C, $L$1) + COUNTIFS('임대사업(E)'!$G:$G, O$2, '임대사업(E)'!$Q:$Q, $J3, '임대사업(E)'!$C:$C, $L$1) + COUNTIFS('환경부사업(F)'!$G:$G, O$2, '환경부사업(F)'!$Q:$Q, $J3, '환경부사업(F)'!$C:$C, $L$1) + COUNTIFS('프로젝트(G)'!$G:$G, O$2, '프로젝트(G)'!$Q:$Q, $J3, '프로젝트(G)'!$C:$C, $L$1) + COUNTIFS('협력사 EPC(H)'!$G:$G, O$2, '협력사 EPC(H)'!$Q:$Q, $J3, '협력사 EPC(H)'!$C:$C, $L$1) + COUNTIFS('기타(Z)'!$G:$G, O$2, '기타(Z)'!$Q:$Q, $J3, '기타(Z)'!$C:$C, $L$1) ) -> 4 | Q3: =IF( SUM( SUMIFS('발전사업(A)'!$I:$I,'발전사업(A)'!$G:$G,Q$2,'발전사업(A)'!$Q:$Q,$J3,'발전사업(A)'!$C:$C,$L$1), SUMIFS('자가소비(B)'!$I:$I,'자가소비(B)'!$G:$G,Q$2,'자가소비(B)'!$Q:$Q,$J3,'자가소비(B)'!$C:$C,$L$1), SUMIFS('PPA 사업(C)'!$I:$I,'PPA 사업(C)'!$G:$G,Q$2,'PPA 사업(C)'!$Q:$Q,$J3,'PPA 사업(C)'!$C:$C,$L$1), SUMIFS('리스사업(D)'!$I:$I,'리스사업(D)'!$G:$G,Q$2,'리스사업(D)'!$Q:$Q,$J3,'리스사업(D)'!$C:$C,$L$1), SUMIFS('임대사업(E)'!$I:$I,'임대사업(E)'!$G:$G,Q$2,'임대사업(E)'!$Q:$Q,$J3,'임대사업(E)'!$C:$C,$L$1), SUMIFS('환경부사업(F)'!$I:$I,'환경부사업(F)'!$G:$G,Q$2,'환경부사업(F)'!$Q:$Q,$J3,'환경부사업(F)'!$C:$C,$L$1), SUMIFS('프로젝트(G)'!$I:$I,'프로젝트(G)'!$G:$G,Q$2,'프로젝트(G)'!$Q:$Q,$J3,'프로젝트(G)'!$C:$C,$L$1), SUMIFS('협력사 EPC(H)'!$I:$I,'협력사 EPC(H)'!$G:$G,Q$2,'협력사 EPC(H)'!$Q:$Q,$J3,'협력사 EPC(H)'!$C:$C,$L$1), SUMIFS('기타(Z)'!$I:$I,'기타(Z)'!$G:$G,Q$2,'기타(Z)'!$Q:$Q,$J3,'기타(Z)'!$C:$C,$L$1) )=0, "", SUM( SUMIFS('발전사업(A)'!$I:$I,'발전사업(A)'!$G:$G,Q$2,'발전사업(A)'!$Q:$Q,$J3,'발전사업(A)'!$C:$C,$L$1), SUMIFS('자가소비(B)'!$I:$I,'자가소비(B)'!$G:$G,Q$2,'자가소비(B)'!$Q:$Q,$J3,'자가소비(B)'!$C:$C,$L$1), SUMIFS('PPA 사업(C)'!$I:$I,'PPA 사업(C)'!$G:$G,Q$2,'PPA 사업(C)'!$Q:$Q,$J3,'PPA 사업(C)'!$C:$C,$L$1), SUMIFS('리스사업(D)'!$I:$I,'리스사업(D)'!$G:$G,Q$2,'리스사업(D)'!$Q:$Q,$J3,'리스사업(D)'!$C:$C,$L$1), SUMIFS('임대사업(E)'!$I:$I,'임대사업(E)'!$G:$G,Q$2,'임대사업(E)'!$Q:$Q,$J3,'임대사업(E)'!$C:$C,$L$1), SUMIFS('환경부사업(F)'!$I:$I,'환경부사업(F)'!$G:$G,Q$2,'환경부사업(F)'!$Q:$Q,$J3,'환경부사업(F)'!$C:$C,$L$1), SUMIFS('프로젝트(G)'!$I:$I,'프로젝트(G)'!$G:$G,Q$2,'프로젝트(G)'!$Q:$Q,$J3,'프로젝트(G)'!$C:$C,$L$1), SUMIFS('협력사 EPC(H)'!$I:$I,'협력사 EPC(H)'!$G:$G,Q$2,'협력사 EPC(H)'!$Q:$Q,$J3,'협력사 EPC(H)'!$C:$C,$L$1), SUMIFS('기타(Z)'!$I:$I,'기타(Z)'!$G:$G,Q$2,'기타(Z)'!$Q:$Q,$J3,'기타(Z)'!$C:$C,$L$1) ) ) -> 288.64 | R3: =IF( SUM( COUNTIFS('발전사업(A)'!$G:$G, Q$2, '발전사업(A)'!$Q:$Q, $J3, '발전사업(A)'!$C:$C, $L$1), COUNTIFS('자가소비(B)'!$G:$G, Q$2, '자가소비(B)'!$Q:$Q, $J3, '자가소비(B)'!$C:$C, $L$1), COUNTIFS('PPA 사업(C)'!$G:$G, Q$2, 'PPA 사업(C)'!$Q:$Q, $J3, 'PPA 사업(C)'!$C:$C, $L$1), COUNTIFS('리스사업(D)'!$G:$G, Q$2, '리스사업(D)'!$Q:$Q, $J3, '리스사업(D)'!$C:$C, $L$1), COUNTIFS('임대사업(E)'!$G:$G, Q$2, '임대사업(E)'!$Q:$Q, $J3, '임대사업(E)'!$C:$C, $L$1), COUNTIFS('환경부사업(F)'!$G:$G, Q$2, '환경부사업(F)'!$Q:$Q, $J3, '환경부사업(F)'!$C:$C, $L$1), COUNTIFS('프로젝트(G)'!$G:$G, Q$2, '프로젝트(G)'!$Q:$Q, $J3, '프로젝트(G)'!$C:$C, $L$1), COUNTIFS('협력사 EPC(H)'!$G:$G, Q$2, '협력사 EPC(H)'!$Q:$Q, $J3, '협력사 EPC(H)'!$C:$C, $L$1), COUNTIFS('기타(Z)'!$G:$G, Q$2, '기타(Z)'!$Q:$Q, $J3, '기타(Z)'!$C:$C, $L$1) ) = 0, "", COUNTIFS('발전사업(A)'!$G:$G, Q$2, '발전사업(A)'!$Q:$Q, $J3, '발전사업(A)'!$C:$C, $L$1) + COUNTIFS('자가소비(B)'!$G:$G, Q$2, '자가소비(B)'!$Q:$Q, $J3, '자가소비(B)'!$C:$C, $L$1) + COUNTIFS('PPA 사업(C)'!$G:$G, Q$2, 'PPA 사업(C)'!$Q:$Q, $J3, 'PPA 사업(C)'!$C:$C, $L$1) + COUNTIFS('리스사업(D)'!$G:$G, Q$2, '리스사업(D)'!$Q:$Q, $J3, '리스사업(D)'!$C:$C, $L$1) + COUNTIFS('임대사업(E)'!$G:$G, Q$2, '임대사업(E)'!$Q:$Q, $J3, '임대사업(E)'!$C:$C, $L$1) + COUNTIFS('환경부사업(F)'!$G:$G, Q$2, '환경부사업(F)'!$Q:$Q, $J3, '환경부사업(F)'!$C:$C, $L$1) + COUNTIFS('프로젝트(G)'!$G:$G, Q$2, '프로젝트(G)'!$Q:$Q, $J3, '프로젝트(G)'!$C:$C, $L$1) + COUNTIFS('협력사 EPC(H)'!$G:$G, Q$2, '협력사 EPC(H)'!$Q:$Q, $J3, '협력사 EPC(H)'!$C:$C, $L$1) + COUNTIFS('기타(Z)'!$G:$G, Q$2, '기타(Z)'!$Q:$Q, $J3, '기타(Z)'!$C:$C, $L$1) ) -> 1 | S3: =IF( SUM( SUMIFS('발전사업(A)'!$I:$I,'발전사업(A)'!$G:$G,S$2,'발전사업(A)'!$Q:$Q,$J3,'발전사업(A)'!$C:$C,$L$1), SUMIFS('자가소비(B)'!$I:$I,'자가소비(B)'!$G:$G,S$2,'자가소비(B)'!$Q:$Q,$J3,'자가소비(B)'!$C:$C,$L$1), SUMIFS('PPA 사업(C)'!$I:$I,'PPA 사업(C)'!$G:$G,S$2,'PPA 사업(C)'!$Q:$Q,$J3,'PPA 사업(C)'!$C:$C,$L$1), SUMIFS('리스사업(D)'!$I:$I,'리스사업(D)'!$G:$G,S$2,'리스사업(D)'!$Q:$Q,$J3,'리스사업(D)'!$C:$C,$L$1), SUMIFS('임대사업(E)'!$I:$I,'임대사업(E)'!$G:$G,S$2,'임대사업(E)'!$Q:$Q,$J3,'임대사업(E)'!$C:$C,$L$1), SUMIFS('환경부사업(F)'!$I:$I,'환경부사업(F)'!$G:$G,S$2,'환경부사업(F)'!$Q:$Q,$J3,'환경부사업(F)'!$C:$C,$L$1), SUMIFS('프로젝트(G)'!$I:$I,'프로젝트(G)'!$G:$G,S$2,'프로젝트(G)'!$Q:$Q,$J3,'프로젝트(G)'!$C:$C,$L$1), SUMIFS('협력사 EPC(H)'!$I:$I,'협력사 EPC(H)'!$G:$G,S$2,'협력사 EPC(H)'!$Q:$Q,$J3,'협력사 EPC(H)'!$C:$C,$L$1), SUMIFS('기타(Z)'!$I:$I,'기타(Z)'!$G:$G,S$2,'기타(Z)'!$Q:$Q,$J3,'기타(Z)'!$C:$C,$L$1) )=0, "", SUM( SUMIFS('발전사업(A)'!$I:$I,'발전사업(A)'!$G:$G,S$2,'발전사업(A)'!$Q:$Q,$J3,'발전사업(A)'!$C:$C,$L$1), SUMIFS('자가소비(B)'!$I:$I,'자가소비(B)'!$G:$G,S$2,'자가소비(B)'!$Q:$Q,$J3,'자가소비(B)'!$C:$C,$L$1), SUMIFS('PPA 사업(C)'!$I:$I,'PPA 사업(C)'!$G:$G,S$2,'PPA 사업(C)'!$Q:$Q,$J3,'PPA 사업(C)'!$C:$C,$L$1), SUMIFS('리스사업(D)'!$I:$I,'리스사업(D)'!$G:$G,S$2,'리스사업(D)'!$Q:$Q,$J3,'리스사업(D)'!$C:$C,$L$1), SUMIFS('임대사업(E)'!$I:$I,'임대사업(E)'!$G:$G,S$2,'임대사업(E)'!$Q:$Q,$J3,'임대사업(E)'!$C:$C,$L$1), SUMIFS('환경부사업(F)'!$I:$I,'환경부사업(F)'!$G:$G,S$2,'환경부사업(F)'!$Q:$Q,$J3,'환경부사업(F)'!$C:$C,$L$1), SUMIFS('프로젝트(G)'!$I:$I,'프로젝트(G)'!$G:$G,S$2,'프로젝트(G)'!$Q:$Q,$J3,'프로젝트(G)'!$C:$C,$L$1), SUMIFS('협력사 EPC(H)'!$I:$I,'협력사 EPC(H)'!$G:$G,S$2,'협력사 EPC(H)'!$Q:$Q,$J3,'협력사 EPC(H)'!$C:$C,$L$1), SUMIFS('기타(Z)'!$I:$I,'기타(Z)'!$G:$G,S$2,'기타(Z)'!$Q:$Q,$J3,'기타(Z)'!$C:$C,$L$1) ) ) -> 341.12 | T3: =IF( SUM( COUNTIFS('발전사업(A)'!$G:$G, S$2, '발전사업(A)'!$Q:$Q, $J3, '발전사업(A)'!$C:$C, $L$1), COUNTIFS('자가소비(B)'!$G:$G, S$2, '자가소비(B)'!$Q:$Q, $J3, '자가소비(B)'!$C:$C, $L$1), COUNTIFS('PPA 사업(C)'!$G:$G, S$2, 'PPA 사업(C)'!$Q:$Q, $J3, 'PPA 사업(C)'!$C:$C, $L$1), COUNTIFS('리스사업(D)'!$G:$G, S$2, '리스사업(D)'!$Q:$Q, $J3, '리스사업(D)'!$C:$C, $L$1), COUNTIFS('임대사업(E)'!$G:$G, S$2, '임대사업(E)'!$Q:$Q, $J3, '임대사업(E)'!$C:$C, $L$1), COUNTIFS('환경부사업(F)'!$G:$G, S$2, '환경부사업(F)'!$Q:$Q, $J3, '환경부사업(F)'!$C:$C, $L$1), COUNTIFS('프로젝트(G)'!$G:$G, S$2, '프로젝트(G)'!$Q:$Q, $J3, '프로젝트(G)'!$C:$C, $L$1), COUNTIFS('협력사 EPC(H)'!$G:$G, S$2, '협력사 EPC(H)'!$Q:$Q, $J3, '협력사 EPC(H)'!$C:$C, $L$1), COUNTIFS('기타(Z)'!$G:$G, S$2, '기타(Z)'!$Q:$Q, $J3, '기타(Z)'!$C:$C, $L$1) ) = 0, "", COUNTIFS('발전사업(A)'!$G:$G, S$2, '발전사업(A)'!$Q:$Q, $J3, '발전사업(A)'!$C:$C, $L$1) + COUNTIFS('자가소비(B)'!$G:$G, S$2, '자가소비(B)'!$Q:$Q, $J3, '자가소비(B)'!$C:$C, $L$1) + COUNTIFS('PPA 사업(C)'!$G:$G, S$2, 'PPA 사업(C)'!$Q:$Q, $J3, 'PPA 사업(C)'!$C:$C, $L$1) + COUNTIFS('리스사업(D)'!$G:$G, S$2, '리스사업(D)'!$Q:$Q, $J3, '리스사업(D)'!$C:$C, $L$1) + COUNTIFS('임대사업(E)'!$G:$G, S$2, '임대사업(E)'!$Q:$Q, $J3, '임대사업(E)'!$C:$C, $L$1) + COUNTIFS('환경부사업(F)'!$G:$G, S$2, '환경부사업(F)'!$Q:$Q, $J3, '환경부사업(F)'!$C:$C, $L$1) + COUNTIFS('프로젝트(G)'!$G:$G, S$2, '프로젝트(G)'!$Q:$Q, $J3, '프로젝트(G)'!$C:$C, $L$1) + COUNTIFS('협력사 EPC(H)'!$G:$G, S$2, '협력사 EPC(H)'!$Q:$Q, $J3, '협력사 EPC(H)'!$C:$C, $L$1) + COUNTIFS('기타(Z)'!$G:$G, S$2, '기타(Z)'!$Q:$Q, $J3, '기타(Z)'!$C:$C, $L$1) ) -> 2 | U3: =IF( SUM( SUMIFS('발전사업(A)'!$I:$I,'발전사업(A)'!$G:$G,U$2,'발전사업(A)'!$Q:$Q,$J3,'발전사업(A)'!$C:$C,$L$1), SUMIFS('자가소비(B)'!$I:$I,'자가소비(B)'!$G:$G,U$2,'자가소비(B)'!$Q:$Q,$J3,'자가소비(B)'!$C:$C,$L$1), SUMIFS('PPA 사업(C)'!$I:$I,'PPA 사업(C)'!$G:$G,U$2,'PPA 사업(C)'!$Q:$Q,$J3,'PPA 사업(C)'!$C:$C,$L$1), SUMIFS('리스사업(D)'!$I:$I,'리스사업(D)'!$G:$G,U$2,'리스사업(D)'!$Q:$Q,$J3,'리스사업(D)'!$C:$C,$L$1), SUMIFS('임대사업(E)'!$I:$I,'임대사업(E)'!$G:$G,U$2,'임대사업(E)'!$Q:$Q,$J3,'임대사업(E)'!$C:$C,$L$1), SUMIFS('환경부사업(F)'!$I:$I,'환경부사업(F)'!$G:$G,U$2,'환경부사업(F)'!$Q:$Q,$J3,'환경부사업(F)'!$C:$C,$L$1), SUMIFS('프로젝트(G)'!$I:$I,'프로젝트(G)'!$G:$G,U$2,'프로젝트(G)'!$Q:$Q,$J3,'프로젝트(G)'!$C:$C,$L$1), SUMIFS('협력사 EPC(H)'!$I:$I,'협력사 EPC(H)'!$G:$G,U$2,'협력사 EPC(H)'!$Q:$Q,$J3,'협력사 EPC(H)'!$C:$C,$L$1), SUMIFS('기타(Z)'!$I:$I,'기타(Z)'!$G:$G,U$2,'기타(Z)'!$Q:$Q,$J3,'기타(Z)'!$C:$C,$L$1) )=0, "", SUM( SUMIFS('발전사업(A)'!$I:$I,'발전사업(A)'!$G:$G,U$2,'발전사업(A)'!$Q:$Q,$J3,'발전사업(A)'!$C:$C,$L$1), SUMIFS('자가소비(B)'!$I:$I,'자가소비(B)'!$G:$G,U$2,'자가소비(B)'!$Q:$Q,$J3,'자가소비(B)'!$C:$C,$L$1), SUMIFS('PPA 사업(C)'!$I:$I,'PPA 사업(C)'!$G:$G,U$2,'PPA 사업(C)'!$Q:$Q,$J3,'PPA 사업(C)'!$C:$C,$L$1), SUMIFS('리스사업(D)'!$I:$I,'리스사업(D)'!$G:$G,U$2,'리스사업(D)'!$Q:$Q,$J3,'리스사업(D)'!$C:$C,$L$1), SUMIFS('임대사업(E)'!$I:$I,'임대사업(E)'!$G:$G,U$2,'임대사업(E)'!$Q:$Q,$J3,'임대사업(E)'!$C:$C,$L$1), SUMIFS('환경부사업(F)'!$I:$I,'환경부사업(F)'!$G:$G,U$2,'환경부사업(F)'!$Q:$Q,$J3,'환경부사업(F)'!$C:$C,$L$1), SUMIFS('프로젝트(G)'!$I:$I,'프로젝트(G)'!$G:$G,U$2,'프로젝트(G)'!$Q:$Q,$J3,'프로젝트(G)'!$C:$C,$L$1), SUMIFS('협력사 EPC(H)'!$I:$I,'협력사 EPC(H)'!$G:$G,U$2,'협력사 EPC(H)'!$Q:$Q,$J3,'협력사 EPC(H)'!$C:$C,$L$1), SUMIFS('기타(Z)'!$I:$I,'기타(Z)'!$G:$G,U$2,'기타(Z)'!$Q:$Q,$J3,'기타(Z)'!$C:$C,$L$1) ) ) -> 2144 | V3: =IF( SUM( COUNTIFS('발전사업(A)'!$G:$G, U$2, '발전사업(A)'!$Q:$Q, $J3, '발전사업(A)'!$C:$C, $L$1), COUNTIFS('자가소비(B)'!$G:$G, U$2, '자가소비(B)'!$Q:$Q, $J3, '자가소비(B)'!$C:$C, $L$1), COUNTIFS('PPA 사업(C)'!$G:$G, U$2, 'PPA 사업(C)'!$Q:$Q, $J3, 'PPA 사업(C)'!$C:$C, $L$1), COUNTIFS('리스사업(D)'!$G:$G, U$2, '리스사업(D)'!$Q:$Q, $J3, '리스사업(D)'!$C:$C, $L$1), COUNTIFS('임대사업(E)'!$G:$G, U$2, '임대사업(E)'!$Q:$Q, $J3, '임대사업(E)'!$C:$C, $L$1), COUNTIFS('환경부사업(F)'!$G:$G, U$2, '환경부사업(F)'!$Q:$Q, $J3, '환경부사업(F)'!$C:$C, $L$1), COUNTIFS('프로젝트(G)'!$G:$G, U$2, '프로젝트(G)'!$Q:$Q, $J3, '프로젝트(G)'!$C:$C, $L$1), COUNTIFS('협력사 EPC(H)'!$G:$G, U$2, '협력사 EPC(H)'!$Q:$Q, $J3, '협력사 EPC(H)'!$C:$C, $L$1), COUNTIFS('기타(Z)'!$G:$G, U$2, '기타(Z)'!$Q:$Q, $J3, '기타(Z)'!$C:$C, $L$1) ) = 0, "", COUNTIFS('발전사업(A)'!$G:$G, U$2, '발전사업(A)'!$Q:$Q, $J3, '발전사업(A)'!$C:$C, $L$1) + COUNTIFS('자가소비(B)'!$G:$G, U$2, '자가소비(B)'!$Q:$Q, $J3, '자가소비(B)'!$C:$C, $L$1) + COUNTIFS('PPA 사업(C)'!$G:$G, U$2, 'PPA 사업(C)'!$Q:$Q, $J3, 'PPA 사업(C)'!$C:$C, $L$1) + COUNTIFS('리스사업(D)'!$G:$G, U$2, '리스사업(D)'!$Q:$Q, $J3, '리스사업(D)'!$C:$C, $L$1) + COUNTIFS('임대사업(E)'!$G:$G, U$2, '임대사업(E)'!$Q:$Q, $J3, '임대사업(E)'!$C:$C, $L$1) + COUNTIFS('환경부사업(F)'!$G:$G, U$2, '환경부사업(F)'!$Q:$Q, $J3, '환경부사업(F)'!$C:$C, $L$1) + COUNTIFS('프로젝트(G)'!$G:$G, U$2, '프로젝트(G)'!$Q:$Q, $J3, '프로젝트(G)'!$C:$C, $L$1) + COUNTIFS('협력사 EPC(H)'!$G:$G, U$2, '협력사 EPC(H)'!$Q:$Q, $J3, '협력사 EPC(H)'!$C:$C, $L$1) + COUNTIFS('기타(Z)'!$G:$G, U$2, '기타(Z)'!$Q:$Q, $J3, '기타(Z)'!$C:$C, $L$1) ) -> 7 | W3: =IF( SUM( SUMIFS('발전사업(A)'!$I:$I,'발전사업(A)'!$G:$G,W$2,'발전사업(A)'!$Q:$Q,$J3,'발전사업(A)'!$C:$C,$L$1), SUMIFS('자가소비(B)'!$I:$I,'자가소비(B)'!$G:$G,W$2,'자가소비(B)'!$Q:$Q,$J3,'자가소비(B)'!$C:$C,$L$1), SUMIFS('PPA 사업(C)'!$I:$I,'PPA 사업(C)'!$G:$G,W$2,'PPA 사업(C)'!$Q:$Q,$J3,'PPA 사업(C)'!$C:$C,$L$1), SUMIFS('리스사업(D)'!$I:$I,'리스사업(D)'!$G:$G,W$2,'리스사업(D)'!$Q:$Q,$J3,'리스사업(D)'!$C:$C,$L$1), SUMIFS('임대사업(E)'!$I:$I,'임대사업(E)'!$G:$G,W$2,'임대사업(E)'!$Q:$Q,$J3,'임대사업(E)'!$C:$C,$L$1), SUMIFS('환경부사업(F)'!$I:$I,'환경부사업(F)'!$G:$G,W$2,'환경부사업(F)'!$Q:$Q,$J3,'환경부사업(F)'!$C:$C,$L$1), SUMIFS('프로젝트(G)'!$I:$I,'프로젝트(G)'!$G:$G,W$2,'프로젝트(G)'!$Q:$Q,$J3,'프로젝트(G)'!$C:$C,$L$1), SUMIFS('협력사 EPC(H)'!$I:$I,'협력사 EPC(H)'!$G:$G,W$2,'협력사 EPC(H)'!$Q:$Q,$J3,'협력사 EPC(H)'!$C:$C,$L$1), SUMIFS('기타(Z)'!$I:$I,'기타(Z)'!$G:$G,W$2,'기타(Z)'!$Q:$Q,$J3,'기타(Z)'!$C:$C,$L$1) )=0, "", SUM( SUMIFS('발전사업(A)'!$I:$I,'발전사업(A)'!$G:$G,W$2,'발전사업(A)'!$Q:$Q,$J3,'발전사업(A)'!$C:$C,$L$1), SUMIFS('자가소비(B)'!$I:$I,'자가소비(B)'!$G:$G,W$2,'자가소비(B)'!$Q:$Q,$J3,'자가소비(B)'!$C:$C,$L$1), SUMIFS('PPA 사업(C)'!$I:$I,'PPA 사업(C)'!$G:$G,W$2,'PPA 사업(C)'!$Q:$Q,$J3,'PPA 사업(C)'!$C:$C,$L$1), SUMIFS('리스사업(D)'!$I:$I,'리스사업(D)'!$G:$G,W$2,'리스사업(D)'!$Q:$Q,$J3,'리스사업(D)'!$C:$C,$L$1), SUMIFS('임대사업(E)'!$I:$I,'임대사업(E)'!$G:$G,W$2,'임대사업(E)'!$Q:$Q,$J3,'임대사업(E)'!$C:$C,$L$1), SUMIFS('환경부사업(F)'!$I:$I,'환경부사업(F)'!$G:$G,W$2,'환경부사업(F)'!$Q:$Q,$J3,'환경부사업(F)'!$C:$C,$L$1), SUMIFS('프로젝트(G)'!$I:$I,'프로젝트(G)'!$G:$G,W$2,'프로젝트(G)'!$Q:$Q,$J3,'프로젝트(G)'!$C:$C,$L$1), SUMIFS('협력사 EPC(H)'!$I:$I,'협력사 EPC(H)'!$G:$G,W$2,'협력사 EPC(H)'!$Q:$Q,$J3,'협력사 EPC(H)'!$C:$C,$L$1), SUMIFS('기타(Z)'!$I:$I,'기타(Z)'!$G:$G,W$2,'기타(Z)'!$Q:$Q,$J3,'기타(Z)'!$C:$C,$L$1) ) ) -> 1667.84 | X3: =IF( SUM( COUNTIFS('발전사업(A)'!$G:$G,W$2,'발전사업(A)'!$Q:$Q,$J3), COUNTIFS('자가소비(B)'!$G:$G,W$2,'자가소비(B)'!$Q:$Q,$J3), COUNTIFS('PPA 사업(C)'!$G:$G,W$2,'PPA 사업(C)'!$Q:$Q,$J3), COUNTIFS('리스사업(D)'!$G:$G,W$2,'리스사업(D)'!$Q:$Q,$J3), COUNTIFS('임대사업(E)'!$G:$G,W$2,'임대사업(E)'!$Q:$Q,$J3), COUNTIFS('환경부사업(F)'!$G:$G,W$2,'환경부사업(F)'!$Q:$Q,$J3), COUNTIFS('프로젝트(G)'!$G:$G,W$2,'프로젝트(G)'!$Q:$Q,$J3), COUNTIFS('협력사 EPC(H)'!$G:$G,W$2,'협력사 EPC(H)'!$Q:$Q,$J3), COUNTIFS('기타(Z)'!$G:$G,W$2,'기타(Z)'!$Q:$Q,$J3) )=0, "", COUNTIFS('발전사업(A)'!$G:$G,W$2,'발전사업(A)'!$Q:$Q,$J3) +COUNTIFS('자가소비(B)'!$G:$G,W$2,'자가소비(B)'!$Q:$Q,$J3) +COUNTIFS('PPA 사업(C)'!$G:$G,W$2,'PPA 사업(C)'!$Q:$Q,$J3) +COUNTIFS('리스사업(D)'!$G:$G,W$2,'리스사업(D)'!$Q:$Q,$J3) +COUNTIFS('임대사업(E)'!$G:$G,W$2,'임대사업(E)'!$Q:$Q,$J3) +COUNTIFS('환경부사업(F)'!$G:$G,W$2,'환경부사업(F)'!$Q:$Q,$J3) +COUNTIFS('프로젝트(G)'!$G:$G,W$2,'프로젝트(G)'!$Q:$Q,$J3) +COUNTIFS('협력사 EPC(H)'!$G:$G,W$2,'협력사 EPC(H)'!$Q:$Q,$J3) +COUNTIFS('기타(Z)'!$G:$G,W$2,'기타(Z)'!$Q:$Q,$J3) ) -> 7 | Y3: =IF( SUM( SUMIFS('발전사업(A)'!$I:$I,'발전사업(A)'!$G:$G,Y$2,'발전사업(A)'!$Q:$Q,$J3,'발전사업(A)'!$C:$C,$L$1), SUMIFS('자가소비(B)'!$I:$I,'자가소비(B)'!$G:$G,Y$2,'자가소비(B)'!$Q:$Q,$J3,'자가소비(B)'!$C:$C,$L$1), SUMIFS('PPA 사업(C)'!$I:$I,'PPA 사업(C)'!$G:$G,Y$2,'PPA 사업(C)'!$Q:$Q,$J3,'PPA 사업(C)'!$C:$C,$L$1), SUMIFS('리스사업(D)'!$I:$I,'리스사업(D)'!$G:$G,Y$2,'리스사업(D)'!$Q:$Q,$J3,'리스사업(D)'!$C:$C,$L$1), SUMIFS('임대사업(E)'!$I:$I,'임대사업(E)'!$G:$G,Y$2,'임대사업(E)'!$Q:$Q,$J3,'임대사업(E)'!$C:$C,$L$1), SUMIFS('환경부사업(F)'!$I:$I,'환경부사업(F)'!$G:$G,Y$2,'환경부사업(F)'!$Q:$Q,$J3,'환경부사업(F)'!$C:$C,$L$1), SUMIFS('프로젝트(G)'!$I:$I,'프로젝트(G)'!$G:$G,Y$2,'프로젝트(G)'!$Q:$Q,$J3,'프로젝트(G)'!$C:$C,$L$1), SUMIFS('협력사 EPC(H)'!$I:$I,'협력사 EPC(H)'!$G:$G,Y$2,'협력사 EPC(H)'!$Q:$Q,$J3,'협력사 EPC(H)'!$C:$C,$L$1), SUMIFS('기타(Z)'!$I:$I,'기타(Z)'!$G:$G,Y$2,'기타(Z)'!$Q:$Q,$J3,'기타(Z)'!$C:$C,$L$1) )=0, "", SUM( SUMIFS('발전사업(A)'!$I:$I,'발전사업(A)'!$G:$G,Y$2,'발전사업(A)'!$Q:$Q,$J3,'발전사업(A)'!$C:$C,$L$1), SUMIFS('자가소비(B)'!$I:$I,'자가소비(B)'!$G:$G,Y$2,'자가소비(B)'!$Q:$Q,$J3,'자가소비(B)'!$C:$C,$L$1), SUMIFS('PPA 사업(C)'!$I:$I,'PPA 사업(C)'!$G:$G,Y$2,'PPA 사업(C)'!$Q:$Q,$J3,'PPA 사업(C)'!$C:$C,$L$1), SUMIFS('리스사업(D)'!$I:$I,'리스사업(D)'!$G:$G,Y$2,'리스사업(D)'!$Q:$Q,$J3,'리스사업(D)'!$C:$C,$L$1), SUMIFS('임대사업(E)'!$I:$I,'임대사업(E)'!$G:$G,Y$2,'임대사업(E)'!$Q:$Q,$J3,'임대사업(E)'!$C:$C,$L$1), SUMIFS('환경부사업(F)'!$I:$I,'환경부사업(F)'!$G:$G,Y$2,'환경부사업(F)'!$Q:$Q,$J3,'환경부사업(F)'!$C:$C,$L$1), SUMIFS('프로젝트(G)'!$I:$I,'프로젝트(G)'!$G:$G,Y$2,'프로젝트(G)'!$Q:$Q,$J3,'프로젝트(G)'!$C:$C,$L$1), SUMIFS('협력사 EPC(H)'!$I:$I,'협력사 EPC(H)'!$G:$G,Y$2,'협력사 EPC(H)'!$Q:$Q,$J3,'협력사 EPC(H)'!$C:$C,$L$1), SUMIFS('기타(Z)'!$I:$I,'기타(Z)'!$G:$G,Y$2,'기타(Z)'!$Q:$Q,$J3,'기타(Z)'!$C:$C,$L$1) ) ) -> 927.36 | Z3: =IF( SUM( COUNTIFS('발전사업(A)'!$G:$G, Y$2, '발전사업(A)'!$Q:$Q, $J3, '발전사업(A)'!$C:$C, $L$1), COUNTIFS('자가소비(B)'!$G:$G, Y$2, '자가소비(B)'!$Q:$Q, $J3, '자가소비(B)'!$C:$C, $L$1), COUNTIFS('PPA 사업(C)'!$G:$G, Y$2, 'PPA 사업(C)'!$Q:$Q, $J3, 'PPA 사업(C)'!$C:$C, $L$1), COUNTIFS('리스사업(D)'!$G:$G, Y$2, '리스사업(D)'!$Q:$Q, $J3, '리스사업(D)'!$C:$C, $L$1), COUNTIFS('임대사업(E)'!$G:$G, Y$2, '임대사업(E)'!$Q:$Q, $J3, '임대사업(E)'!$C:$C, $L$1), COUNTIFS('환경부사업(F)'!$G:$G, Y$2, '환경부사업(F)'!$Q:$Q, $J3, '환경부사업(F)'!$C:$C, $L$1), COUNTIFS('프로젝트(G)'!$G:$G, Y$2, '프로젝트(G)'!$Q:$Q, $J3, '프로젝트(G)'!$C:$C, $L$1), COUNTIFS('협력사 EPC(H)'!$G:$G, Y$2, '협력사 EPC(H)'!$Q:$Q, $J3, '협력사 EPC(H)'!$C:$C, $L$1), COUNTIFS('기타(Z)'!$G:$G, Y$2, '기타(Z)'!$Q:$Q, $J3, '기타(Z)'!$C:$C, $L$1) ) = 0, "", COUNTIFS('발전사업(A)'!$G:$G, Y$2, '발전사업(A)'!$Q:$Q, $J3, '발전사업(A)'!$C:$C, $L$1) + COUNTIFS('자가소비(B)'!$G:$G, Y$2, '자가소비(B)'!$Q:$Q, $J3, '자가소비(B)'!$C:$C, $L$1) + COUNTIFS('PPA 사업(C)'!$G:$G, Y$2, 'PPA 사업(C)'!$Q:$Q, $J3, 'PPA 사업(C)'!$C:$C, $L$1) + COUNTIFS('리스사업(D)'!$G:$G, Y$2, '리스사업(D)'!$Q:$Q, $J3, '리스사업(D)'!$C:$C, $L$1) + COUNTIFS('임대사업(E)'!$G:$G, Y$2, '임대사업(E)'!$Q:$Q, $J3, '임대사업(E)'!$C:$C, $L$1) + COUNTIFS('환경부사업(F)'!$G:$G, Y$2, '환경부사업(F)'!$Q:$Q, $J3, '환경부사업(F)'!$C:$C, $L$1) + COUNTIFS('프로젝트(G)'!$G:$G, Y$2, '프로젝트(G)'!$Q:$Q, $J3, '프로젝트(G)'!$C:$C, $L$1) + COUNTIFS('협력사 EPC(H)'!$G:$G, Y$2, '협력사 EPC(H)'!$Q:$Q, $J3, '협력사 EPC(H)'!$C:$C, $L$1) + COUNTIFS('기타(Z)'!$G:$G, Y$2, '기타(Z)'!$Q:$Q, $J3, '기타(Z)'!$C:$C, $L$1) ) -> 3 | AA3: =IF( SUM( SUMIFS('발전사업(A)'!$I:$I,'발전사업(A)'!$G:$G,AA$2,'발전사업(A)'!$Q:$Q,$J3,'발전사업(A)'!$C:$C,$L$1), SUMIFS('자가소비(B)'!$I:$I,'자가소비(B)'!$G:$G,AA$2,'자가소비(B)'!$Q:$Q,$J3,'자가소비(B)'!$C:$C,$L$1), SUMIFS('PPA 사업(C)'!$I:$I,'PPA 사업(C)'!$G:$G,AA$2,'PPA 사업(C)'!$Q:$Q,$J3,'PPA 사업(C)'!$C:$C,$L$1), SUMIFS('리스사업(D)'!$I:$I,'리스사업(D)'!$G:$G,AA$2,'리스사업(D)'!$Q:$Q,$J3,'리스사업(D)'!$C:$C,$L$1), SUMIFS('임대사업(E)'!$I:$I,'임대사업(E)'!$G:$G,AA$2,'임대사업(E)'!$Q:$Q,$J3,'임대사업(E)'!$C:$C,$L$1), SUMIFS('환경부사업(F)'!$I:$I,'환경부사업(F)'!$G:$G,AA$2,'환경부사업(F)'!$Q:$Q,$J3,'환경부사업(F)'!$C:$C,$L$1), SUMIFS('프로젝트(G)'!$I:$I,'프로젝트(G)'!$G:$G,AA$2,'프로젝트(G)'!$Q:$Q,$J3,'프로젝트(G)'!$C:$C,$L$1), SUMIFS('협력사 EPC(H)'!$I:$I,'협력사 EPC(H)'!$G:$G,AA$2,'협력사 EPC(H)'!$Q:$Q,$J3,'협력사 EPC(H)'!$C:$C,$L$1), SUMIFS('기타(Z)'!$I:$I,'기타(Z)'!$G:$G,AA$2,'기타(Z)'!$Q:$Q,$J3,'기타(Z)'!$C:$C,$L$1) )=0, "", SUM( SUMIFS('발전사업(A)'!$I:$I,'발전사업(A)'!$G:$G,AA$2,'발전사업(A)'!$Q:$Q,$J3,'발전사업(A)'!$C:$C,$L$1), SUMIFS('자가소비(B)'!$I:$I,'자가소비(B)'!$G:$G,AA$2,'자가소비(B)'!$Q:$Q,$J3,'자가소비(B)'!$C:$C,$L$1), SUMIFS('PPA 사업(C)'!$I:$I,'PPA 사업(C)'!$G:$G,AA$2,'PPA 사업(C)'!$Q:$Q,$J3,'PPA 사업(C)'!$C:$C,$L$1), SUMIFS('리스사업(D)'!$I:$I,'리스사업(D)'!$G:$G,AA$2,'리스사업(D)'!$Q:$Q,$J3,'리스사업(D)'!$C:$C,$L$1), SUMIFS('임대사업(E)'!$I:$I,'임대사업(E)'!$G:$G,AA$2,'임대사업(E)'!$Q:$Q,$J3,'임대사업(E)'!$C:$C,$L$1), SUMIFS('환경부사업(F)'!$I:$I,'환경부사업(F)'!$G:$G,AA$2,'환경부사업(F)'!$Q:$Q,$J3,'환경부사업(F)'!$C:$C,$L$1), SUMIFS('프로젝트(G)'!$I:$I,'프로젝트(G)'!$G:$G,AA$2,'프로젝트(G)'!$Q:$Q,$J3,'프로젝트(G)'!$C:$C,$L$1), SUMIFS('협력사 EPC(H)'!$I:$I,'협력사 EPC(H)'!$G:$G,AA$2,'협력사 EPC(H)'!$Q:$Q,$J3,'협력사 EPC(H)'!$C:$C,$L$1), SUMIFS('기타(Z)'!$I:$I,'기타(Z)'!$G:$G,AA$2,'기타(Z)'!$Q:$Q,$J3,'기타(Z)'!$C:$C,$L$1) ) ) -> 377.335 | AB3: =IF( SUM( COUNTIFS('발전사업(A)'!$G:$G, AA$2, '발전사업(A)'!$Q:$Q, $J3, '발전사업(A)'!$C:$C, $L$1), COUNTIFS('자가소비(B)'!$G:$G, AA$2, '자가소비(B)'!$Q:$Q, $J3, '자가소비(B)'!$C:$C, $L$1), COUNTIFS('PPA 사업(C)'!$G:$G, AA$2, 'PPA 사업(C)'!$Q:$Q, $J3, 'PPA 사업(C)'!$C:$C, $L$1), COUNTIFS('리스사업(D)'!$G:$G, AA$2, '리스사업(D)'!$Q:$Q, $J3, '리스사업(D)'!$C:$C, $L$1), COUNTIFS('임대사업(E)'!$G:$G, AA$2, '임대사업(E)'!$Q:$Q, $J3, '임대사업(E)'!$C:$C, $L$1), COUNTIFS('환경부사업(F)'!$G:$G, AA$2, '환경부사업(F)'!$Q:$Q, $J3, '환경부사업(F)'!$C:$C, $L$1), COUNTIFS('프로젝트(G)'!$G:$G, AA$2, '프로젝트(G)'!$Q:$Q, $J3, '프로젝트(G)'!$C:$C, $L$1), COUNTIFS('협력사 EPC(H)'!$G:$G, AA$2, '협력사 EPC(H)'!$Q:$Q, $J3, '협력사 EPC(H)'!$C:$C, $L$1), COUNTIFS('기타(Z)'!$G:$G, AA$2, '기타(Z)'!$Q:$Q, $J3, '기타(Z)'!$C:$C, $L$1) ) = 0, "", COUNTIFS('발전사업(A)'!$G:$G, AA$2, '발전사업(A)'!$Q:$Q, $J3, '발전사업(A)'!$C:$C, $L$1) + COUNTIFS('자가소비(B)'!$G:$G, AA$2, '자가소비(B)'!$Q:$Q, $J3, '자가소비(B)'!$C:$C, $L$1) + COUNTIFS('PPA 사업(C)'!$G:$G, AA$2, 'PPA 사업(C)'!$Q:$Q, $J3, 'PPA 사업(C)'!$C:$C, $L$1) + COUNTIFS('리스사업(D)'!$G:$G, AA$2, '리스사업(D)'!$Q:$Q, $J3, '리스사업(D)'!$C:$C, $L$1) + COUNTIFS('임대사업(E)'!$G:$G, AA$2, '임대사업(E)'!$Q:$Q, $J3, '임대사업(E)'!$C:$C, $L$1) + COUNTIFS('환경부사업(F)'!$G:$G, AA$2, '환경부사업(F)'!$Q:$Q, $J3, '환경부사업(F)'!$C:$C, $L$1) + COUNTIFS('프로젝트(G)'!$G:$G, AA$2, '프로젝트(G)'!$Q:$Q, $J3, '프로젝트(G)'!$C:$C, $L$1) + COUNTIFS('협력사 EPC(H)'!$G:$G, AA$2, '협력사 EPC(H)'!$Q:$Q, $J3, '협력사 EPC(H)'!$C:$C, $L$1) + COUNTIFS('기타(Z)'!$G:$G, AA$2, '기타(Z)'!$Q:$Q, $J3, '기타(Z)'!$C:$C, $L$1) ) -> 3 | AC3: =IF( SUM( SUMIFS('발전사업(A)'!$I:$I,'발전사업(A)'!$G:$G,AC$2,'발전사업(A)'!$Q:$Q,$J3,'발전사업(A)'!$C:$C,$L$1), SUMIFS('자가소비(B)'!$I:$I,'자가소비(B)'!$G:$G,AC$2,'자가소비(B)'!$Q:$Q,$J3,'자가소비(B)'!$C:$C,$L$1), SUMIFS('PPA 사업(C)'!$I:$I,'PPA 사업(C)'!$G:$G,AC$2,'PPA 사업(C)'!$Q:$Q,$J3,'PPA 사업(C)'!$C:$C,$L$1), SUMIFS('리스사업(D)'!$I:$I,'리스사업(D)'!$G:$G,AC$2,'리스사업(D)'!$Q:$Q,$J3,'리스사업(D)'!$C:$C,$L$1), SUMIFS('임대사업(E)'!$I:$I,'임대사업(E)'!$G:$G,AC$2,'임대사업(E)'!$Q:$Q,$J3,'임대사업(E)'!$C:$C,$L$1), SUMIFS('환경부사업(F)'!$I:$I,'환경부사업(F)'!$G:$G,AC$2,'환경부사업(F)'!$Q:$Q,$J3,'환경부사업(F)'!$C:$C,$L$1), SUMIFS('프로젝트(G)'!$I:$I,'프로젝트(G)'!$G:$G,AC$2,'프로젝트(G)'!$Q:$Q,$J3,'프로젝트(G)'!$C:$C,$L$1), SUMIFS('협력사 EPC(H)'!$I:$I,'협력사 EPC(H)'!$G:$G,AC$2,'협력사 EPC(H)'!$Q:$Q,$J3,'협력사 EPC(H)'!$C:$C,$L$1), SUMIFS('기타(Z)'!$I:$I,'기타(Z)'!$G:$G,AC$2,'기타(Z)'!$Q:$Q,$J3,'기타(Z)'!$C:$C,$L$1) )=0, "", SUM( SUMIFS('발전사업(A)'!$I:$I,'발전사업(A)'!$G:$G,AC$2,'발전사업(A)'!$Q:$Q,$J3,'발전사업(A)'!$C:$C,$L$1), SUMIFS('자가소비(B)'!$I:$I,'자가소비(B)'!$G:$G,AC$2,'자가소비(B)'!$Q:$Q,$J3,'자가소비(B)'!$C:$C,$L$1), SUMIFS('PPA 사업(C)'!$I:$I,'PPA 사업(C)'!$G:$G,AC$2,'PPA 사업(C)'!$Q:$Q,$J3,'PPA 사업(C)'!$C:$C,$L$1), SUMIFS('리스사업(D)'!$I:$I,'리스사업(D)'!$G:$G,AC$2,'리스사업(D)'!$Q:$Q,$J3,'리스사업(D)'!$C:$C,$L$1), SUMIFS('임대사업(E)'!$I:$I,'임대사업(E)'!$G:$G,AC$2,'임대사업(E)'!$Q:$Q,$J3,'임대사업(E)'!$C:$C,$L$1), SUMIFS('환경부사업(F)'!$I:$I,'환경부사업(F)'!$G:$G,AC$2,'환경부사업(F)'!$Q:$Q,$J3,'환경부사업(F)'!$C:$C,$L$1), SUMIFS('프로젝트(G)'!$I:$I,'프로젝트(G)'!$G:$G,AC$2,'프로젝트(G)'!$Q:$Q,$J3,'프로젝트(G)'!$C:$C,$L$1), SUMIFS('협력사 EPC(H)'!$I:$I,'협력사 EPC(H)'!$G:$G,AC$2,'협력사 EPC(H)'!$Q:$Q,$J3,'협력사 EPC(H)'!$C:$C,$L$1), SUMIFS('기타(Z)'!$I:$I,'기타(Z)'!$G:$G,AC$2,'기타(Z)'!$Q:$Q,$J3,'기타(Z)'!$C:$C,$L$1) ) ) -> 1178.24 | AD3: =IF( SUM( COUNTIFS('발전사업(A)'!$G:$G, AC$2, '발전사업(A)'!$Q:$Q, $J3, '발전사업(A)'!$C:$C, $L$1), COUNTIFS('자가소비(B)'!$G:$G, AC$2, '자가소비(B)'!$Q:$Q, $J3, '자가소비(B)'!$C:$C, $L$1), COUNTIFS('PPA 사업(C)'!$G:$G, AC$2, 'PPA 사업(C)'!$Q:$Q, $J3, 'PPA 사업(C)'!$C:$C, $L$1), COUNTIFS('리스사업(D)'!$G:$G, AC$2, '리스사업(D)'!$Q:$Q, $J3, '리스사업(D)'!$C:$C, $L$1), COUNTIFS('임대사업(E)'!$G:$G, AC$2, '임대사업(E)'!$Q:$Q, $J3, '임대사업(E)'!$C:$C, $L$1), COUNTIFS('환경부사업(F)'!$G:$G, AC$2, '환경부사업(F)'!$Q:$Q, $J3, '환경부사업(F)'!$C:$C, $L$1), COUNTIFS('프로젝트(G)'!$G:$G, AC$2, '프로젝트(G)'!$Q:$Q, $J3, '프로젝트(G)'!$C:$C, $L$1), COUNTIFS('협력사 EPC(H)'!$G:$G, AC$2, '협력사 EPC(H)'!$Q:$Q, $J3, '협력사 EPC(H)'!$C:$C, $L$1), COUNTIFS('기타(Z)'!$G:$G, AC$2, '기타(Z)'!$Q:$Q, $J3, '기타(Z)'!$C:$C, $L$1) ) = 0, "", COUNTIFS('발전사업(A)'!$G:$G, AC$2, '발전사업(A)'!$Q:$Q, $J3, '발전사업(A)'!$C:$C, $L$1) + COUNTIFS('자가소비(B)'!$G:$G, AC$2, '자가소비(B)'!$Q:$Q, $J3, '자가소비(B)'!$C:$C, $L$1) + COUNTIFS('PPA 사업(C)'!$G:$G, AC$2, 'PPA 사업(C)'!$Q:$Q, $J3, 'PPA 사업(C)'!$C:$C, $L$1) + COUNTIFS('리스사업(D)'!$G:$G, AC$2, '리스사업(D)'!$Q:$Q, $J3, '리스사업(D)'!$C:$C, $L$1) + COUNTIFS('임대사업(E)'!$G:$G, AC$2, '임대사업(E)'!$Q:$Q, $J3, '임대사업(E)'!$C:$C, $L$1) + COUNTIFS('환경부사업(F)'!$G:$G, AC$2, '환경부사업(F)'!$Q:$Q, $J3, '환경부사업(F)'!$C:$C, $L$1) + COUNTIFS('프로젝트(G)'!$G:$G, AC$2, '프로젝트(G)'!$Q:$Q, $J3, '프로젝트(G)'!$C:$C, $L$1) + COUNTIFS('협력사 EPC(H)'!$G:$G, AC$2, '협력사 EPC(H)'!$Q:$Q, $J3, '협력사 EPC(H)'!$C:$C, $L$1) + COUNTIFS('기타(Z)'!$G:$G, AC$2, '기타(Z)'!$Q:$Q, $J3, '기타(Z)'!$C:$C, $L$1) ) -> 7 | AE3: =IF( SUM( SUMIFS('발전사업(A)'!$I:$I,'발전사업(A)'!$G:$G,AE$2,'발전사업(A)'!$Q:$Q,$J3,'발전사업(A)'!$C:$C,$L$1), SUMIFS('자가소비(B)'!$I:$I,'자가소비(B)'!$G:$G,AE$2,'자가소비(B)'!$Q:$Q,$J3,'자가소비(B)'!$C:$C,$L$1), SUMIFS('PPA 사업(C)'!$I:$I,'PPA 사업(C)'!$G:$G,AE$2,'PPA 사업(C)'!$Q:$Q,$J3,'PPA 사업(C)'!$C:$C,$L$1), SUMIFS('리스사업(D)'!$I:$I,'리스사업(D)'!$G:$G,AE$2,'리스사업(D)'!$Q:$Q,$J3,'리스사업(D)'!$C:$C,$L$1), SUMIFS('임대사업(E)'!$I:$I,'임대사업(E)'!$G:$G,AE$2,'임대사업(E)'!$Q:$Q,$J3,'임대사업(E)'!$C:$C,$L$1), SUMIFS('환경부사업(F)'!$I:$I,'환경부사업(F)'!$G:$G,AE$2,'환경부사업(F)'!$Q:$Q,$J3,'환경부사업(F)'!$C:$C,$L$1), SUMIFS('프로젝트(G)'!$I:$I,'프로젝트(G)'!$G:$G,AE$2,'프로젝트(G)'!$Q:$Q,$J3,'프로젝트(G)'!$C:$C,$L$1), SUMIFS('협력사 EPC(H)'!$I:$I,'협력사 EPC(H)'!$G:$G,AE$2,'협력사 EPC(H)'!$Q:$Q,$J3,'협력사 EPC(H)'!$C:$C,$L$1), SUMIFS('기타(Z)'!$I:$I,'기타(Z)'!$G:$G,AE$2,'기타(Z)'!$Q:$Q,$J3,'기타(Z)'!$C:$C,$L$1) )=0, "", SUM( SUMIFS('발전사업(A)'!$I:$I,'발전사업(A)'!$G:$G,AE$2,'발전사업(A)'!$Q:$Q,$J3,'발전사업(A)'!$C:$C,$L$1), SUMIFS('자가소비(B)'!$I:$I,'자가소비(B)'!$G:$G,AE$2,'자가소비(B)'!$Q:$Q,$J3,'자가소비(B)'!$C:$C,$L$1), SUMIFS('PPA 사업(C)'!$I:$I,'PPA 사업(C)'!$G:$G,AE$2,'PPA 사업(C)'!$Q:$Q,$J3,'PPA 사업(C)'!$C:$C,$L$1), SUMIFS('리스사업(D)'!$I:$I,'리스사업(D)'!$G:$G,AE$2,'리스사업(D)'!$Q:$Q,$J3,'리스사업(D)'!$C:$C,$L$1), SUMIFS('임대사업(E)'!$I:$I,'임대사업(E)'!$G:$G,AE$2,'임대사업(E)'!$Q:$Q,$J3,'임대사업(E)'!$C:$C,$L$1), SUMIFS('환경부사업(F)'!$I:$I,'환경부사업(F)'!$G:$G,AE$2,'환경부사업(F)'!$Q:$Q,$J3,'환경부사업(F)'!$C:$C,$L$1), SUMIFS('프로젝트(G)'!$I:$I,'프로젝트(G)'!$G:$G,AE$2,'프로젝트(G)'!$Q:$Q,$J3,'프로젝트(G)'!$C:$C,$L$1), SUMIFS('협력사 EPC(H)'!$I:$I,'협력사 EPC(H)'!$G:$G,AE$2,'협력사 EPC(H)'!$Q:$Q,$J3,'협력사 EPC(H)'!$C:$C,$L$1), SUMIFS('기타(Z)'!$I:$I,'기타(Z)'!$G:$G,AE$2,'기타(Z)'!$Q:$Q,$J3,'기타(Z)'!$C:$C,$L$1) ) ) -> 767.36 | AF3: =IF( SUM( COUNTIFS('발전사업(A)'!$G:$G, AE$2, '발전사업(A)'!$Q:$Q, $J3, '발전사업(A)'!$C:$C, $L$1), COUNTIFS('자가소비(B)'!$G:$G, AE$2, '자가소비(B)'!$Q:$Q, $J3, '자가소비(B)'!$C:$C, $L$1), COUNTIFS('PPA 사업(C)'!$G:$G, AE$2, 'PPA 사업(C)'!$Q:$Q, $J3, 'PPA 사업(C)'!$C:$C, $L$1), COUNTIFS('리스사업(D)'!$G:$G, AE$2, '리스사업(D)'!$Q:$Q, $J3, '리스사업(D)'!$C:$C, $L$1), COUNTIFS('임대사업(E)'!$G:$G, AE$2, '임대사업(E)'!$Q:$Q, $J3, '임대사업(E)'!$C:$C, $L$1), COUNTIFS('환경부사업(F)'!$G:$G, AE$2, '환경부사업(F)'!$Q:$Q, $J3, '환경부사업(F)'!$C:$C, $L$1), COUNTIFS('프로젝트(G)'!$G:$G, AE$2, '프로젝트(G)'!$Q:$Q, $J3, '프로젝트(G)'!$C:$C, $L$1), COUNTIFS('협력사 EPC(H)'!$G:$G, AE$2, '협력사 EPC(H)'!$Q:$Q, $J3, '협력사 EPC(H)'!$C:$C, $L$1), COUNTIFS('기타(Z)'!$G:$G, AE$2, '기타(Z)'!$Q:$Q, $J3, '기타(Z)'!$C:$C, $L$1) ) = 0, "", COUNTIFS('발전사업(A)'!$G:$G, AE$2, '발전사업(A)'!$Q:$Q, $J3, '발전사업(A)'!$C:$C, $L$1) + COUNTIFS('자가소비(B)'!$G:$G, AE$2, '자가소비(B)'!$Q:$Q, $J3, '자가소비(B)'!$C:$C, $L$1) + COUNTIFS('PPA 사업(C)'!$G:$G, AE$2, 'PPA 사업(C)'!$Q:$Q, $J3, 'PPA 사업(C)'!$C:$C, $L$1) + COUNTIFS('리스사업(D)'!$G:$G, AE$2, '리스사업(D)'!$Q:$Q, $J3, '리스사업(D)'!$C:$C, $L$1) + COUNTIFS('임대사업(E)'!$G:$G, AE$2, '임대사업(E)'!$Q:$Q, $J3, '임대사업(E)'!$C:$C, $L$1) + COUNTIFS('환경부사업(F)'!$G:$G, AE$2, '환경부사업(F)'!$Q:$Q, $J3, '환경부사업(F)'!$C:$C, $L$1) + COUNTIFS('프로젝트(G)'!$G:$G, AE$2, '프로젝트(G)'!$Q:$Q, $J3, '프로젝트(G)'!$C:$C, $L$1) + COUNTIFS('협력사 EPC(H)'!$G:$G, AE$2, '협력사 EPC(H)'!$Q:$Q, $J3, '협력사 EPC(H)'!$C:$C, $L$1) + COUNTIFS('기타(Z)'!$G:$G, AE$2, '기타(Z)'!$Q:$Q, $J3, '기타(Z)'!$C:$C, $L$1) ) -> 6 | AG3: =IF( SUM( SUMIFS('발전사업(A)'!$I:$I,'발전사업(A)'!$G:$G,AG$2,'발전사업(A)'!$Q:$Q,$J3,'발전사업(A)'!$C:$C,$L$1), SUMIFS('자가소비(B)'!$I:$I,'자가소비(B)'!$G:$G,AG$2,'자가소비(B)'!$Q:$Q,$J3,'자가소비(B)'!$C:$C,$L$1), SUMIFS('PPA 사업(C)'!$I:$I,'PPA 사업(C)'!$G:$G,AG$2,'PPA 사업(C)'!$Q:$Q,$J3,'PPA 사업(C)'!$C:$C,$L$1), SUMIFS('리스사업(D)'!$I:$I,'리스사업(D)'!$G:$G,AG$2,'리스사업(D)'!$Q:$Q,$J3,'리스사업(D)'!$C:$C,$L$1), SUMIFS('임대사업(E)'!$I:$I,'임대사업(E)'!$G:$G,AG$2,'임대사업(E)'!$Q:$Q,$J3,'임대사업(E)'!$C:$C,$L$1), SUMIFS('환경부사업(F)'!$I:$I,'환경부사업(F)'!$G:$G,AG$2,'환경부사업(F)'!$Q:$Q,$J3,'환경부사업(F)'!$C:$C,$L$1), SUMIFS('프로젝트(G)'!$I:$I,'프로젝트(G)'!$G:$G,AG$2,'프로젝트(G)'!$Q:$Q,$J3,'프로젝트(G)'!$C:$C,$L$1), SUMIFS('협력사 EPC(H)'!$I:$I,'협력사 EPC(H)'!$G:$G,AG$2,'협력사 EPC(H)'!$Q:$Q,$J3,'협력사 EPC(H)'!$C:$C,$L$1), SUMIFS('기타(Z)'!$I:$I,'기타(Z)'!$G:$G,AG$2,'기타(Z)'!$Q:$Q,$J3,'기타(Z)'!$C:$C,$L$1) )=0, "", SUM( SUMIFS('발전사업(A)'!$I:$I,'발전사업(A)'!$G:$G,AG$2,'발전사업(A)'!$Q:$Q,$J3,'발전사업(A)'!$C:$C,$L$1), SUMIFS('자가소비(B)'!$I:$I,'자가소비(B)'!$G:$G,AG$2,'자가소비(B)'!$Q:$Q,$J3,'자가소비(B)'!$C:$C,$L$1), SUMIFS('PPA 사업(C)'!$I:$I,'PPA 사업(C)'!$G:$G,AG$2,'PPA 사업(C)'!$Q:$Q,$J3,'PPA 사업(C)'!$C:$C,$L$1), SUMIFS('리스사업(D)'!$I:$I,'리스사업(D)'!$G:$G,AG$2,'리스사업(D)'!$Q:$Q,$J3,'리스사업(D)'!$C:$C,$L$1), SUMIFS('임대사업(E)'!$I:$I,'임대사업(E)'!$G:$G,AG$2,'임대사업(E)'!$Q:$Q,$J3,'임대사업(E)'!$C:$C,$L$1), SUMIFS('환경부사업(F)'!$I:$I,'환경부사업(F)'!$G:$G,AG$2,'환경부사업(F)'!$Q:$Q,$J3,'환경부사업(F)'!$C:$C,$L$1), SUMIFS('프로젝트(G)'!$I:$I,'프로젝트(G)'!$G:$G,AG$2,'프로젝트(G)'!$Q:$Q,$J3,'프로젝트(G)'!$C:$C,$L$1), SUMIFS('협력사 EPC(H)'!$I:$I,'협력사 EPC(H)'!$G:$G,AG$2,'협력사 EPC(H)'!$Q:$Q,$J3,'협력사 EPC(H)'!$C:$C,$L$1), SUMIFS('기타(Z)'!$I:$I,'기타(Z)'!$G:$G,AG$2,'기타(Z)'!$Q:$Q,$J3,'기타(Z)'!$C:$C,$L$1) ) ) -> 1575.09 | AH3: =IF( SUM( COUNTIFS('발전사업(A)'!$G:$G, AG$2, '발전사업(A)'!$Q:$Q, $J3, '발전사업(A)'!$C:$C, $L$1), COUNTIFS('자가소비(B)'!$G:$G, AG$2, '자가소비(B)'!$Q:$Q, $J3, '자가소비(B)'!$C:$C, $L$1), COUNTIFS('PPA 사업(C)'!$G:$G, AG$2, 'PPA 사업(C)'!$Q:$Q, $J3, 'PPA 사업(C)'!$C:$C, $L$1), COUNTIFS('리스사업(D)'!$G:$G, AG$2, '리스사업(D)'!$Q:$Q, $J3, '리스사업(D)'!$C:$C, $L$1), COUNTIFS('임대사업(E)'!$G:$G, AG$2, '임대사업(E)'!$Q:$Q, $J3, '임대사업(E)'!$C:$C, $L$1), COUNTIFS('환경부사업(F)'!$G:$G, AG$2, '환경부사업(F)'!$Q:$Q, $J3, '환경부사업(F)'!$C:$C, $L$1), COUNTIFS('프로젝트(G)'!$G:$G, AG$2, '프로젝트(G)'!$Q:$Q, $J3, '프로젝트(G)'!$C:$C, $L$1), COUNTIFS('협력사 EPC(H)'!$G:$G, AG$2, '협력사 EPC(H)'!$Q:$Q, $J3, '협력사 EPC(H)'!$C:$C, $L$1), COUNTIFS('기타(Z)'!$G:$G, AG$2, '기타(Z)'!$Q:$Q, $J3, '기타(Z)'!$C:$C, $L$1) ) = 0, "", COUNTIFS('발전사업(A)'!$G:$G, AG$2, '발전사업(A)'!$Q:$Q, $J3, '발전사업(A)'!$C:$C, $L$1) + COUNTIFS('자가소비(B)'!$G:$G, AG$2, '자가소비(B)'!$Q:$Q, $J3, '자가소비(B)'!$C:$C, $L$1) + COUNTIFS('PPA 사업(C)'!$G:$G, AG$2, 'PPA 사업(C)'!$Q:$Q, $J3, 'PPA 사업(C)'!$C:$C, $L$1) + COUNTIFS('리스사업(D)'!$G:$G, AG$2, '리스사업(D)'!$Q:$Q, $J3, '리스사업(D)'!$C:$C, $L$1) + COUNTIFS('임대사업(E)'!$G:$G, AG$2, '임대사업(E)'!$Q:$Q, $J3, '임대사업(E)'!$C:$C, $L$1) + COUNTIFS('환경부사업(F)'!$G:$G, AG$2, '환경부사업(F)'!$Q:$Q, $J3, '환경부사업(F)'!$C:$C, $L$1) + COUNTIFS('프로젝트(G)'!$G:$G, AG$2, '프로젝트(G)'!$Q:$Q, $J3, '프로젝트(G)'!$C:$C, $L$1) + COUNTIFS('협력사 EPC(H)'!$G:$G, AG$2, '협력사 EPC(H)'!$Q:$Q, $J3, '협력사 EPC(H)'!$C:$C, $L$1) + COUNTIFS('기타(Z)'!$G:$G, AG$2, '기타(Z)'!$Q:$Q, $J3, '기타(Z)'!$C:$C, $L$1) ) -> 6 | AI3: =IF( SUM( SUMIFS('발전사업(A)'!$I:$I,'발전사업(A)'!$G:$G,AI$2,'발전사업(A)'!$Q:$Q,$J3,'발전사업(A)'!$C:$C,$L$1), SUMIFS('자가소비(B)'!$I:$I,'자가소비(B)'!$G:$G,AI$2,'자가소비(B)'!$Q:$Q,$J3,'자가소비(B)'!$C:$C,$L$1), SUMIFS('PPA 사업(C)'!$I:$I,'PPA 사업(C)'!$G:$G,AI$2,'PPA 사업(C)'!$Q:$Q,$J3,'PPA 사업(C)'!$C:$C,$L$1), SUMIFS('리스사업(D)'!$I:$I,'리스사업(D)'!$G:$G,AI$2,'리스사업(D)'!$Q:$Q,$J3,'리스사업(D)'!$C:$C,$L$1), SUMIFS('임대사업(E)'!$I:$I,'임대사업(E)'!$G:$G,AI$2,'임대사업(E)'!$Q:$Q,$J3,'임대사업(E)'!$C:$C,$L$1), SUMIFS('환경부사업(F)'!$I:$I,'환경부사업(F)'!$G:$G,AI$2,'환경부사업(F)'!$Q:$Q,$J3,'환경부사업(F)'!$C:$C,$L$1), SUMIFS('프로젝트(G)'!$I:$I,'프로젝트(G)'!$G:$G,AI$2,'프로젝트(G)'!$Q:$Q,$J3,'프로젝트(G)'!$C:$C,$L$1), SUMIFS('협력사 EPC(H)'!$I:$I,'협력사 EPC(H)'!$G:$G,AI$2,'협력사 EPC(H)'!$Q:$Q,$J3,'협력사 EPC(H)'!$C:$C,$L$1), SUMIFS('기타(Z)'!$I:$I,'기타(Z)'!$G:$G,AI$2,'기타(Z)'!$Q:$Q,$J3,'기타(Z)'!$C:$C,$L$1) )=0, "", SUM( SUMIFS('발전사업(A)'!$I:$I,'발전사업(A)'!$G:$G,AI$2,'발전사업(A)'!$Q:$Q,$J3,'발전사업(A)'!$C:$C,$L$1), SUMIFS('자가소비(B)'!$I:$I,'자가소비(B)'!$G:$G,AI$2,'자가소비(B)'!$Q:$Q,$J3,'자가소비(B)'!$C:$C,$L$1), SUMIFS('PPA 사업(C)'!$I:$I,'PPA 사업(C)'!$G:$G,AI$2,'PPA 사업(C)'!$Q:$Q,$J3,'PPA 사업(C)'!$C:$C,$L$1), SUMIFS('리스사업(D)'!$I:$I,'리스사업(D)'!$G:$G,AI$2,'리스사업(D)'!$Q:$Q,$J3,'리스사업(D)'!$C:$C,$L$1), SUMIFS('임대사업(E)'!$I:$I,'임대사업(E)'!$G:$G,AI$2,'임대사업(E)'!$Q:$Q,$J3,'임대사업(E)'!$C:$C,$L$1), SUMIFS('환경부사업(F)'!$I:$I,'환경부사업(F)'!$G:$G,AI$2,'환경부사업(F)'!$Q:$Q,$J3,'환경부사업(F)'!$C:$C,$L$1), SUMIFS('프로젝트(G)'!$I:$I,'프로젝트(G)'!$G:$G,AI$2,'프로젝트(G)'!$Q:$Q,$J3,'프로젝트(G)'!$C:$C,$L$1), SUMIFS('협력사 EPC(H)'!$I:$I,'협력사 EPC(H)'!$G:$G,AI$2,'협력사 EPC(H)'!$Q:$Q,$J3,'협력사 EPC(H)'!$C:$C,$L$1), SUMIFS('기타(Z)'!$I:$I,'기타(Z)'!$G:$G,AI$2,'기타(Z)'!$Q:$Q,$J3,'기타(Z)'!$C:$C,$L$1) ) ) -> 1545.42 | AJ3: =IF( SUM( COUNTIFS('발전사업(A)'!$G:$G, AI$2, '발전사업(A)'!$Q:$Q, $J3, '발전사업(A)'!$C:$C, $L$1), COUNTIFS('자가소비(B)'!$G:$G, AI$2, '자가소비(B)'!$Q:$Q, $J3, '자가소비(B)'!$C:$C, $L$1), COUNTIFS('PPA 사업(C)'!$G:$G, AI$2, 'PPA 사업(C)'!$Q:$Q, $J3, 'PPA 사업(C)'!$C:$C, $L$1), COUNTIFS('리스사업(D)'!$G:$G, AI$2, '리스사업(D)'!$Q:$Q, $J3, '리스사업(D)'!$C:$C, $L$1), COUNTIFS('임대사업(E)'!$G:$G, AI$2, '임대사업(E)'!$Q:$Q, $J3, '임대사업(E)'!$C:$C, $L$1), COUNTIFS('환경부사업(F)'!$G:$G, AI$2, '환경부사업(F)'!$Q:$Q, $J3, '환경부사업(F)'!$C:$C, $L$1), COUNTIFS('프로젝트(G)'!$G:$G, AI$2, '프로젝트(G)'!$Q:$Q, $J3, '프로젝트(G)'!$C:$C, $L$1), COUNTIFS('협력사 EPC(H)'!$G:$G, AI$2, '협력사 EPC(H)'!$Q:$Q, $J3, '협력사 EPC(H)'!$C:$C, $L$1), COUNTIFS('기타(Z)'!$G:$G, AI$2, '기타(Z)'!$Q:$Q, $J3, '기타(Z)'!$C:$C, $L$1) ) = 0, "", COUNTIFS('발전사업(A)'!$G:$G, AI$2, '발전사업(A)'!$Q:$Q, $J3, '발전사업(A)'!$C:$C, $L$1) + COUNTIFS('자가소비(B)'!$G:$G, AI$2, '자가소비(B)'!$Q:$Q, $J3, '자가소비(B)'!$C:$C, $L$1) + COUNTIFS('PPA 사업(C)'!$G:$G, AI$2, 'PPA 사업(C)'!$Q:$Q, $J3, 'PPA 사업(C)'!$C:$C, $L$1) + COUNTIFS('리스사업(D)'!$G:$G, AI$2, '리스사업(D)'!$Q:$Q, $J3, '리스사업(D)'!$C:$C, $L$1) + COUNTIFS('임대사업(E)'!$G:$G, AI$2, '임대사업(E)'!$Q:$Q, $J3, '임대사업(E)'!$C:$C, $L$1) + COUNTIFS('환경부사업(F)'!$G:$G, AI$2, '환경부사업(F)'!$Q:$Q, $J3, '환경부사업(F)'!$C:$C, $L$1) + COUNTIFS('프로젝트(G)'!$G:$G, AI$2, '프로젝트(G)'!$Q:$Q, $J3, '프로젝트(G)'!$C:$C, $L$1) + COUNTIFS('협력사 EPC(H)'!$G:$G, AI$2, '협력사 EPC(H)'!$Q:$Q, $J3, '협력사 EPC(H)'!$C:$C, $L$1) + COUNTIFS('기타(Z)'!$G:$G, AI$2, '기타(Z)'!$Q:$Q, $J3, '기타(Z)'!$C:$C, $L$1) ) -> 5
B4: 산단 | C4: =IF(COUNTA(C16,C28,C40,C52,C64,C76,C88,C100,C112,C124,C136,C148)=0,"", IF(SUM(N(C16),N(C28),N(C40),N(C52),N(C64),N(C76),N(C88),N(C100),N(C112),N(C124),N(C136),N(C148))=0,"", SUM(N(C16),N(C28),N(C40),N(C52),N(C64),N(C76),N(C88),N(C100),N(C112),N(C124),N(C136),N(C148)) )) -> 20845.615 | D4: =IF(COUNTA(D16,D28,D40,D52,D64,D76,D88,D100,D112,D124,D136,D148)=0,"", IF(SUM(N(D16),N(D28),N(D40),N(D52),N(D64),N(D76),N(D88),N(D100),N(D112),N(D124),N(D136),N(D148))=0,"", SUM(N(D16),N(D28),N(D40),N(D52),N(D64),N(D76),N(D88),N(D100),N(D112),N(D124),N(D136),N(D148)) )) -> 56 | E4: =IF(COUNTA(E16,E28,E40,E52,E64,E76,E88,E100,E112,E124,E136,E148)=0,"", IF(SUM(N(E16),N(E28),N(E40),N(E52),N(E64),N(E76),N(E88),N(E100),N(E112),N(E124),N(E136),N(E148))=0,"", SUM(N(E16),N(E28),N(E40),N(E52),N(E64),N(E76),N(E88),N(E100),N(E112),N(E124),N(E136),N(E148)) )) -> 11116.375 | F4: =IF(COUNTA(F16,F28,F40,F52,F64,F76,F88,F100,F112,F124,F136,F148)=0,"", IF(SUM(N(F16),N(F28),N(F40),N(F52),N(F64),N(F76),N(F88),N(F100),N(F112),N(F124),N(F136),N(F148))=0,"", SUM(N(F16),N(F28),N(F40),N(F52),N(F64),N(F76),N(F88),N(F100),N(F112),N(F124),N(F136),N(F148)) )) -> 29 | G4: =IF(COUNTA(G16,G28,G40,G52,G64,G76,G88,G100,G112,G124,G136,G148)=0,"", IF(SUM(N(G16),N(G28),N(G40),N(G52),N(G64),N(G76),N(G88),N(G100),N(G112),N(G124),N(G136),N(G148))=0,"", SUM(N(G16),N(G28),N(G40),N(G52),N(G64),N(G76),N(G88),N(G100),N(G112),N(G124),N(G136),N(G148)) )) -> 9729.24 | H4: =IF(COUNTA(H16,H28,H40,H52,H64,H76,H88,H100,H112,H124,H136,H148)=0,"", IF(SUM(N(H16),N(H28),N(H40),N(H52),N(H64),N(H76),N(H88),N(H100),N(H112),N(H124),N(H136),N(H148))=0,"", SUM(N(H16),N(H28),N(H40),N(H52),N(H64),N(H76),N(H88),N(H100),N(H112),N(H124),N(H136),N(H148)) )) -> 27 | J4: 강원 | K4: =IF( SUM( IFERROR(VALUE(SUBSTITUTE(M4,"kW","")),0), IFERROR(VALUE(SUBSTITUTE(O4,"kW","")),0), IFERROR(VALUE(SUBSTITUTE(Q4,"kW","")),0), IFERROR(VALUE(SUBSTITUTE(S4,"kW","")),0), IFERROR(VALUE(SUBSTITUTE(U4,"kW","")),0), IFERROR(VALUE(SUBSTITUTE(W4,"kW","")),0), IFERROR(VALUE(SUBSTITUTE(Y4,"kW","")),0), IFERROR(VALUE(SUBSTITUTE(AA4,"kW","")),0), IFERROR(VALUE(SUBSTITUTE(AC4,"kW","")),0), IFERROR(VALUE(SUBSTITUTE(AE4,"kW","")),0), IFERROR(VALUE(SUBSTITUTE(AG4,"kW","")),0), IFERROR(VALUE(SUBSTITUTE(AI4,"kW","")),0) )=0, "", SUM( IFERROR(VALUE(SUBSTITUTE(M4,"kW","")),0), IFERROR(VALUE(SUBSTITUTE(O4,"kW","")),0), IFERROR(VALUE(SUBSTITUTE(Q4,"kW","")),0), IFERROR(VALUE(SUBSTITUTE(S4,"kW","")),0), IFERROR(VALUE(SUBSTITUTE(U4,"kW","")),0), IFERROR(VALUE(SUBSTITUTE(W4,"kW","")),0), IFERROR(VALUE(SUBSTITUTE(Y4,"kW","")),0), IFERROR(VALUE(SUBSTITUTE(AA4,"kW","")),0), IFERROR(VALUE(SUBSTITUTE(AC4,"kW","")),0), IFERROR(VALUE(SUBSTITUTE(AE4,"kW","")),0), IFERROR(VALUE(SUBSTITUTE(AG4,"kW","")),0), IFERROR(VALUE(SUBSTITUTE(AI4,"kW","")),0) ) ) | L4: =IF( SUM( IFERROR(VALUE(SUBSTITUTE(N4,"건","")),0), IFERROR(VALUE(SUBSTITUTE(P4,"건","")),0), IFERROR(VALUE(SUBSTITUTE(R4,"건","")),0), IFERROR(VALUE(SUBSTITUTE(T4,"건","")),0), IFERROR(VALUE(SUBSTITUTE(V4,"건","")),0), IFERROR(VALUE(SUBSTITUTE(X4,"건","")),0), IFERROR(VALUE(SUBSTITUTE(Z4,"건","")),0), IFERROR(VALUE(SUBSTITUTE(AB4,"건","")),0), IFERROR(VALUE(SUBSTITUTE(AD4,"건","")),0), IFERROR(VALUE(SUBSTITUTE(AF4,"건","")),0), IFERROR(VALUE(SUBSTITUTE(AH4,"건","")),0), IFERROR(VALUE(SUBSTITUTE(AJ4,"건","")),0) )=0, "", SUM( IFERROR(VALUE(SUBSTITUTE(N4,"건","")),0), IFERROR(VALUE(SUBSTITUTE(P4,"건","")),0), IFERROR(VALUE(SUBSTITUTE(R4,"건","")),0), IFERROR(VALUE(SUBSTITUTE(T4,"건","")),0), IFERROR(VALUE(SUBSTITUTE(V4,"건","")),0), IFERROR(VALUE(SUBSTITUTE(X4,"건","")),0), IFERROR(VALUE(SUBSTITUTE(Z4,"건","")),0), IFERROR(VALUE(SUBSTITUTE(AB4,"건","")),0), IFERROR(VALUE(SUBSTITUTE(AD4,"건","")),0), IFERROR(VALUE(SUBSTITUTE(AF4,"건","")),0), IFERROR(VALUE(SUBSTITUTE(AH4,"건","")),0), IFERROR(VALUE(SUBSTITUTE(AJ4,"건","")),0) ) ) | M4: =IF( SUM( SUMIFS('발전사업(A)'!$I:$I,'발전사업(A)'!$G:$G,M$2,'발전사업(A)'!$Q:$Q,$J4,'발전사업(A)'!$C:$C,$L$1), SUMIFS('자가소비(B)'!$I:$I,'자가소비(B)'!$G:$G,M$2,'자가소비(B)'!$Q:$Q,$J4,'자가소비(B)'!$C:$C,$L$1), SUMIFS('PPA 사업(C)'!$I:$I,'PPA 사업(C)'!$G:$G,M$2,'PPA 사업(C)'!$Q:$Q,$J4,'PPA 사업(C)'!$C:$C,$L$1), SUMIFS('리스사업(D)'!$I:$I,'리스사업(D)'!$G:$G,M$2,'리스사업(D)'!$Q:$Q,$J4,'리스사업(D)'!$C:$C,$L$1), SUMIFS('임대사업(E)'!$I:$I,'임대사업(E)'!$G:$G,M$2,'임대사업(E)'!$Q:$Q,$J4,'임대사업(E)'!$C:$C,$L$1), SUMIFS('환경부사업(F)'!$I:$I,'환경부사업(F)'!$G:$G,M$2,'환경부사업(F)'!$Q:$Q,$J4,'환경부사업(F)'!$C:$C,$L$1), SUMIFS('프로젝트(G)'!$I:$I,'프로젝트(G)'!$G:$G,M$2,'프로젝트(G)'!$Q:$Q,$J4,'프로젝트(G)'!$C:$C,$L$1), SUMIFS('협력사 EPC(H)'!$I:$I,'협력사 EPC(H)'!$G:$G,M$2,'협력사 EPC(H)'!$Q:$Q,$J4,'협력사 EPC(H)'!$C:$C,$L$1), SUMIFS('기타(Z)'!$I:$I,'기타(Z)'!$G:$G,M$2,'기타(Z)'!$Q:$Q,$J4,'기타(Z)'!$C:$C,$L$1) )=0, "", SUM( SUMIFS('발전사업(A)'!$I:$I,'발전사업(A)'!$G:$G,M$2,'발전사업(A)'!$Q:$Q,$J4,'발전사업(A)'!$C:$C,$L$1), SUMIFS('자가소비(B)'!$I:$I,'자가소비(B)'!$G:$G,M$2,'자가소비(B)'!$Q:$Q,$J4,'자가소비(B)'!$C:$C,$L$1), SUMIFS('PPA 사업(C)'!$I:$I,'PPA 사업(C)'!$G:$G,M$2,'PPA 사업(C)'!$Q:$Q,$J4,'PPA 사업(C)'!$C:$C,$L$1), SUMIFS('리스사업(D)'!$I:$I,'리스사업(D)'!$G:$G,M$2,'리스사업(D)'!$Q:$Q,$J4,'리스사업(D)'!$C:$C,$L$1), SUMIFS('임대사업(E)'!$I:$I,'임대사업(E)'!$G:$G,M$2,'임대사업(E)'!$Q:$Q,$J4,'임대사업(E)'!$C:$C,$L$1), SUMIFS('환경부사업(F)'!$I:$I,'환경부사업(F)'!$G:$G,M$2,'환경부사업(F)'!$Q:$Q,$J4,'환경부사업(F)'!$C:$C,$L$1), SUMIFS('프로젝트(G)'!$I:$I,'프로젝트(G)'!$G:$G,M$2,'프로젝트(G)'!$Q:$Q,$J4,'프로젝트(G)'!$C:$C,$L$1), SUMIFS('협력사 EPC(H)'!$I:$I,'협력사 EPC(H)'!$G:$G,M$2,'협력사 EPC(H)'!$Q:$Q,$J4,'협력사 EPC(H)'!$C:$C,$L$1), SUMIFS('기타(Z)'!$I:$I,'기타(Z)'!$G:$G,M$2,'기타(Z)'!$Q:$Q,$J4,'기타(Z)'!$C:$C,$L$1) ) ) | N4: =IF( SUM( COUNTIFS('발전사업(A)'!$G:$G, M$2, '발전사업(A)'!$Q:$Q, $J4, '발전사업(A)'!$C:$C, $L$1), COUNTIFS('자가소비(B)'!$G:$G, M$2, '자가소비(B)'!$Q:$Q, $J4, '자가소비(B)'!$C:$C, $L$1), COUNTIFS('PPA 사업(C)'!$G:$G, M$2, 'PPA 사업(C)'!$Q:$Q, $J4, 'PPA 사업(C)'!$C:$C, $L$1), COUNTIFS('리스사업(D)'!$G:$G, M$2, '리스사업(D)'!$Q:$Q, $J4, '리스사업(D)'!$C:$C, $L$1), COUNTIFS('임대사업(E)'!$G:$G, M$2, '임대사업(E)'!$Q:$Q, $J4, '임대사업(E)'!$C:$C, $L$1), COUNTIFS('환경부사업(F)'!$G:$G, M$2, '환경부사업(F)'!$Q:$Q, $J4, '환경부사업(F)'!$C:$C, $L$1), COUNTIFS('프로젝트(G)'!$G:$G, M$2, '프로젝트(G)'!$Q:$Q, $J4, '프로젝트(G)'!$C:$C, $L$1), COUNTIFS('협력사 EPC(H)'!$G:$G, M$2, '협력사 EPC(H)'!$Q:$Q, $J4, '협력사 EPC(H)'!$C:$C, $L$1), COUNTIFS('기타(Z)'!$G:$G, M$2, '기타(Z)'!$Q:$Q, $J4, '기타(Z)'!$C:$C, $L$1) ) = 0, "", COUNTIFS('발전사업(A)'!$G:$G, M$2, '발전사업(A)'!$Q:$Q, $J4, '발전사업(A)'!$C:$C, $L$1) + COUNTIFS('자가소비(B)'!$G:$G, M$2, '자가소비(B)'!$Q:$Q, $J4, '자가소비(B)'!$C:$C, $L$1) + COUNTIFS('PPA 사업(C)'!$G:$G, M$2, 'PPA 사업(C)'!$Q:$Q, $J4, 'PPA 사업(C)'!$C:$C, $L$1) + COUNTIFS('리스사업(D)'!$G:$G, M$2, '리스사업(D)'!$Q:$Q, $J4, '리스사업(D)'!$C:$C, $L$1) + COUNTIFS('임대사업(E)'!$G:$G, M$2, '임대사업(E)'!$Q:$Q, $J4, '임대사업(E)'!$C:$C, $L$1) + COUNTIFS('환경부사업(F)'!$G:$G, M$2, '환경부사업(F)'!$Q:$Q, $J4, '환경부사업(F)'!$C:$C, $L$1) + COUNTIFS('프로젝트(G)'!$G:$G, M$2, '프로젝트(G)'!$Q:$Q, $J4, '프로젝트(G)'!$C:$C, $L$1) + COUNTIFS('협력사 EPC(H)'!$G:$G, M$2, '협력사 EPC(H)'!$Q:$Q, $J4, '협력사 EPC(H)'!$C:$C, $L$1) + COUNTIFS('기타(Z)'!$G:$G, M$2, '기타(Z)'!$Q:$Q, $J4, '기타(Z)'!$C:$C, $L$1) ) | O4: =IF( SUM( SUMIFS('발전사업(A)'!$I:$I,'발전사업(A)'!$G:$G,O$2,'발전사업(A)'!$Q:$Q,$J4,'발전사업(A)'!$C:$C,$L$1), SUMIFS('자가소비(B)'!$I:$I,'자가소비(B)'!$G:$G,O$2,'자가소비(B)'!$Q:$Q,$J4,'자가소비(B)'!$C:$C,$L$1), SUMIFS('PPA 사업(C)'!$I:$I,'PPA 사업(C)'!$G:$G,O$2,'PPA 사업(C)'!$Q:$Q,$J4,'PPA 사업(C)'!$C:$C,$L$1), SUMIFS('리스사업(D)'!$I:$I,'리스사업(D)'!$G:$G,O$2,'리스사업(D)'!$Q:$Q,$J4,'리스사업(D)'!$C:$C,$L$1), SUMIFS('임대사업(E)'!$I:$I,'임대사업(E)'!$G:$G,O$2,'임대사업(E)'!$Q:$Q,$J4,'임대사업(E)'!$C:$C,$L$1), SUMIFS('환경부사업(F)'!$I:$I,'환경부사업(F)'!$G:$G,O$2,'환경부사업(F)'!$Q:$Q,$J4,'환경부사업(F)'!$C:$C,$L$1), SUMIFS('프로젝트(G)'!$I:$I,'프로젝트(G)'!$G:$G,O$2,'프로젝트(G)'!$Q:$Q,$J4,'프로젝트(G)'!$C:$C,$L$1), SUMIFS('협력사 EPC(H)'!$I:$I,'협력사 EPC(H)'!$G:$G,O$2,'협력사 EPC(H)'!$Q:$Q,$J4,'협력사 EPC(H)'!$C:$C,$L$1), SUMIFS('기타(Z)'!$I:$I,'기타(Z)'!$G:$G,O$2,'기타(Z)'!$Q:$Q,$J4,'기타(Z)'!$C:$C,$L$1) )=0, "", SUM( SUMIFS('발전사업(A)'!$I:$I,'발전사업(A)'!$G:$G,O$2,'발전사업(A)'!$Q:$Q,$J4,'발전사업(A)'!$C:$C,$L$1), SUMIFS('자가소비(B)'!$I:$I,'자가소비(B)'!$G:$G,O$2,'자가소비(B)'!$Q:$Q,$J4,'자가소비(B)'!$C:$C,$L$1), SUMIFS('PPA 사업(C)'!$I:$I,'PPA 사업(C)'!$G:$G,O$2,'PPA 사업(C)'!$Q:$Q,$J4,'PPA 사업(C)'!$C:$C,$L$1), SUMIFS('리스사업(D)'!$I:$I,'리스사업(D)'!$G:$G,O$2,'리스사업(D)'!$Q:$Q,$J4,'리스사업(D)'!$C:$C,$L$1), SUMIFS('임대사업(E)'!$I:$I,'임대사업(E)'!$G:$G,O$2,'임대사업(E)'!$Q:$Q,$J4,'임대사업(E)'!$C:$C,$L$1), SUMIFS('환경부사업(F)'!$I:$I,'환경부사업(F)'!$G:$G,O$2,'환경부사업(F)'!$Q:$Q,$J4,'환경부사업(F)'!$C:$C,$L$1), SUMIFS('프로젝트(G)'!$I:$I,'프로젝트(G)'!$G:$G,O$2,'프로젝트(G)'!$Q:$Q,$J4,'프로젝트(G)'!$C:$C,$L$1), SUMIFS('협력사 EPC(H)'!$I:$I,'협력사 EPC(H)'!$G:$G,O$2,'협력사 EPC(H)'!$Q:$Q,$J4,'협력사 EPC(H)'!$C:$C,$L$1), SUMIFS('기타(Z)'!$I:$I,'기타(Z)'!$G:$G,O$2,'기타(Z)'!$Q:$Q,$J4,'기타(Z)'!$C:$C,$L$1) ) ) | P4: =IF( SUM( COUNTIFS('발전사업(A)'!$G:$G, O$2, '발전사업(A)'!$Q:$Q, $J4, '발전사업(A)'!$C:$C, $L$1), COUNTIFS('자가소비(B)'!$G:$G, O$2, '자가소비(B)'!$Q:$Q, $J4, '자가소비(B)'!$C:$C, $L$1), COUNTIFS('PPA 사업(C)'!$G:$G, O$2, 'PPA 사업(C)'!$Q:$Q, $J4, 'PPA 사업(C)'!$C:$C, $L$1), COUNTIFS('리스사업(D)'!$G:$G, O$2, '리스사업(D)'!$Q:$Q, $J4, '리스사업(D)'!$C:$C, $L$1), COUNTIFS('임대사업(E)'!$G:$G, O$2, '임대사업(E)'!$Q:$Q, $J4, '임대사업(E)'!$C:$C, $L$1), COUNTIFS('환경부사업(F)'!$G:$G, O$2, '환경부사업(F)'!$Q:$Q, $J4, '환경부사업(F)'!$C:$C, $L$1), COUNTIFS('프로젝트(G)'!$G:$G, O$2, '프로젝트(G)'!$Q:$Q, $J4, '프로젝트(G)'!$C:$C, $L$1), COUNTIFS('협력사 EPC(H)'!$G:$G, O$2, '협력사 EPC(H)'!$Q:$Q, $J4, '협력사 EPC(H)'!$C:$C, $L$1), COUNTIFS('기타(Z)'!$G:$G, O$2, '기타(Z)'!$Q:$Q, $J4, '기타(Z)'!$C:$C, $L$1) ) = 0, "", COUNTIFS('발전사업(A)'!$G:$G, O$2, '발전사업(A)'!$Q:$Q, $J4, '발전사업(A)'!$C:$C, $L$1) + COUNTIFS('자가소비(B)'!$G:$G, O$2, '자가소비(B)'!$Q:$Q, $J4, '자가소비(B)'!$C:$C, $L$1) + COUNTIFS('PPA 사업(C)'!$G:$G, O$2, 'PPA 사업(C)'!$Q:$Q, $J4, 'PPA 사업(C)'!$C:$C, $L$1) + COUNTIFS('리스사업(D)'!$G:$G, O$2, '리스사업(D)'!$Q:$Q, $J4, '리스사업(D)'!$C:$C, $L$1) + COUNTIFS('임대사업(E)'!$G:$G, O$2, '임대사업(E)'!$Q:$Q, $J4, '임대사업(E)'!$C:$C, $L$1) + COUNTIFS('환경부사업(F)'!$G:$G, O$2, '환경부사업(F)'!$Q:$Q, $J4, '환경부사업(F)'!$C:$C, $L$1) + COUNTIFS('프로젝트(G)'!$G:$G, O$2, '프로젝트(G)'!$Q:$Q, $J4, '프로젝트(G)'!$C:$C, $L$1) + COUNTIFS('협력사 EPC(H)'!$G:$G, O$2, '협력사 EPC(H)'!$Q:$Q, $J4, '협력사 EPC(H)'!$C:$C, $L$1) + COUNTIFS('기타(Z)'!$G:$G, O$2, '기타(Z)'!$Q:$Q, $J4, '기타(Z)'!$C:$C, $L$1) ) | Q4: =IF( SUM( SUMIFS('발전사업(A)'!$I:$I,'발전사업(A)'!$G:$G,Q$2,'발전사업(A)'!$Q:$Q,$J4,'발전사업(A)'!$C:$C,$L$1), SUMIFS('자가소비(B)'!$I:$I,'자가소비(B)'!$G:$G,Q$2,'자가소비(B)'!$Q:$Q,$J4,'자가소비(B)'!$C:$C,$L$1), SUMIFS('PPA 사업(C)'!$I:$I,'PPA 사업(C)'!$G:$G,Q$2,'PPA 사업(C)'!$Q:$Q,$J4,'PPA 사업(C)'!$C:$C,$L$1), SUMIFS('리스사업(D)'!$I:$I,'리스사업(D)'!$G:$G,Q$2,'리스사업(D)'!$Q:$Q,$J4,'리스사업(D)'!$C:$C,$L$1), SUMIFS('임대사업(E)'!$I:$I,'임대사업(E)'!$G:$G,Q$2,'임대사업(E)'!$Q:$Q,$J4,'임대사업(E)'!$C:$C,$L$1), SUMIFS('환경부사업(F)'!$I:$I,'환경부사업(F)'!$G:$G,Q$2,'환경부사업(F)'!$Q:$Q,$J4,'환경부사업(F)'!$C:$C,$L$1), SUMIFS('프로젝트(G)'!$I:$I,'프로젝트(G)'!$G:$G,Q$2,'프로젝트(G)'!$Q:$Q,$J4,'프로젝트(G)'!$C:$C,$L$1), SUMIFS('협력사 EPC(H)'!$I:$I,'협력사 EPC(H)'!$G:$G,Q$2,'협력사 EPC(H)'!$Q:$Q,$J4,'협력사 EPC(H)'!$C:$C,$L$1), SUMIFS('기타(Z)'!$I:$I,'기타(Z)'!$G:$G,Q$2,'기타(Z)'!$Q:$Q,$J4,'기타(Z)'!$C:$C,$L$1) )=0, "", SUM( SUMIFS('발전사업(A)'!$I:$I,'발전사업(A)'!$G:$G,Q$2,'발전사업(A)'!$Q:$Q,$J4,'발전사업(A)'!$C:$C,$L$1), SUMIFS('자가소비(B)'!$I:$I,'자가소비(B)'!$G:$G,Q$2,'자가소비(B)'!$Q:$Q,$J4,'자가소비(B)'!$C:$C,$L$1), SUMIFS('PPA 사업(C)'!$I:$I,'PPA 사업(C)'!$G:$G,Q$2,'PPA 사업(C)'!$Q:$Q,$J4,'PPA 사업(C)'!$C:$C,$L$1), SUMIFS('리스사업(D)'!$I:$I,'리스사업(D)'!$G:$G,Q$2,'리스사업(D)'!$Q:$Q,$J4,'리스사업(D)'!$C:$C,$L$1), SUMIFS('임대사업(E)'!$I:$I,'임대사업(E)'!$G:$G,Q$2,'임대사업(E)'!$Q:$Q,$J4,'임대사업(E)'!$C:$C,$L$1), SUMIFS('환경부사업(F)'!$I:$I,'환경부사업(F)'!$G:$G,Q$2,'환경부사업(F)'!$Q:$Q,$J4,'환경부사업(F)'!$C:$C,$L$1), SUMIFS('프로젝트(G)'!$I:$I,'프로젝트(G)'!$G:$G,Q$2,'프로젝트(G)'!$Q:$Q,$J4,'프로젝트(G)'!$C:$C,$L$1), SUMIFS('협력사 EPC(H)'!$I:$I,'협력사 EPC(H)'!$G:$G,Q$2,'협력사 EPC(H)'!$Q:$Q,$J4,'협력사 EPC(H)'!$C:$C,$L$1), SUMIFS('기타(Z)'!$I:$I,'기타(Z)'!$G:$G,Q$2,'기타(Z)'!$Q:$Q,$J4,'기타(Z)'!$C:$C,$L$1) ) ) | R4: =IF( SUM( COUNTIFS('발전사업(A)'!$G:$G, Q$2, '발전사업(A)'!$Q:$Q, $J4, '발전사업(A)'!$C:$C, $L$1), COUNTIFS('자가소비(B)'!$G:$G, Q$2, '자가소비(B)'!$Q:$Q, $J4, '자가소비(B)'!$C:$C, $L$1), COUNTIFS('PPA 사업(C)'!$G:$G, Q$2, 'PPA 사업(C)'!$Q:$Q, $J4, 'PPA 사업(C)'!$C:$C, $L$1), COUNTIFS('리스사업(D)'!$G:$G, Q$2, '리스사업(D)'!$Q:$Q, $J4, '리스사업(D)'!$C:$C, $L$1), COUNTIFS('임대사업(E)'!$G:$G, Q$2, '임대사업(E)'!$Q:$Q, $J4, '임대사업(E)'!$C:$C, $L$1), COUNTIFS('환경부사업(F)'!$G:$G, Q$2, '환경부사업(F)'!$Q:$Q, $J4, '환경부사업(F)'!$C:$C, $L$1), COUNTIFS('프로젝트(G)'!$G:$G, Q$2, '프로젝트(G)'!$Q:$Q, $J4, '프로젝트(G)'!$C:$C, $L$1), COUNTIFS('협력사 EPC(H)'!$G:$G, Q$2, '협력사 EPC(H)'!$Q:$Q, $J4, '협력사 EPC(H)'!$C:$C, $L$1), COUNTIFS('기타(Z)'!$G:$G, Q$2, '기타(Z)'!$Q:$Q, $J4, '기타(Z)'!$C:$C, $L$1) ) = 0, "", COUNTIFS('발전사업(A)'!$G:$G, Q$2, '발전사업(A)'!$Q:$Q, $J4, '발전사업(A)'!$C:$C, $L$1) + COUNTIFS('자가소비(B)'!$G:$G, Q$2, '자가소비(B)'!$Q:$Q, $J4, '자가소비(B)'!$C:$C, $L$1) + COUNTIFS('PPA 사업(C)'!$G:$G, Q$2, 'PPA 사업(C)'!$Q:$Q, $J4, 'PPA 사업(C)'!$C:$C, $L$1) + COUNTIFS('리스사업(D)'!$G:$G, Q$2, '리스사업(D)'!$Q:$Q, $J4, '리스사업(D)'!$C:$C, $L$1) + COUNTIFS('임대사업(E)'!$G:$G, Q$2, '임대사업(E)'!$Q:$Q, $J4, '임대사업(E)'!$C:$C, $L$1) + COUNTIFS('환경부사업(F)'!$G:$G, Q$2, '환경부사업(F)'!$Q:$Q, $J4, '환경부사업(F)'!$C:$C, $L$1) + COUNTIFS('프로젝트(G)'!$G:$G, Q$2, '프로젝트(G)'!$Q:$Q, $J4, '프로젝트(G)'!$C:$C, $L$1) + COUNTIFS('협력사 EPC(H)'!$G:$G, Q$2, '협력사 EPC(H)'!$Q:$Q, $J4, '협력사 EPC(H)'!$C:$C, $L$1) + COUNTIFS('기타(Z)'!$G:$G, Q$2, '기타(Z)'!$Q:$Q, $J4, '기타(Z)'!$C:$C, $L$1) ) | S4: =IF( SUM( SUMIFS('발전사업(A)'!$I:$I,'발전사업(A)'!$G:$G,S$2,'발전사업(A)'!$Q:$Q,$J4,'발전사업(A)'!$C:$C,$L$1), SUMIFS('자가소비(B)'!$I:$I,'자가소비(B)'!$G:$G,S$2,'자가소비(B)'!$Q:$Q,$J4,'자가소비(B)'!$C:$C,$L$1), SUMIFS('PPA 사업(C)'!$I:$I,'PPA 사업(C)'!$G:$G,S$2,'PPA 사업(C)'!$Q:$Q,$J4,'PPA 사업(C)'!$C:$C,$L$1), SUMIFS('리스사업(D)'!$I:$I,'리스사업(D)'!$G:$G,S$2,'리스사업(D)'!$Q:$Q,$J4,'리스사업(D)'!$C:$C,$L$1), SUMIFS('임대사업(E)'!$I:$I,'임대사업(E)'!$G:$G,S$2,'임대사업(E)'!$Q:$Q,$J4,'임대사업(E)'!$C:$C,$L$1), SUMIFS('환경부사업(F)'!$I:$I,'환경부사업(F)'!$G:$G,S$2,'환경부사업(F)'!$Q:$Q,$J4,'환경부사업(F)'!$C:$C,$L$1), SUMIFS('프로젝트(G)'!$I:$I,'프로젝트(G)'!$G:$G,S$2,'프로젝트(G)'!$Q:$Q,$J4,'프로젝트(G)'!$C:$C,$L$1), SUMIFS('협력사 EPC(H)'!$I:$I,'협력사 EPC(H)'!$G:$G,S$2,'협력사 EPC(H)'!$Q:$Q,$J4,'협력사 EPC(H)'!$C:$C,$L$1), SUMIFS('기타(Z)'!$I:$I,'기타(Z)'!$G:$G,S$2,'기타(Z)'!$Q:$Q,$J4,'기타(Z)'!$C:$C,$L$1) )=0, "", SUM( SUMIFS('발전사업(A)'!$I:$I,'발전사업(A)'!$G:$G,S$2,'발전사업(A)'!$Q:$Q,$J4,'발전사업(A)'!$C:$C,$L$1), SUMIFS('자가소비(B)'!$I:$I,'자가소비(B)'!$G:$G,S$2,'자가소비(B)'!$Q:$Q,$J4,'자가소비(B)'!$C:$C,$L$1), SUMIFS('PPA 사업(C)'!$I:$I,'PPA 사업(C)'!$G:$G,S$2,'PPA 사업(C)'!$Q:$Q,$J4,'PPA 사업(C)'!$C:$C,$L$1), SUMIFS('리스사업(D)'!$I:$I,'리스사업(D)'!$G:$G,S$2,'리스사업(D)'!$Q:$Q,$J4,'리스사업(D)'!$C:$C,$L$1), SUMIFS('임대사업(E)'!$I:$I,'임대사업(E)'!$G:$G,S$2,'임대사업(E)'!$Q:$Q,$J4,'임대사업(E)'!$C:$C,$L$1), SUMIFS('환경부사업(F)'!$I:$I,'환경부사업(F)'!$G:$G,S$2,'환경부사업(F)'!$Q:$Q,$J4,'환경부사업(F)'!$C:$C,$L$1), SUMIFS('프로젝트(G)'!$I:$I,'프로젝트(G)'!$G:$G,S$2,'프로젝트(G)'!$Q:$Q,$J4,'프로젝트(G)'!$C:$C,$L$1), SUMIFS('협력사 EPC(H)'!$I:$I,'협력사 EPC(H)'!$G:$G,S$2,'협력사 EPC(H)'!$Q:$Q,$J4,'협력사 EPC(H)'!$C:$C,$L$1), SUMIFS('기타(Z)'!$I:$I,'기타(Z)'!$G:$G,S$2,'기타(Z)'!$Q:$Q,$J4,'기타(Z)'!$C:$C,$L$1) ) ) | T4: =IF( SUM( COUNTIFS('발전사업(A)'!$G:$G, S$2, '발전사업(A)'!$Q:$Q, $J4, '발전사업(A)'!$C:$C, $L$1), COUNTIFS('자가소비(B)'!$G:$G, S$2, '자가소비(B)'!$Q:$Q, $J4, '자가소비(B)'!$C:$C, $L$1), COUNTIFS('PPA 사업(C)'!$G:$G, S$2, 'PPA 사업(C)'!$Q:$Q, $J4, 'PPA 사업(C)'!$C:$C, $L$1), COUNTIFS('리스사업(D)'!$G:$G, S$2, '리스사업(D)'!$Q:$Q, $J4, '리스사업(D)'!$C:$C, $L$1), COUNTIFS('임대사업(E)'!$G:$G, S$2, '임대사업(E)'!$Q:$Q, $J4, '임대사업(E)'!$C:$C, $L$1), COUNTIFS('환경부사업(F)'!$G:$G, S$2, '환경부사업(F)'!$Q:$Q, $J4, '환경부사업(F)'!$C:$C, $L$1), COUNTIFS('프로젝트(G)'!$G:$G, S$2, '프로젝트(G)'!$Q:$Q, $J4, '프로젝트(G)'!$C:$C, $L$1), COUNTIFS('협력사 EPC(H)'!$G:$G, S$2, '협력사 EPC(H)'!$Q:$Q, $J4, '협력사 EPC(H)'!$C:$C, $L$1), COUNTIFS('기타(Z)'!$G:$G, S$2, '기타(Z)'!$Q:$Q, $J4, '기타(Z)'!$C:$C, $L$1) ) = 0, "", COUNTIFS('발전사업(A)'!$G:$G, S$2, '발전사업(A)'!$Q:$Q, $J4, '발전사업(A)'!$C:$C, $L$1) + COUNTIFS('자가소비(B)'!$G:$G, S$2, '자가소비(B)'!$Q:$Q, $J4, '자가소비(B)'!$C:$C, $L$1) + COUNTIFS('PPA 사업(C)'!$G:$G, S$2, 'PPA 사업(C)'!$Q:$Q, $J4, 'PPA 사업(C)'!$C:$C, $L$1) + COUNTIFS('리스사업(D)'!$G:$G, S$2, '리스사업(D)'!$Q:$Q, $J4, '리스사업(D)'!$C:$C, $L$1) + COUNTIFS('임대사업(E)'!$G:$G, S$2, '임대사업(E)'!$Q:$Q, $J4, '임대사업(E)'!$C:$C, $L$1) + COUNTIFS('환경부사업(F)'!$G:$G, S$2, '환경부사업(F)'!$Q:$Q, $J4, '환경부사업(F)'!$C:$C, $L$1) + COUNTIFS('프로젝트(G)'!$G:$G, S$2, '프로젝트(G)'!$Q:$Q, $J4, '프로젝트(G)'!$C:$C, $L$1) + COUNTIFS('협력사 EPC(H)'!$G:$G, S$2, '협력사 EPC(H)'!$Q:$Q, $J4, '협력사 EPC(H)'!$C:$C, $L$1) + COUNTIFS('기타(Z)'!$G:$G, S$2, '기타(Z)'!$Q:$Q, $J4, '기타(Z)'!$C:$C, $L$1) ) | U4: =IF( SUM( SUMIFS('발전사업(A)'!$I:$I,'발전사업(A)'!$G:$G,U$2,'발전사업(A)'!$Q:$Q,$J4,'발전사업(A)'!$C:$C,$L$1), SUMIFS('자가소비(B)'!$I:$I,'자가소비(B)'!$G:$G,U$2,'자가소비(B)'!$Q:$Q,$J4,'자가소비(B)'!$C:$C,$L$1), SUMIFS('PPA 사업(C)'!$I:$I,'PPA 사업(C)'!$G:$G,U$2,'PPA 사업(C)'!$Q:$Q,$J4,'PPA 사업(C)'!$C:$C,$L$1), SUMIFS('리스사업(D)'!$I:$I,'리스사업(D)'!$G:$G,U$2,'리스사업(D)'!$Q:$Q,$J4,'리스사업(D)'!$C:$C,$L$1), SUMIFS('임대사업(E)'!$I:$I,'임대사업(E)'!$G:$G,U$2,'임대사업(E)'!$Q:$Q,$J4,'임대사업(E)'!$C:$C,$L$1), SUMIFS('환경부사업(F)'!$I:$I,'환경부사업(F)'!$G:$G,U$2,'환경부사업(F)'!$Q:$Q,$J4,'환경부사업(F)'!$C:$C,$L$1), SUMIFS('프로젝트(G)'!$I:$I,'프로젝트(G)'!$G:$G,U$2,'프로젝트(G)'!$Q:$Q,$J4,'프로젝트(G)'!$C:$C,$L$1), SUMIFS('협력사 EPC(H)'!$I:$I,'협력사 EPC(H)'!$G:$G,U$2,'협력사 EPC(H)'!$Q:$Q,$J4,'협력사 EPC(H)'!$C:$C,$L$1), SUMIFS('기타(Z)'!$I:$I,'기타(Z)'!$G:$G,U$2,'기타(Z)'!$Q:$Q,$J4,'기타(Z)'!$C:$C,$L$1) )=0, "", SUM( SUMIFS('발전사업(A)'!$I:$I,'발전사업(A)'!$G:$G,U$2,'발전사업(A)'!$Q:$Q,$J4,'발전사업(A)'!$C:$C,$L$1), SUMIFS('자가소비(B)'!$I:$I,'자가소비(B)'!$G:$G,U$2,'자가소비(B)'!$Q:$Q,$J4,'자가소비(B)'!$C:$C,$L$1), SUMIFS('PPA 사업(C)'!$I:$I,'PPA 사업(C)'!$G:$G,U$2,'PPA 사업(C)'!$Q:$Q,$J4,'PPA 사업(C)'!$C:$C,$L$1), SUMIFS('리스사업(D)'!$I:$I,'리스사업(D)'!$G:$G,U$2,'리스사업(D)'!$Q:$Q,$J4,'리스사업(D)'!$C:$C,$L$1), SUMIFS('임대사업(E)'!$I:$I,'임대사업(E)'!$G:$G,U$2,'임대사업(E)'!$Q:$Q,$J4,'임대사업(E)'!$C:$C,$L$1), SUMIFS('환경부사업(F)'!$I:$I,'환경부사업(F)'!$G:$G,U$2,'환경부사업(F)'!$Q:$Q,$J4,'환경부사업(F)'!$C:$C,$L$1), SUMIFS('프로젝트(G)'!$I:$I,'프로젝트(G)'!$G:$G,U$2,'프로젝트(G)'!$Q:$Q,$J4,'프로젝트(G)'!$C:$C,$L$1), SUMIFS('협력사 EPC(H)'!$I:$I,'협력사 EPC(H)'!$G:$G,U$2,'협력사 EPC(H)'!$Q:$Q,$J4,'협력사 EPC(H)'!$C:$C,$L$1), SUMIFS('기타(Z)'!$I:$I,'기타(Z)'!$G:$G,U$2,'기타(Z)'!$Q:$Q,$J4,'기타(Z)'!$C:$C,$L$1) ) ) | V4: =IF( SUM( COUNTIFS('발전사업(A)'!$G:$G, U$2, '발전사업(A)'!$Q:$Q, $J4, '발전사업(A)'!$C:$C, $L$1), COUNTIFS('자가소비(B)'!$G:$G, U$2, '자가소비(B)'!$Q:$Q, $J4, '자가소비(B)'!$C:$C, $L$1), COUNTIFS('PPA 사업(C)'!$G:$G, U$2, 'PPA 사업(C)'!$Q:$Q, $J4, 'PPA 사업(C)'!$C:$C, $L$1), COUNTIFS('리스사업(D)'!$G:$G, U$2, '리스사업(D)'!$Q:$Q, $J4, '리스사업(D)'!$C:$C, $L$1), COUNTIFS('임대사업(E)'!$G:$G, U$2, '임대사업(E)'!$Q:$Q, $J4, '임대사업(E)'!$C:$C, $L$1), COUNTIFS('환경부사업(F)'!$G:$G, U$2, '환경부사업(F)'!$Q:$Q, $J4, '환경부사업(F)'!$C:$C, $L$1), COUNTIFS('프로젝트(G)'!$G:$G, U$2, '프로젝트(G)'!$Q:$Q, $J4, '프로젝트(G)'!$C:$C, $L$1), COUNTIFS('협력사 EPC(H)'!$G:$G, U$2, '협력사 EPC(H)'!$Q:$Q, $J4, '협력사 EPC(H)'!$C:$C, $L$1), COUNTIFS('기타(Z)'!$G:$G, U$2, '기타(Z)'!$Q:$Q, $J4, '기타(Z)'!$C:$C, $L$1) ) = 0, "", COUNTIFS('발전사업(A)'!$G:$G, U$2, '발전사업(A)'!$Q:$Q, $J4, '발전사업(A)'!$C:$C, $L$1) + COUNTIFS('자가소비(B)'!$G:$G, U$2, '자가소비(B)'!$Q:$Q, $J4, '자가소비(B)'!$C:$C, $L$1) + COUNTIFS('PPA 사업(C)'!$G:$G, U$2, 'PPA 사업(C)'!$Q:$Q, $J4, 'PPA 사업(C)'!$C:$C, $L$1) + COUNTIFS('리스사업(D)'!$G:$G, U$2, '리스사업(D)'!$Q:$Q, $J4, '리스사업(D)'!$C:$C, $L$1) + COUNTIFS('임대사업(E)'!$G:$G, U$2, '임대사업(E)'!$Q:$Q, $J4, '임대사업(E)'!$C:$C, $L$1) + COUNTIFS('환경부사업(F)'!$G:$G, U$2, '환경부사업(F)'!$Q:$Q, $J4, '환경부사업(F)'!$C:$C, $L$1) + COUNTIFS('프로젝트(G)'!$G:$G, U$2, '프로젝트(G)'!$Q:$Q, $J4, '프로젝트(G)'!$C:$C, $L$1) + COUNTIFS('협력사 EPC(H)'!$G:$G, U$2, '협력사 EPC(H)'!$Q:$Q, $J4, '협력사 EPC(H)'!$C:$C, $L$1) + COUNTIFS('기타(Z)'!$G:$G, U$2, '기타(Z)'!$Q:$Q, $J4, '기타(Z)'!$C:$C, $L$1) ) | W4: =IF( SUM( SUMIFS('발전사업(A)'!$I:$I,'발전사업(A)'!$G:$G,W$2,'발전사업(A)'!$Q:$Q,$J4,'발전사업(A)'!$C:$C,$L$1), SUMIFS('자가소비(B)'!$I:$I,'자가소비(B)'!$G:$G,W$2,'자가소비(B)'!$Q:$Q,$J4,'자가소비(B)'!$C:$C,$L$1), SUMIFS('PPA 사업(C)'!$I:$I,'PPA 사업(C)'!$G:$G,W$2,'PPA 사업(C)'!$Q:$Q,$J4,'PPA 사업(C)'!$C:$C,$L$1), SUMIFS('리스사업(D)'!$I:$I,'리스사업(D)'!$G:$G,W$2,'리스사업(D)'!$Q:$Q,$J4,'리스사업(D)'!$C:$C,$L$1), SUMIFS('임대사업(E)'!$I:$I,'임대사업(E)'!$G:$G,W$2,'임대사업(E)'!$Q:$Q,$J4,'임대사업(E)'!$C:$C,$L$1), SUMIFS('환경부사업(F)'!$I:$I,'환경부사업(F)'!$G:$G,W$2,'환경부사업(F)'!$Q:$Q,$J4,'환경부사업(F)'!$C:$C,$L$1), SUMIFS('프로젝트(G)'!$I:$I,'프로젝트(G)'!$G:$G,W$2,'프로젝트(G)'!$Q:$Q,$J4,'프로젝트(G)'!$C:$C,$L$1), SUMIFS('협력사 EPC(H)'!$I:$I,'협력사 EPC(H)'!$G:$G,W$2,'협력사 EPC(H)'!$Q:$Q,$J4,'협력사 EPC(H)'!$C:$C,$L$1), SUMIFS('기타(Z)'!$I:$I,'기타(Z)'!$G:$G,W$2,'기타(Z)'!$Q:$Q,$J4,'기타(Z)'!$C:$C,$L$1) )=0, "", SUM( SUMIFS('발전사업(A)'!$I:$I,'발전사업(A)'!$G:$G,W$2,'발전사업(A)'!$Q:$Q,$J4,'발전사업(A)'!$C:$C,$L$1), SUMIFS('자가소비(B)'!$I:$I,'자가소비(B)'!$G:$G,W$2,'자가소비(B)'!$Q:$Q,$J4,'자가소비(B)'!$C:$C,$L$1), SUMIFS('PPA 사업(C)'!$I:$I,'PPA 사업(C)'!$G:$G,W$2,'PPA 사업(C)'!$Q:$Q,$J4,'PPA 사업(C)'!$C:$C,$L$1), SUMIFS('리스사업(D)'!$I:$I,'리스사업(D)'!$G:$G,W$2,'리스사업(D)'!$Q:$Q,$J4,'리스사업(D)'!$C:$C,$L$1), SUMIFS('임대사업(E)'!$I:$I,'임대사업(E)'!$G:$G,W$2,'임대사업(E)'!$Q:$Q,$J4,'임대사업(E)'!$C:$C,$L$1), SUMIFS('환경부사업(F)'!$I:$I,'환경부사업(F)'!$G:$G,W$2,'환경부사업(F)'!$Q:$Q,$J4,'환경부사업(F)'!$C:$C,$L$1), SUMIFS('프로젝트(G)'!$I:$I,'프로젝트(G)'!$G:$G,W$2,'프로젝트(G)'!$Q:$Q,$J4,'프로젝트(G)'!$C:$C,$L$1), SUMIFS('협력사 EPC(H)'!$I:$I,'협력사 EPC(H)'!$G:$G,W$2,'협력사 EPC(H)'!$Q:$Q,$J4,'협력사 EPC(H)'!$C:$C,$L$1), SUMIFS('기타(Z)'!$I:$I,'기타(Z)'!$G:$G,W$2,'기타(Z)'!$Q:$Q,$J4,'기타(Z)'!$C:$C,$L$1) ) ) | X4: =IF( SUM( COUNTIFS('발전사업(A)'!$G:$G,W$2,'발전사업(A)'!$Q:$Q,$J4), COUNTIFS('자가소비(B)'!$G:$G,W$2,'자가소비(B)'!$Q:$Q,$J4), COUNTIFS('PPA 사업(C)'!$G:$G,W$2,'PPA 사업(C)'!$Q:$Q,$J4), COUNTIFS('리스사업(D)'!$G:$G,W$2,'리스사업(D)'!$Q:$Q,$J4), COUNTIFS('임대사업(E)'!$G:$G,W$2,'임대사업(E)'!$Q:$Q,$J4), COUNTIFS('환경부사업(F)'!$G:$G,W$2,'환경부사업(F)'!$Q:$Q,$J4), COUNTIFS('프로젝트(G)'!$G:$G,W$2,'프로젝트(G)'!$Q:$Q,$J4), COUNTIFS('협력사 EPC(H)'!$G:$G,W$2,'협력사 EPC(H)'!$Q:$Q,$J4), COUNTIFS('기타(Z)'!$G:$G,W$2,'기타(Z)'!$Q:$Q,$J4) )=0, "", COUNTIFS('발전사업(A)'!$G:$G,W$2,'발전사업(A)'!$Q:$Q,$J4) +COUNTIFS('자가소비(B)'!$G:$G,W$2,'자가소비(B)'!$Q:$Q,$J4) +COUNTIFS('PPA 사업(C)'!$G:$G,W$2,'PPA 사업(C)'!$Q:$Q,$J4) +COUNTIFS('리스사업(D)'!$G:$G,W$2,'리스사업(D)'!$Q:$Q,$J4) +COUNTIFS('임대사업(E)'!$G:$G,W$2,'임대사업(E)'!$Q:$Q,$J4) +COUNTIFS('환경부사업(F)'!$G:$G,W$2,'환경부사업(F)'!$Q:$Q,$J4) +COUNTIFS('프로젝트(G)'!$G:$G,W$2,'프로젝트(G)'!$Q:$Q,$J4) +COUNTIFS('협력사 EPC(H)'!$G:$G,W$2,'협력사 EPC(H)'!$Q:$Q,$J4) +COUNTIFS('기타(Z)'!$G:$G,W$2,'기타(Z)'!$Q:$Q,$J4) ) | Y4: =IF( SUM( SUMIFS('발전사업(A)'!$I:$I,'발전사업(A)'!$G:$G,Y$2,'발전사업(A)'!$Q:$Q,$J4,'발전사업(A)'!$C:$C,$L$1), SUMIFS('자가소비(B)'!$I:$I,'자가소비(B)'!$G:$G,Y$2,'자가소비(B)'!$Q:$Q,$J4,'자가소비(B)'!$C:$C,$L$1), SUMIFS('PPA 사업(C)'!$I:$I,'PPA 사업(C)'!$G:$G,Y$2,'PPA 사업(C)'!$Q:$Q,$J4,'PPA 사업(C)'!$C:$C,$L$1), SUMIFS('리스사업(D)'!$I:$I,'리스사업(D)'!$G:$G,Y$2,'리스사업(D)'!$Q:$Q,$J4,'리스사업(D)'!$C:$C,$L$1), SUMIFS('임대사업(E)'!$I:$I,'임대사업(E)'!$G:$G,Y$2,'임대사업(E)'!$Q:$Q,$J4,'임대사업(E)'!$C:$C,$L$1), SUMIFS('환경부사업(F)'!$I:$I,'환경부사업(F)'!$G:$G,Y$2,'환경부사업(F)'!$Q:$Q,$J4,'환경부사업(F)'!$C:$C,$L$1), SUMIFS('프로젝트(G)'!$I:$I,'프로젝트(G)'!$G:$G,Y$2,'프로젝트(G)'!$Q:$Q,$J4,'프로젝트(G)'!$C:$C,$L$1), SUMIFS('협력사 EPC(H)'!$I:$I,'협력사 EPC(H)'!$G:$G,Y$2,'협력사 EPC(H)'!$Q:$Q,$J4,'협력사 EPC(H)'!$C:$C,$L$1), SUMIFS('기타(Z)'!$I:$I,'기타(Z)'!$G:$G,Y$2,'기타(Z)'!$Q:$Q,$J4,'기타(Z)'!$C:$C,$L$1) )=0, "", SUM( SUMIFS('발전사업(A)'!$I:$I,'발전사업(A)'!$G:$G,Y$2,'발전사업(A)'!$Q:$Q,$J4,'발전사업(A)'!$C:$C,$L$1), SUMIFS('자가소비(B)'!$I:$I,'자가소비(B)'!$G:$G,Y$2,'자가소비(B)'!$Q:$Q,$J4,'자가소비(B)'!$C:$C,$L$1), SUMIFS('PPA 사업(C)'!$I:$I,'PPA 사업(C)'!$G:$G,Y$2,'PPA 사업(C)'!$Q:$Q,$J4,'PPA 사업(C)'!$C:$C,$L$1), SUMIFS('리스사업(D)'!$I:$I,'리스사업(D)'!$G:$G,Y$2,'리스사업(D)'!$Q:$Q,$J4,'리스사업(D)'!$C:$C,$L$1), SUMIFS('임대사업(E)'!$I:$I,'임대사업(E)'!$G:$G,Y$2,'임대사업(E)'!$Q:$Q,$J4,'임대사업(E)'!$C:$C,$L$1), SUMIFS('환경부사업(F)'!$I:$I,'환경부사업(F)'!$G:$G,Y$2,'환경부사업(F)'!$Q:$Q,$J4,'환경부사업(F)'!$C:$C,$L$1), SUMIFS('프로젝트(G)'!$I:$I,'프로젝트(G)'!$G:$G,Y$2,'프로젝트(G)'!$Q:$Q,$J4,'프로젝트(G)'!$C:$C,$L$1), SUMIFS('협력사 EPC(H)'!$I:$I,'협력사 EPC(H)'!$G:$G,Y$2,'협력사 EPC(H)'!$Q:$Q,$J4,'협력사 EPC(H)'!$C:$C,$L$1), SUMIFS('기타(Z)'!$I:$I,'기타(Z)'!$G:$G,Y$2,'기타(Z)'!$Q:$Q,$J4,'기타(Z)'!$C:$C,$L$1) ) ) | Z4: =IF( SUM( COUNTIFS('발전사업(A)'!$G:$G, Y$2, '발전사업(A)'!$Q:$Q, $J4, '발전사업(A)'!$C:$C, $L$1), COUNTIFS('자가소비(B)'!$G:$G, Y$2, '자가소비(B)'!$Q:$Q, $J4, '자가소비(B)'!$C:$C, $L$1), COUNTIFS('PPA 사업(C)'!$G:$G, Y$2, 'PPA 사업(C)'!$Q:$Q, $J4, 'PPA 사업(C)'!$C:$C, $L$1), COUNTIFS('리스사업(D)'!$G:$G, Y$2, '리스사업(D)'!$Q:$Q, $J4, '리스사업(D)'!$C:$C, $L$1), COUNTIFS('임대사업(E)'!$G:$G, Y$2, '임대사업(E)'!$Q:$Q, $J4, '임대사업(E)'!$C:$C, $L$1), COUNTIFS('환경부사업(F)'!$G:$G, Y$2, '환경부사업(F)'!$Q:$Q, $J4, '환경부사업(F)'!$C:$C, $L$1), COUNTIFS('프로젝트(G)'!$G:$G, Y$2, '프로젝트(G)'!$Q:$Q, $J4, '프로젝트(G)'!$C:$C, $L$1), COUNTIFS('협력사 EPC(H)'!$G:$G, Y$2, '협력사 EPC(H)'!$Q:$Q, $J4, '협력사 EPC(H)'!$C:$C, $L$1), COUNTIFS('기타(Z)'!$G:$G, Y$2, '기타(Z)'!$Q:$Q, $J4, '기타(Z)'!$C:$C, $L$1) ) = 0, "", COUNTIFS('발전사업(A)'!$G:$G, Y$2, '발전사업(A)'!$Q:$Q, $J4, '발전사업(A)'!$C:$C, $L$1) + COUNTIFS('자가소비(B)'!$G:$G, Y$2, '자가소비(B)'!$Q:$Q, $J4, '자가소비(B)'!$C:$C, $L$1) + COUNTIFS('PPA 사업(C)'!$G:$G, Y$2, 'PPA 사업(C)'!$Q:$Q, $J4, 'PPA 사업(C)'!$C:$C, $L$1) + COUNTIFS('리스사업(D)'!$G:$G, Y$2, '리스사업(D)'!$Q:$Q, $J4, '리스사업(D)'!$C:$C, $L$1) + COUNTIFS('임대사업(E)'!$G:$G, Y$2, '임대사업(E)'!$Q:$Q, $J4, '임대사업(E)'!$C:$C, $L$1) + COUNTIFS('환경부사업(F)'!$G:$G, Y$2, '환경부사업(F)'!$Q:$Q, $J4, '환경부사업(F)'!$C:$C, $L$1) + COUNTIFS('프로젝트(G)'!$G:$G, Y$2, '프로젝트(G)'!$Q:$Q, $J4, '프로젝트(G)'!$C:$C, $L$1) + COUNTIFS('협력사 EPC(H)'!$G:$G, Y$2, '협력사 EPC(H)'!$Q:$Q, $J4, '협력사 EPC(H)'!$C:$C, $L$1) + COUNTIFS('기타(Z)'!$G:$G, Y$2, '기타(Z)'!$Q:$Q, $J4, '기타(Z)'!$C:$C, $L$1) ) | AA4: =IF( SUM( SUMIFS('발전사업(A)'!$I:$I,'발전사업(A)'!$G:$G,AA$2,'발전사업(A)'!$Q:$Q,$J4,'발전사업(A)'!$C:$C,$L$1), SUMIFS('자가소비(B)'!$I:$I,'자가소비(B)'!$G:$G,AA$2,'자가소비(B)'!$Q:$Q,$J4,'자가소비(B)'!$C:$C,$L$1), SUMIFS('PPA 사업(C)'!$I:$I,'PPA 사업(C)'!$G:$G,AA$2,'PPA 사업(C)'!$Q:$Q,$J4,'PPA 사업(C)'!$C:$C,$L$1), SUMIFS('리스사업(D)'!$I:$I,'리스사업(D)'!$G:$G,AA$2,'리스사업(D)'!$Q:$Q,$J4,'리스사업(D)'!$C:$C,$L$1), SUMIFS('임대사업(E)'!$I:$I,'임대사업(E)'!$G:$G,AA$2,'임대사업(E)'!$Q:$Q,$J4,'임대사업(E)'!$C:$C,$L$1), SUMIFS('환경부사업(F)'!$I:$I,'환경부사업(F)'!$G:$G,AA$2,'환경부사업(F)'!$Q:$Q,$J4,'환경부사업(F)'!$C:$C,$L$1), SUMIFS('프로젝트(G)'!$I:$I,'프로젝트(G)'!$G:$G,AA$2,'프로젝트(G)'!$Q:$Q,$J4,'프로젝트(G)'!$C:$C,$L$1), SUMIFS('협력사 EPC(H)'!$I:$I,'협력사 EPC(H)'!$G:$G,AA$2,'협력사 EPC(H)'!$Q:$Q,$J4,'협력사 EPC(H)'!$C:$C,$L$1), SUMIFS('기타(Z)'!$I:$I,'기타(Z)'!$G:$G,AA$2,'기타(Z)'!$Q:$Q,$J4,'기타(Z)'!$C:$C,$L$1) )=0, "", SUM( SUMIFS('발전사업(A)'!$I:$I,'발전사업(A)'!$G:$G,AA$2,'발전사업(A)'!$Q:$Q,$J4,'발전사업(A)'!$C:$C,$L$1), SUMIFS('자가소비(B)'!$I:$I,'자가소비(B)'!$G:$G,AA$2,'자가소비(B)'!$Q:$Q,$J4,'자가소비(B)'!$C:$C,$L$1), SUMIFS('PPA 사업(C)'!$I:$I,'PPA 사업(C)'!$G:$G,AA$2,'PPA 사업(C)'!$Q:$Q,$J4,'PPA 사업(C)'!$C:$C,$L$1), SUMIFS('리스사업(D)'!$I:$I,'리스사업(D)'!$G:$G,AA$2,'리스사업(D)'!$Q:$Q,$J4,'리스사업(D)'!$C:$C,$L$1), SUMIFS('임대사업(E)'!$I:$I,'임대사업(E)'!$G:$G,AA$2,'임대사업(E)'!$Q:$Q,$J4,'임대사업(E)'!$C:$C,$L$1), SUMIFS('환경부사업(F)'!$I:$I,'환경부사업(F)'!$G:$G,AA$2,'환경부사업(F)'!$Q:$Q,$J4,'환경부사업(F)'!$C:$C,$L$1), SUMIFS('프로젝트(G)'!$I:$I,'프로젝트(G)'!$G:$G,AA$2,'프로젝트(G)'!$Q:$Q,$J4,'프로젝트(G)'!$C:$C,$L$1), SUMIFS('협력사 EPC(H)'!$I:$I,'협력사 EPC(H)'!$G:$G,AA$2,'협력사 EPC(H)'!$Q:$Q,$J4,'협력사 EPC(H)'!$C:$C,$L$1), SUMIFS('기타(Z)'!$I:$I,'기타(Z)'!$G:$G,AA$2,'기타(Z)'!$Q:$Q,$J4,'기타(Z)'!$C:$C,$L$1) ) ) | AB4: =IF( SUM( COUNTIFS('발전사업(A)'!$G:$G, AA$2, '발전사업(A)'!$Q:$Q, $J4, '발전사업(A)'!$C:$C, $L$1), COUNTIFS('자가소비(B)'!$G:$G, AA$2, '자가소비(B)'!$Q:$Q, $J4, '자가소비(B)'!$C:$C, $L$1), COUNTIFS('PPA 사업(C)'!$G:$G, AA$2, 'PPA 사업(C)'!$Q:$Q, $J4, 'PPA 사업(C)'!$C:$C, $L$1), COUNTIFS('리스사업(D)'!$G:$G, AA$2, '리스사업(D)'!$Q:$Q, $J4, '리스사업(D)'!$C:$C, $L$1), COUNTIFS('임대사업(E)'!$G:$G, AA$2, '임대사업(E)'!$Q:$Q, $J4, '임대사업(E)'!$C:$C, $L$1), COUNTIFS('환경부사업(F)'!$G:$G, AA$2, '환경부사업(F)'!$Q:$Q, $J4, '환경부사업(F)'!$C:$C, $L$1), COUNTIFS('프로젝트(G)'!$G:$G, AA$2, '프로젝트(G)'!$Q:$Q, $J4, '프로젝트(G)'!$C:$C, $L$1), COUNTIFS('협력사 EPC(H)'!$G:$G, AA$2, '협력사 EPC(H)'!$Q:$Q, $J4, '협력사 EPC(H)'!$C:$C, $L$1), COUNTIFS('기타(Z)'!$G:$G, AA$2, '기타(Z)'!$Q:$Q, $J4, '기타(Z)'!$C:$C, $L$1) ) = 0, "", COUNTIFS('발전사업(A)'!$G:$G, AA$2, '발전사업(A)'!$Q:$Q, $J4, '발전사업(A)'!$C:$C, $L$1) + COUNTIFS('자가소비(B)'!$G:$G, AA$2, '자가소비(B)'!$Q:$Q, $J4, '자가소비(B)'!$C:$C, $L$1) + COUNTIFS('PPA 사업(C)'!$G:$G, AA$2, 'PPA 사업(C)'!$Q:$Q, $J4, 'PPA 사업(C)'!$C:$C, $L$1) + COUNTIFS('리스사업(D)'!$G:$G, AA$2, '리스사업(D)'!$Q:$Q, $J4, '리스사업(D)'!$C:$C, $L$1) + COUNTIFS('임대사업(E)'!$G:$G, AA$2, '임대사업(E)'!$Q:$Q, $J4, '임대사업(E)'!$C:$C, $L$1) + COUNTIFS('환경부사업(F)'!$G:$G, AA$2, '환경부사업(F)'!$Q:$Q, $J4, '환경부사업(F)'!$C:$C, $L$1) + COUNTIFS('프로젝트(G)'!$G:$G, AA$2, '프로젝트(G)'!$Q:$Q, $J4, '프로젝트(G)'!$C:$C, $L$1) + COUNTIFS('협력사 EPC(H)'!$G:$G, AA$2, '협력사 EPC(H)'!$Q:$Q, $J4, '협력사 EPC(H)'!$C:$C, $L$1) + COUNTIFS('기타(Z)'!$G:$G, AA$2, '기타(Z)'!$Q:$Q, $J4, '기타(Z)'!$C:$C, $L$1) ) | AC4: =IF( SUM( SUMIFS('발전사업(A)'!$I:$I,'발전사업(A)'!$G:$G,AC$2,'발전사업(A)'!$Q:$Q,$J4,'발전사업(A)'!$C:$C,$L$1), SUMIFS('자가소비(B)'!$I:$I,'자가소비(B)'!$G:$G,AC$2,'자가소비(B)'!$Q:$Q,$J4,'자가소비(B)'!$C:$C,$L$1), SUMIFS('PPA 사업(C)'!$I:$I,'PPA 사업(C)'!$G:$G,AC$2,'PPA 사업(C)'!$Q:$Q,$J4,'PPA 사업(C)'!$C:$C,$L$1), SUMIFS('리스사업(D)'!$I:$I,'리스사업(D)'!$G:$G,AC$2,'리스사업(D)'!$Q:$Q,$J4,'리스사업(D)'!$C:$C,$L$1), SUMIFS('임대사업(E)'!$I:$I,'임대사업(E)'!$G:$G,AC$2,'임대사업(E)'!$Q:$Q,$J4,'임대사업(E)'!$C:$C,$L$1), SUMIFS('환경부사업(F)'!$I:$I,'환경부사업(F)'!$G:$G,AC$2,'환경부사업(F)'!$Q:$Q,$J4,'환경부사업(F)'!$C:$C,$L$1), SUMIFS('프로젝트(G)'!$I:$I,'프로젝트(G)'!$G:$G,AC$2,'프로젝트(G)'!$Q:$Q,$J4,'프로젝트(G)'!$C:$C,$L$1), SUMIFS('협력사 EPC(H)'!$I:$I,'협력사 EPC(H)'!$G:$G,AC$2,'협력사 EPC(H)'!$Q:$Q,$J4,'협력사 EPC(H)'!$C:$C,$L$1), SUMIFS('기타(Z)'!$I:$I,'기타(Z)'!$G:$G,AC$2,'기타(Z)'!$Q:$Q,$J4,'기타(Z)'!$C:$C,$L$1) )=0, "", SUM( SUMIFS('발전사업(A)'!$I:$I,'발전사업(A)'!$G:$G,AC$2,'발전사업(A)'!$Q:$Q,$J4,'발전사업(A)'!$C:$C,$L$1), SUMIFS('자가소비(B)'!$I:$I,'자가소비(B)'!$G:$G,AC$2,'자가소비(B)'!$Q:$Q,$J4,'자가소비(B)'!$C:$C,$L$1), SUMIFS('PPA 사업(C)'!$I:$I,'PPA 사업(C)'!$G:$G,AC$2,'PPA 사업(C)'!$Q:$Q,$J4,'PPA 사업(C)'!$C:$C,$L$1), SUMIFS('리스사업(D)'!$I:$I,'리스사업(D)'!$G:$G,AC$2,'리스사업(D)'!$Q:$Q,$J4,'리스사업(D)'!$C:$C,$L$1), SUMIFS('임대사업(E)'!$I:$I,'임대사업(E)'!$G:$G,AC$2,'임대사업(E)'!$Q:$Q,$J4,'임대사업(E)'!$C:$C,$L$1), SUMIFS('환경부사업(F)'!$I:$I,'환경부사업(F)'!$G:$G,AC$2,'환경부사업(F)'!$Q:$Q,$J4,'환경부사업(F)'!$C:$C,$L$1), SUMIFS('프로젝트(G)'!$I:$I,'프로젝트(G)'!$G:$G,AC$2,'프로젝트(G)'!$Q:$Q,$J4,'프로젝트(G)'!$C:$C,$L$1), SUMIFS('협력사 EPC(H)'!$I:$I,'협력사 EPC(H)'!$G:$G,AC$2,'협력사 EPC(H)'!$Q:$Q,$J4,'협력사 EPC(H)'!$C:$C,$L$1), SUMIFS('기타(Z)'!$I:$I,'기타(Z)'!$G:$G,AC$2,'기타(Z)'!$Q:$Q,$J4,'기타(Z)'!$C:$C,$L$1) ) ) | AD4: =IF( SUM( COUNTIFS('발전사업(A)'!$G:$G, AC$2, '발전사업(A)'!$Q:$Q, $J4, '발전사업(A)'!$C:$C, $L$1), COUNTIFS('자가소비(B)'!$G:$G, AC$2, '자가소비(B)'!$Q:$Q, $J4, '자가소비(B)'!$C:$C, $L$1), COUNTIFS('PPA 사업(C)'!$G:$G, AC$2, 'PPA 사업(C)'!$Q:$Q, $J4, 'PPA 사업(C)'!$C:$C, $L$1), COUNTIFS('리스사업(D)'!$G:$G, AC$2, '리스사업(D)'!$Q:$Q, $J4, '리스사업(D)'!$C:$C, $L$1), COUNTIFS('임대사업(E)'!$G:$G, AC$2, '임대사업(E)'!$Q:$Q, $J4, '임대사업(E)'!$C:$C, $L$1), COUNTIFS('환경부사업(F)'!$G:$G, AC$2, '환경부사업(F)'!$Q:$Q, $J4, '환경부사업(F)'!$C:$C, $L$1), COUNTIFS('프로젝트(G)'!$G:$G, AC$2, '프로젝트(G)'!$Q:$Q, $J4, '프로젝트(G)'!$C:$C, $L$1), COUNTIFS('협력사 EPC(H)'!$G:$G, AC$2, '협력사 EPC(H)'!$Q:$Q, $J4, '협력사 EPC(H)'!$C:$C, $L$1), COUNTIFS('기타(Z)'!$G:$G, AC$2, '기타(Z)'!$Q:$Q, $J4, '기타(Z)'!$C:$C, $L$1) ) = 0, "", COUNTIFS('발전사업(A)'!$G:$G, AC$2, '발전사업(A)'!$Q:$Q, $J4, '발전사업(A)'!$C:$C, $L$1) + COUNTIFS('자가소비(B)'!$G:$G, AC$2, '자가소비(B)'!$Q:$Q, $J4, '자가소비(B)'!$C:$C, $L$1) + COUNTIFS('PPA 사업(C)'!$G:$G, AC$2, 'PPA 사업(C)'!$Q:$Q, $J4, 'PPA 사업(C)'!$C:$C, $L$1) + COUNTIFS('리스사업(D)'!$G:$G, AC$2, '리스사업(D)'!$Q:$Q, $J4, '리스사업(D)'!$C:$C, $L$1) + COUNTIFS('임대사업(E)'!$G:$G, AC$2, '임대사업(E)'!$Q:$Q, $J4, '임대사업(E)'!$C:$C, $L$1) + COUNTIFS('환경부사업(F)'!$G:$G, AC$2, '환경부사업(F)'!$Q:$Q, $J4, '환경부사업(F)'!$C:$C, $L$1) + COUNTIFS('프로젝트(G)'!$G:$G, AC$2, '프로젝트(G)'!$Q:$Q, $J4, '프로젝트(G)'!$C:$C, $L$1) + COUNTIFS('협력사 EPC(H)'!$G:$G, AC$2, '협력사 EPC(H)'!$Q:$Q, $J4, '협력사 EPC(H)'!$C:$C, $L$1) + COUNTIFS('기타(Z)'!$G:$G, AC$2, '기타(Z)'!$Q:$Q, $J4, '기타(Z)'!$C:$C, $L$1) ) | AE4: =IF( SUM( SUMIFS('발전사업(A)'!$I:$I,'발전사업(A)'!$G:$G,AE$2,'발전사업(A)'!$Q:$Q,$J4,'발전사업(A)'!$C:$C,$L$1), SUMIFS('자가소비(B)'!$I:$I,'자가소비(B)'!$G:$G,AE$2,'자가소비(B)'!$Q:$Q,$J4,'자가소비(B)'!$C:$C,$L$1), SUMIFS('PPA 사업(C)'!$I:$I,'PPA 사업(C)'!$G:$G,AE$2,'PPA 사업(C)'!$Q:$Q,$J4,'PPA 사업(C)'!$C:$C,$L$1), SUMIFS('리스사업(D)'!$I:$I,'리스사업(D)'!$G:$G,AE$2,'리스사업(D)'!$Q:$Q,$J4,'리스사업(D)'!$C:$C,$L$1), SUMIFS('임대사업(E)'!$I:$I,'임대사업(E)'!$G:$G,AE$2,'임대사업(E)'!$Q:$Q,$J4,'임대사업(E)'!$C:$C,$L$1), SUMIFS('환경부사업(F)'!$I:$I,'환경부사업(F)'!$G:$G,AE$2,'환경부사업(F)'!$Q:$Q,$J4,'환경부사업(F)'!$C:$C,$L$1), SUMIFS('프로젝트(G)'!$I:$I,'프로젝트(G)'!$G:$G,AE$2,'프로젝트(G)'!$Q:$Q,$J4,'프로젝트(G)'!$C:$C,$L$1), SUMIFS('협력사 EPC(H)'!$I:$I,'협력사 EPC(H)'!$G:$G,AE$2,'협력사 EPC(H)'!$Q:$Q,$J4,'협력사 EPC(H)'!$C:$C,$L$1), SUMIFS('기타(Z)'!$I:$I,'기타(Z)'!$G:$G,AE$2,'기타(Z)'!$Q:$Q,$J4,'기타(Z)'!$C:$C,$L$1) )=0, "", SUM( SUMIFS('발전사업(A)'!$I:$I,'발전사업(A)'!$G:$G,AE$2,'발전사업(A)'!$Q:$Q,$J4,'발전사업(A)'!$C:$C,$L$1), SUMIFS('자가소비(B)'!$I:$I,'자가소비(B)'!$G:$G,AE$2,'자가소비(B)'!$Q:$Q,$J4,'자가소비(B)'!$C:$C,$L$1), SUMIFS('PPA 사업(C)'!$I:$I,'PPA 사업(C)'!$G:$G,AE$2,'PPA 사업(C)'!$Q:$Q,$J4,'PPA 사업(C)'!$C:$C,$L$1), SUMIFS('리스사업(D)'!$I:$I,'리스사업(D)'!$G:$G,AE$2,'리스사업(D)'!$Q:$Q,$J4,'리스사업(D)'!$C:$C,$L$1), SUMIFS('임대사업(E)'!$I:$I,'임대사업(E)'!$G:$G,AE$2,'임대사업(E)'!$Q:$Q,$J4,'임대사업(E)'!$C:$C,$L$1), SUMIFS('환경부사업(F)'!$I:$I,'환경부사업(F)'!$G:$G,AE$2,'환경부사업(F)'!$Q:$Q,$J4,'환경부사업(F)'!$C:$C,$L$1), SUMIFS('프로젝트(G)'!$I:$I,'프로젝트(G)'!$G:$G,AE$2,'프로젝트(G)'!$Q:$Q,$J4,'프로젝트(G)'!$C:$C,$L$1), SUMIFS('협력사 EPC(H)'!$I:$I,'협력사 EPC(H)'!$G:$G,AE$2,'협력사 EPC(H)'!$Q:$Q,$J4,'협력사 EPC(H)'!$C:$C,$L$1), SUMIFS('기타(Z)'!$I:$I,'기타(Z)'!$G:$G,AE$2,'기타(Z)'!$Q:$Q,$J4,'기타(Z)'!$C:$C,$L$1) ) ) | AF4: =IF( SUM( COUNTIFS('발전사업(A)'!$G:$G, AE$2, '발전사업(A)'!$Q:$Q, $J4, '발전사업(A)'!$C:$C, $L$1), COUNTIFS('자가소비(B)'!$G:$G, AE$2, '자가소비(B)'!$Q:$Q, $J4, '자가소비(B)'!$C:$C, $L$1), COUNTIFS('PPA 사업(C)'!$G:$G, AE$2, 'PPA 사업(C)'!$Q:$Q, $J4, 'PPA 사업(C)'!$C:$C, $L$1), COUNTIFS('리스사업(D)'!$G:$G, AE$2, '리스사업(D)'!$Q:$Q, $J4, '리스사업(D)'!$C:$C, $L$1), COUNTIFS('임대사업(E)'!$G:$G, AE$2, '임대사업(E)'!$Q:$Q, $J4, '임대사업(E)'!$C:$C, $L$1), COUNTIFS('환경부사업(F)'!$G:$G, AE$2, '환경부사업(F)'!$Q:$Q, $J4, '환경부사업(F)'!$C:$C, $L$1), COUNTIFS('프로젝트(G)'!$G:$G, AE$2, '프로젝트(G)'!$Q:$Q, $J4, '프로젝트(G)'!$C:$C, $L$1), COUNTIFS('협력사 EPC(H)'!$G:$G, AE$2, '협력사 EPC(H)'!$Q:$Q, $J4, '협력사 EPC(H)'!$C:$C, $L$1), COUNTIFS('기타(Z)'!$G:$G, AE$2, '기타(Z)'!$Q:$Q, $J4, '기타(Z)'!$C:$C, $L$1) ) = 0, "", COUNTIFS('발전사업(A)'!$G:$G, AE$2, '발전사업(A)'!$Q:$Q, $J4, '발전사업(A)'!$C:$C, $L$1) + COUNTIFS('자가소비(B)'!$G:$G, AE$2, '자가소비(B)'!$Q:$Q, $J4, '자가소비(B)'!$C:$C, $L$1) + COUNTIFS('PPA 사업(C)'!$G:$G, AE$2, 'PPA 사업(C)'!$Q:$Q, $J4, 'PPA 사업(C)'!$C:$C, $L$1) + COUNTIFS('리스사업(D)'!$G:$G, AE$2, '리스사업(D)'!$Q:$Q, $J4, '리스사업(D)'!$C:$C, $L$1) + COUNTIFS('임대사업(E)'!$G:$G, AE$2, '임대사업(E)'!$Q:$Q, $J4, '임대사업(E)'!$C:$C, $L$1) + COUNTIFS('환경부사업(F)'!$G:$G, AE$2, '환경부사업(F)'!$Q:$Q, $J4, '환경부사업(F)'!$C:$C, $L$1) + COUNTIFS('프로젝트(G)'!$G:$G, AE$2, '프로젝트(G)'!$Q:$Q, $J4, '프로젝트(G)'!$C:$C, $L$1) + COUNTIFS('협력사 EPC(H)'!$G:$G, AE$2, '협력사 EPC(H)'!$Q:$Q, $J4, '협력사 EPC(H)'!$C:$C, $L$1) + COUNTIFS('기타(Z)'!$G:$G, AE$2, '기타(Z)'!$Q:$Q, $J4, '기타(Z)'!$C:$C, $L$1) ) | AG4: =IF( SUM( SUMIFS('발전사업(A)'!$I:$I,'발전사업(A)'!$G:$G,AG$2,'발전사업(A)'!$Q:$Q,$J4,'발전사업(A)'!$C:$C,$L$1), SUMIFS('자가소비(B)'!$I:$I,'자가소비(B)'!$G:$G,AG$2,'자가소비(B)'!$Q:$Q,$J4,'자가소비(B)'!$C:$C,$L$1), SUMIFS('PPA 사업(C)'!$I:$I,'PPA 사업(C)'!$G:$G,AG$2,'PPA 사업(C)'!$Q:$Q,$J4,'PPA 사업(C)'!$C:$C,$L$1), SUMIFS('리스사업(D)'!$I:$I,'리스사업(D)'!$G:$G,AG$2,'리스사업(D)'!$Q:$Q,$J4,'리스사업(D)'!$C:$C,$L$1), SUMIFS('임대사업(E)'!$I:$I,'임대사업(E)'!$G:$G,AG$2,'임대사업(E)'!$Q:$Q,$J4,'임대사업(E)'!$C:$C,$L$1), SUMIFS('환경부사업(F)'!$I:$I,'환경부사업(F)'!$G:$G,AG$2,'환경부사업(F)'!$Q:$Q,$J4,'환경부사업(F)'!$C:$C,$L$1), SUMIFS('프로젝트(G)'!$I:$I,'프로젝트(G)'!$G:$G,AG$2,'프로젝트(G)'!$Q:$Q,$J4,'프로젝트(G)'!$C:$C,$L$1), SUMIFS('협력사 EPC(H)'!$I:$I,'협력사 EPC(H)'!$G:$G,AG$2,'협력사 EPC(H)'!$Q:$Q,$J4,'협력사 EPC(H)'!$C:$C,$L$1), SUMIFS('기타(Z)'!$I:$I,'기타(Z)'!$G:$G,AG$2,'기타(Z)'!$Q:$Q,$J4,'기타(Z)'!$C:$C,$L$1) )=0, "", SUM( SUMIFS('발전사업(A)'!$I:$I,'발전사업(A)'!$G:$G,AG$2,'발전사업(A)'!$Q:$Q,$J4,'발전사업(A)'!$C:$C,$L$1), SUMIFS('자가소비(B)'!$I:$I,'자가소비(B)'!$G:$G,AG$2,'자가소비(B)'!$Q:$Q,$J4,'자가소비(B)'!$C:$C,$L$1), SUMIFS('PPA 사업(C)'!$I:$I,'PPA 사업(C)'!$G:$G,AG$2,'PPA 사업(C)'!$Q:$Q,$J4,'PPA 사업(C)'!$C:$C,$L$1), SUMIFS('리스사업(D)'!$I:$I,'리스사업(D)'!$G:$G,AG$2,'리스사업(D)'!$Q:$Q,$J4,'리스사업(D)'!$C:$C,$L$1), SUMIFS('임대사업(E)'!$I:$I,'임대사업(E)'!$G:$G,AG$2,'임대사업(E)'!$Q:$Q,$J4,'임대사업(E)'!$C:$C,$L$1), SUMIFS('환경부사업(F)'!$I:$I,'환경부사업(F)'!$G:$G,AG$2,'환경부사업(F)'!$Q:$Q,$J4,'환경부사업(F)'!$C:$C,$L$1), SUMIFS('프로젝트(G)'!$I:$I,'프로젝트(G)'!$G:$G,AG$2,'프로젝트(G)'!$Q:$Q,$J4,'프로젝트(G)'!$C:$C,$L$1), SUMIFS('협력사 EPC(H)'!$I:$I,'협력사 EPC(H)'!$G:$G,AG$2,'협력사 EPC(H)'!$Q:$Q,$J4,'협력사 EPC(H)'!$C:$C,$L$1), SUMIFS('기타(Z)'!$I:$I,'기타(Z)'!$G:$G,AG$2,'기타(Z)'!$Q:$Q,$J4,'기타(Z)'!$C:$C,$L$1) ) ) | AH4: =IF( SUM( COUNTIFS('발전사업(A)'!$G:$G, AG$2, '발전사업(A)'!$Q:$Q, $J4, '발전사업(A)'!$C:$C, $L$1), COUNTIFS('자가소비(B)'!$G:$G, AG$2, '자가소비(B)'!$Q:$Q, $J4, '자가소비(B)'!$C:$C, $L$1), COUNTIFS('PPA 사업(C)'!$G:$G, AG$2, 'PPA 사업(C)'!$Q:$Q, $J4, 'PPA 사업(C)'!$C:$C, $L$1), COUNTIFS('리스사업(D)'!$G:$G, AG$2, '리스사업(D)'!$Q:$Q, $J4, '리스사업(D)'!$C:$C, $L$1), COUNTIFS('임대사업(E)'!$G:$G, AG$2, '임대사업(E)'!$Q:$Q, $J4, '임대사업(E)'!$C:$C, $L$1), COUNTIFS('환경부사업(F)'!$G:$G, AG$2, '환경부사업(F)'!$Q:$Q, $J4, '환경부사업(F)'!$C:$C, $L$1), COUNTIFS('프로젝트(G)'!$G:$G, AG$2, '프로젝트(G)'!$Q:$Q, $J4, '프로젝트(G)'!$C:$C, $L$1), COUNTIFS('협력사 EPC(H)'!$G:$G, AG$2, '협력사 EPC(H)'!$Q:$Q, $J4, '협력사 EPC(H)'!$C:$C, $L$1), COUNTIFS('기타(Z)'!$G:$G, AG$2, '기타(Z)'!$Q:$Q, $J4, '기타(Z)'!$C:$C, $L$1) ) = 0, "", COUNTIFS('발전사업(A)'!$G:$G, AG$2, '발전사업(A)'!$Q:$Q, $J4, '발전사업(A)'!$C:$C, $L$1) + COUNTIFS('자가소비(B)'!$G:$G, AG$2, '자가소비(B)'!$Q:$Q, $J4, '자가소비(B)'!$C:$C, $L$1) + COUNTIFS('PPA 사업(C)'!$G:$G, AG$2, 'PPA 사업(C)'!$Q:$Q, $J4, 'PPA 사업(C)'!$C:$C, $L$1) + COUNTIFS('리스사업(D)'!$G:$G, AG$2, '리스사업(D)'!$Q:$Q, $J4, '리스사업(D)'!$C:$C, $L$1) + COUNTIFS('임대사업(E)'!$G:$G, AG$2, '임대사업(E)'!$Q:$Q, $J4, '임대사업(E)'!$C:$C, $L$1) + COUNTIFS('환경부사업(F)'!$G:$G, AG$2, '환경부사업(F)'!$Q:$Q, $J4, '환경부사업(F)'!$C:$C, $L$1) + COUNTIFS('프로젝트(G)'!$G:$G, AG$2, '프로젝트(G)'!$Q:$Q, $J4, '프로젝트(G)'!$C:$C, $L$1) + COUNTIFS('협력사 EPC(H)'!$G:$G, AG$2, '협력사 EPC(H)'!$Q:$Q, $J4, '협력사 EPC(H)'!$C:$C, $L$1) + COUNTIFS('기타(Z)'!$G:$G, AG$2, '기타(Z)'!$Q:$Q, $J4, '기타(Z)'!$C:$C, $L$1) ) | AI4: =IF( SUM( SUMIFS('발전사업(A)'!$I:$I,'발전사업(A)'!$G:$G,AI$2,'발전사업(A)'!$Q:$Q,$J4,'발전사업(A)'!$C:$C,$L$1), SUMIFS('자가소비(B)'!$I:$I,'자가소비(B)'!$G:$G,AI$2,'자가소비(B)'!$Q:$Q,$J4,'자가소비(B)'!$C:$C,$L$1), SUMIFS('PPA 사업(C)'!$I:$I,'PPA 사업(C)'!$G:$G,AI$2,'PPA 사업(C)'!$Q:$Q,$J4,'PPA 사업(C)'!$C:$C,$L$1), SUMIFS('리스사업(D)'!$I:$I,'리스사업(D)'!$G:$G,AI$2,'리스사업(D)'!$Q:$Q,$J4,'리스사업(D)'!$C:$C,$L$1), SUMIFS('임대사업(E)'!$I:$I,'임대사업(E)'!$G:$G,AI$2,'임대사업(E)'!$Q:$Q,$J4,'임대사업(E)'!$C:$C,$L$1), SUMIFS('환경부사업(F)'!$I:$I,'환경부사업(F)'!$G:$G,AI$2,'환경부사업(F)'!$Q:$Q,$J4,'환경부사업(F)'!$C:$C,$L$1), SUMIFS('프로젝트(G)'!$I:$I,'프로젝트(G)'!$G:$G,AI$2,'프로젝트(G)'!$Q:$Q,$J4,'프로젝트(G)'!$C:$C,$L$1), SUMIFS('협력사 EPC(H)'!$I:$I,'협력사 EPC(H)'!$G:$G,AI$2,'협력사 EPC(H)'!$Q:$Q,$J4,'협력사 EPC(H)'!$C:$C,$L$1), SUMIFS('기타(Z)'!$I:$I,'기타(Z)'!$G:$G,AI$2,'기타(Z)'!$Q:$Q,$J4,'기타(Z)'!$C:$C,$L$1) )=0, "", SUM( SUMIFS('발전사업(A)'!$I:$I,'발전사업(A)'!$G:$G,AI$2,'발전사업(A)'!$Q:$Q,$J4,'발전사업(A)'!$C:$C,$L$1), SUMIFS('자가소비(B)'!$I:$I,'자가소비(B)'!$G:$G,AI$2,'자가소비(B)'!$Q:$Q,$J4,'자가소비(B)'!$C:$C,$L$1), SUMIFS('PPA 사업(C)'!$I:$I,'PPA 사업(C)'!$G:$G,AI$2,'PPA 사업(C)'!$Q:$Q,$J4,'PPA 사업(C)'!$C:$C,$L$1), SUMIFS('리스사업(D)'!$I:$I,'리스사업(D)'!$G:$G,AI$2,'리스사업(D)'!$Q:$Q,$J4,'리스사업(D)'!$C:$C,$L$1), SUMIFS('임대사업(E)'!$I:$I,'임대사업(E)'!$G:$G,AI$2,'임대사업(E)'!$Q:$Q,$J4,'임대사업(E)'!$C:$C,$L$1), SUMIFS('환경부사업(F)'!$I:$I,'환경부사업(F)'!$G:$G,AI$2,'환경부사업(F)'!$Q:$Q,$J4,'환경부사업(F)'!$C:$C,$L$1), SUMIFS('프로젝트(G)'!$I:$I,'프로젝트(G)'!$G:$G,AI$2,'프로젝트(G)'!$Q:$Q,$J4,'프로젝트(G)'!$C:$C,$L$1), SUMIFS('협력사 EPC(H)'!$I:$I,'협력사 EPC(H)'!$G:$G,AI$2,'협력사 EPC(H)'!$Q:$Q,$J4,'협력사 EPC(H)'!$C:$C,$L$1), SUMIFS('기타(Z)'!$I:$I,'기타(Z)'!$G:$G,AI$2,'기타(Z)'!$Q:$Q,$J4,'기타(Z)'!$C:$C,$L$1) ) ) | AJ4: =IF( SUM( COUNTIFS('발전사업(A)'!$G:$G, AI$2, '발전사업(A)'!$Q:$Q, $J4, '발전사업(A)'!$C:$C, $L$1), COUNTIFS('자가소비(B)'!$G:$G, AI$2, '자가소비(B)'!$Q:$Q, $J4, '자가소비(B)'!$C:$C, $L$1), COUNTIFS('PPA 사업(C)'!$G:$G, AI$2, 'PPA 사업(C)'!$Q:$Q, $J4, 'PPA 사업(C)'!$C:$C, $L$1), COUNTIFS('리스사업(D)'!$G:$G, AI$2, '리스사업(D)'!$Q:$Q, $J4, '리스사업(D)'!$C:$C, $L$1), COUNTIFS('임대사업(E)'!$G:$G, AI$2, '임대사업(E)'!$Q:$Q, $J4, '임대사업(E)'!$C:$C, $L$1), COUNTIFS('환경부사업(F)'!$G:$G, AI$2, '환경부사업(F)'!$Q:$Q, $J4, '환경부사업(F)'!$C:$C, $L$1), COUNTIFS('프로젝트(G)'!$G:$G, AI$2, '프로젝트(G)'!$Q:$Q, $J4, '프로젝트(G)'!$C:$C, $L$1), COUNTIFS('협력사 EPC(H)'!$G:$G, AI$2, '협력사 EPC(H)'!$Q:$Q, $J4, '협력사 EPC(H)'!$C:$C, $L$1), COUNTIFS('기타(Z)'!$G:$G, AI$2, '기타(Z)'!$Q:$Q, $J4, '기타(Z)'!$C:$C, $L$1) ) = 0, "", COUNTIFS('발전사업(A)'!$G:$G, AI$2, '발전사업(A)'!$Q:$Q, $J4, '발전사업(A)'!$C:$C, $L$1) + COUNTIFS('자가소비(B)'!$G:$G, AI$2, '자가소비(B)'!$Q:$Q, $J4, '자가소비(B)'!$C:$C, $L$1) + COUNTIFS('PPA 사업(C)'!$G:$G, AI$2, 'PPA 사업(C)'!$Q:$Q, $J4, 'PPA 사업(C)'!$C:$C, $L$1) + COUNTIFS('리스사업(D)'!$G:$G, AI$2, '리스사업(D)'!$Q:$Q, $J4, '리스사업(D)'!$C:$C, $L$1) + COUNTIFS('임대사업(E)'!$G:$G, AI$2, '임대사업(E)'!$Q:$Q, $J4, '임대사업(E)'!$C:$C, $L$1) + COUNTIFS('환경부사업(F)'!$G:$G, AI$2, '환경부사업(F)'!$Q:$Q, $J4, '환경부사업(F)'!$C:$C, $L$1) + COUNTIFS('프로젝트(G)'!$G:$G, AI$2, '프로젝트(G)'!$Q:$Q, $J4, '프로젝트(G)'!$C:$C, $L$1) + COUNTIFS('협력사 EPC(H)'!$G:$G, AI$2, '협력사 EPC(H)'!$Q:$Q, $J4, '협력사 EPC(H)'!$C:$C, $L$1) + COUNTIFS('기타(Z)'!$G:$G, AI$2, '기타(Z)'!$Q:$Q, $J4, '기타(Z)'!$C:$C, $L$1) )
B5: 공장 | C5: =IF(COUNTA(C17,C29,C41,C53,C65,C77,C89,C101,C113,C125,C137,C149)=0,"", IF(SUM(N(C17),N(C29),N(C41),N(C53),N(C65),N(C77),N(C89),N(C101),N(C113),N(C125),N(C137),N(C149))=0,"", SUM(N(C17),N(C29),N(C41),N(C53),N(C65),N(C77),N(C89),N(C101),N(C113),N(C125),N(C137),N(C149)) )) -> 27878.11 | D5: =IF(COUNTA(D17,D29,D41,D53,D65,D77,D89,D101,D113,D125,D137,D149)=0,"", IF(SUM(N(D17),N(D29),N(D41),N(D53),N(D65),N(D77),N(D89),N(D101),N(D113),N(D125),N(D137),N(D149))=0,"", SUM(N(D17),N(D29),N(D41),N(D53),N(D65),N(D77),N(D89),N(D101),N(D113),N(D125),N(D137),N(D149)) )) -> 93 | E5: =IF(COUNTA(E17,E29,E41,E53,E65,E77,E89,E101,E113,E125,E137,E149)=0,"", IF(SUM(N(E17),N(E29),N(E41),N(E53),N(E65),N(E77),N(E89),N(E101),N(E113),N(E125),N(E137),N(E149))=0,"", SUM(N(E17),N(E29),N(E41),N(E53),N(E65),N(E77),N(E89),N(E101),N(E113),N(E125),N(E137),N(E149)) )) -> 19974.895 | F5: =IF(COUNTA(F17,F29,F41,F53,F65,F77,F89,F101,F113,F125,F137,F149)=0,"", IF(SUM(N(F17),N(F29),N(F41),N(F53),N(F65),N(F77),N(F89),N(F101),N(F113),N(F125),N(F137),N(F149))=0,"", SUM(N(F17),N(F29),N(F41),N(F53),N(F65),N(F77),N(F89),N(F101),N(F113),N(F125),N(F137),N(F149)) )) -> 62 | G5: =IF(COUNTA(G17,G29,G41,G53,G65,G77,G89,G101,G113,G125,G137,G149)=0,"", IF(SUM(N(G17),N(G29),N(G41),N(G53),N(G65),N(G77),N(G89),N(G101),N(G113),N(G125),N(G137),N(G149))=0,"", SUM(N(G17),N(G29),N(G41),N(G53),N(G65),N(G77),N(G89),N(G101),N(G113),N(G125),N(G137),N(G149)) )) -> 7903.215 | H5: =IF(COUNTA(H17,H29,H41,H53,H65,H77,H89,H101,H113,H125,H137,H149)=0,"", IF(SUM(N(H17),N(H29),N(H41),N(H53),N(H65),N(H77),N(H89),N(H101),N(H113),N(H125),N(H137),N(H149))=0,"", SUM(N(H17),N(H29),N(H41),N(H53),N(H65),N(H77),N(H89),N(H101),N(H113),N(H125),N(H137),N(H149)) )) -> 31 | J5: 충남 | K5: =IF( SUM( IFERROR(VALUE(SUBSTITUTE(M5,"kW","")),0), IFERROR(VALUE(SUBSTITUTE(O5,"kW","")),0), IFERROR(VALUE(SUBSTITUTE(Q5,"kW","")),0), IFERROR(VALUE(SUBSTITUTE(S5,"kW","")),0), IFERROR(VALUE(SUBSTITUTE(U5,"kW","")),0), IFERROR(VALUE(SUBSTITUTE(W5,"kW","")),0), IFERROR(VALUE(SUBSTITUTE(Y5,"kW","")),0), IFERROR(VALUE(SUBSTITUTE(AA5,"kW","")),0), IFERROR(VALUE(SUBSTITUTE(AC5,"kW","")),0), IFERROR(VALUE(SUBSTITUTE(AE5,"kW","")),0), IFERROR(VALUE(SUBSTITUTE(AG5,"kW","")),0), IFERROR(VALUE(SUBSTITUTE(AI5,"kW","")),0) )=0, "", SUM( IFERROR(VALUE(SUBSTITUTE(M5,"kW","")),0), IFERROR(VALUE(SUBSTITUTE(O5,"kW","")),0), IFERROR(VALUE(SUBSTITUTE(Q5,"kW","")),0), IFERROR(VALUE(SUBSTITUTE(S5,"kW","")),0), IFERROR(VALUE(SUBSTITUTE(U5,"kW","")),0), IFERROR(VALUE(SUBSTITUTE(W5,"kW","")),0), IFERROR(VALUE(SUBSTITUTE(Y5,"kW","")),0), IFERROR(VALUE(SUBSTITUTE(AA5,"kW","")),0), IFERROR(VALUE(SUBSTITUTE(AC5,"kW","")),0), IFERROR(VALUE(SUBSTITUTE(AE5,"kW","")),0), IFERROR(VALUE(SUBSTITUTE(AG5,"kW","")),0), IFERROR(VALUE(SUBSTITUTE(AI5,"kW","")),0) ) ) -> 1201.265 | L5: =IF( SUM( IFERROR(VALUE(SUBSTITUTE(N5,"건","")),0), IFERROR(VALUE(SUBSTITUTE(P5,"건","")),0), IFERROR(VALUE(SUBSTITUTE(R5,"건","")),0), IFERROR(VALUE(SUBSTITUTE(T5,"건","")),0), IFERROR(VALUE(SUBSTITUTE(V5,"건","")),0), IFERROR(VALUE(SUBSTITUTE(X5,"건","")),0), IFERROR(VALUE(SUBSTITUTE(Z5,"건","")),0), IFERROR(VALUE(SUBSTITUTE(AB5,"건","")),0), IFERROR(VALUE(SUBSTITUTE(AD5,"건","")),0), IFERROR(VALUE(SUBSTITUTE(AF5,"건","")),0), IFERROR(VALUE(SUBSTITUTE(AH5,"건","")),0), IFERROR(VALUE(SUBSTITUTE(AJ5,"건","")),0) )=0, "", SUM( IFERROR(VALUE(SUBSTITUTE(N5,"건","")),0), IFERROR(VALUE(SUBSTITUTE(P5,"건","")),0), IFERROR(VALUE(SUBSTITUTE(R5,"건","")),0), IFERROR(VALUE(SUBSTITUTE(T5,"건","")),0), IFERROR(VALUE(SUBSTITUTE(V5,"건","")),0), IFERROR(VALUE(SUBSTITUTE(X5,"건","")),0), IFERROR(VALUE(SUBSTITUTE(Z5,"건","")),0), IFERROR(VALUE(SUBSTITUTE(AB5,"건","")),0), IFERROR(VALUE(SUBSTITUTE(AD5,"건","")),0), IFERROR(VALUE(SUBSTITUTE(AF5,"건","")),0), IFERROR(VALUE(SUBSTITUTE(AH5,"건","")),0), IFERROR(VALUE(SUBSTITUTE(AJ5,"건","")),0) ) ) -> 4 | M5: =IF( SUM( SUMIFS('발전사업(A)'!$I:$I,'발전사업(A)'!$G:$G,M$2,'발전사업(A)'!$Q:$Q,$J5,'발전사업(A)'!$C:$C,$L$1), SUMIFS('자가소비(B)'!$I:$I,'자가소비(B)'!$G:$G,M$2,'자가소비(B)'!$Q:$Q,$J5,'자가소비(B)'!$C:$C,$L$1), SUMIFS('PPA 사업(C)'!$I:$I,'PPA 사업(C)'!$G:$G,M$2,'PPA 사업(C)'!$Q:$Q,$J5,'PPA 사업(C)'!$C:$C,$L$1), SUMIFS('리스사업(D)'!$I:$I,'리스사업(D)'!$G:$G,M$2,'리스사업(D)'!$Q:$Q,$J5,'리스사업(D)'!$C:$C,$L$1), SUMIFS('임대사업(E)'!$I:$I,'임대사업(E)'!$G:$G,M$2,'임대사업(E)'!$Q:$Q,$J5,'임대사업(E)'!$C:$C,$L$1), SUMIFS('환경부사업(F)'!$I:$I,'환경부사업(F)'!$G:$G,M$2,'환경부사업(F)'!$Q:$Q,$J5,'환경부사업(F)'!$C:$C,$L$1), SUMIFS('프로젝트(G)'!$I:$I,'프로젝트(G)'!$G:$G,M$2,'프로젝트(G)'!$Q:$Q,$J5,'프로젝트(G)'!$C:$C,$L$1), SUMIFS('협력사 EPC(H)'!$I:$I,'협력사 EPC(H)'!$G:$G,M$2,'협력사 EPC(H)'!$Q:$Q,$J5,'협력사 EPC(H)'!$C:$C,$L$1), SUMIFS('기타(Z)'!$I:$I,'기타(Z)'!$G:$G,M$2,'기타(Z)'!$Q:$Q,$J5,'기타(Z)'!$C:$C,$L$1) )=0, "", SUM( SUMIFS('발전사업(A)'!$I:$I,'발전사업(A)'!$G:$G,M$2,'발전사업(A)'!$Q:$Q,$J5,'발전사업(A)'!$C:$C,$L$1), SUMIFS('자가소비(B)'!$I:$I,'자가소비(B)'!$G:$G,M$2,'자가소비(B)'!$Q:$Q,$J5,'자가소비(B)'!$C:$C,$L$1), SUMIFS('PPA 사업(C)'!$I:$I,'PPA 사업(C)'!$G:$G,M$2,'PPA 사업(C)'!$Q:$Q,$J5,'PPA 사업(C)'!$C:$C,$L$1), SUMIFS('리스사업(D)'!$I:$I,'리스사업(D)'!$G:$G,M$2,'리스사업(D)'!$Q:$Q,$J5,'리스사업(D)'!$C:$C,$L$1), SUMIFS('임대사업(E)'!$I:$I,'임대사업(E)'!$G:$G,M$2,'임대사업(E)'!$Q:$Q,$J5,'임대사업(E)'!$C:$C,$L$1), SUMIFS('환경부사업(F)'!$I:$I,'환경부사업(F)'!$G:$G,M$2,'환경부사업(F)'!$Q:$Q,$J5,'환경부사업(F)'!$C:$C,$L$1), SUMIFS('프로젝트(G)'!$I:$I,'프로젝트(G)'!$G:$G,M$2,'프로젝트(G)'!$Q:$Q,$J5,'프로젝트(G)'!$C:$C,$L$1), SUMIFS('협력사 EPC(H)'!$I:$I,'협력사 EPC(H)'!$G:$G,M$2,'협력사 EPC(H)'!$Q:$Q,$J5,'협력사 EPC(H)'!$C:$C,$L$1), SUMIFS('기타(Z)'!$I:$I,'기타(Z)'!$G:$G,M$2,'기타(Z)'!$Q:$Q,$J5,'기타(Z)'!$C:$C,$L$1) ) ) | N5: =IF( SUM( COUNTIFS('발전사업(A)'!$G:$G, M$2, '발전사업(A)'!$Q:$Q, $J5, '발전사업(A)'!$C:$C, $L$1), COUNTIFS('자가소비(B)'!$G:$G, M$2, '자가소비(B)'!$Q:$Q, $J5, '자가소비(B)'!$C:$C, $L$1), COUNTIFS('PPA 사업(C)'!$G:$G, M$2, 'PPA 사업(C)'!$Q:$Q, $J5, 'PPA 사업(C)'!$C:$C, $L$1), COUNTIFS('리스사업(D)'!$G:$G, M$2, '리스사업(D)'!$Q:$Q, $J5, '리스사업(D)'!$C:$C, $L$1), COUNTIFS('임대사업(E)'!$G:$G, M$2, '임대사업(E)'!$Q:$Q, $J5, '임대사업(E)'!$C:$C, $L$1), COUNTIFS('환경부사업(F)'!$G:$G, M$2, '환경부사업(F)'!$Q:$Q, $J5, '환경부사업(F)'!$C:$C, $L$1), COUNTIFS('프로젝트(G)'!$G:$G, M$2, '프로젝트(G)'!$Q:$Q, $J5, '프로젝트(G)'!$C:$C, $L$1), COUNTIFS('협력사 EPC(H)'!$G:$G, M$2, '협력사 EPC(H)'!$Q:$Q, $J5, '협력사 EPC(H)'!$C:$C, $L$1), COUNTIFS('기타(Z)'!$G:$G, M$2, '기타(Z)'!$Q:$Q, $J5, '기타(Z)'!$C:$C, $L$1) ) = 0, "", COUNTIFS('발전사업(A)'!$G:$G, M$2, '발전사업(A)'!$Q:$Q, $J5, '발전사업(A)'!$C:$C, $L$1) + COUNTIFS('자가소비(B)'!$G:$G, M$2, '자가소비(B)'!$Q:$Q, $J5, '자가소비(B)'!$C:$C, $L$1) + COUNTIFS('PPA 사업(C)'!$G:$G, M$2, 'PPA 사업(C)'!$Q:$Q, $J5, 'PPA 사업(C)'!$C:$C, $L$1) + COUNTIFS('리스사업(D)'!$G:$G, M$2, '리스사업(D)'!$Q:$Q, $J5, '리스사업(D)'!$C:$C, $L$1) + COUNTIFS('임대사업(E)'!$G:$G, M$2, '임대사업(E)'!$Q:$Q, $J5, '임대사업(E)'!$C:$C, $L$1) + COUNTIFS('환경부사업(F)'!$G:$G, M$2, '환경부사업(F)'!$Q:$Q, $J5, '환경부사업(F)'!$C:$C, $L$1) + COUNTIFS('프로젝트(G)'!$G:$G, M$2, '프로젝트(G)'!$Q:$Q, $J5, '프로젝트(G)'!$C:$C, $L$1) + COUNTIFS('협력사 EPC(H)'!$G:$G, M$2, '협력사 EPC(H)'!$Q:$Q, $J5, '협력사 EPC(H)'!$C:$C, $L$1) + COUNTIFS('기타(Z)'!$G:$G, M$2, '기타(Z)'!$Q:$Q, $J5, '기타(Z)'!$C:$C, $L$1) ) | O5: =IF( SUM( SUMIFS('발전사업(A)'!$I:$I,'발전사업(A)'!$G:$G,O$2,'발전사업(A)'!$Q:$Q,$J5,'발전사업(A)'!$C:$C,$L$1), SUMIFS('자가소비(B)'!$I:$I,'자가소비(B)'!$G:$G,O$2,'자가소비(B)'!$Q:$Q,$J5,'자가소비(B)'!$C:$C,$L$1), SUMIFS('PPA 사업(C)'!$I:$I,'PPA 사업(C)'!$G:$G,O$2,'PPA 사업(C)'!$Q:$Q,$J5,'PPA 사업(C)'!$C:$C,$L$1), SUMIFS('리스사업(D)'!$I:$I,'리스사업(D)'!$G:$G,O$2,'리스사업(D)'!$Q:$Q,$J5,'리스사업(D)'!$C:$C,$L$1), SUMIFS('임대사업(E)'!$I:$I,'임대사업(E)'!$G:$G,O$2,'임대사업(E)'!$Q:$Q,$J5,'임대사업(E)'!$C:$C,$L$1), SUMIFS('환경부사업(F)'!$I:$I,'환경부사업(F)'!$G:$G,O$2,'환경부사업(F)'!$Q:$Q,$J5,'환경부사업(F)'!$C:$C,$L$1), SUMIFS('프로젝트(G)'!$I:$I,'프로젝트(G)'!$G:$G,O$2,'프로젝트(G)'!$Q:$Q,$J5,'프로젝트(G)'!$C:$C,$L$1), SUMIFS('협력사 EPC(H)'!$I:$I,'협력사 EPC(H)'!$G:$G,O$2,'협력사 EPC(H)'!$Q:$Q,$J5,'협력사 EPC(H)'!$C:$C,$L$1), SUMIFS('기타(Z)'!$I:$I,'기타(Z)'!$G:$G,O$2,'기타(Z)'!$Q:$Q,$J5,'기타(Z)'!$C:$C,$L$1) )=0, "", SUM( SUMIFS('발전사업(A)'!$I:$I,'발전사업(A)'!$G:$G,O$2,'발전사업(A)'!$Q:$Q,$J5,'발전사업(A)'!$C:$C,$L$1), SUMIFS('자가소비(B)'!$I:$I,'자가소비(B)'!$G:$G,O$2,'자가소비(B)'!$Q:$Q,$J5,'자가소비(B)'!$C:$C,$L$1), SUMIFS('PPA 사업(C)'!$I:$I,'PPA 사업(C)'!$G:$G,O$2,'PPA 사업(C)'!$Q:$Q,$J5,'PPA 사업(C)'!$C:$C,$L$1), SUMIFS('리스사업(D)'!$I:$I,'리스사업(D)'!$G:$G,O$2,'리스사업(D)'!$Q:$Q,$J5,'리스사업(D)'!$C:$C,$L$1), SUMIFS('임대사업(E)'!$I:$I,'임대사업(E)'!$G:$G,O$2,'임대사업(E)'!$Q:$Q,$J5,'임대사업(E)'!$C:$C,$L$1), SUMIFS('환경부사업(F)'!$I:$I,'환경부사업(F)'!$G:$G,O$2,'환경부사업(F)'!$Q:$Q,$J5,'환경부사업(F)'!$C:$C,$L$1), SUMIFS('프로젝트(G)'!$I:$I,'프로젝트(G)'!$G:$G,O$2,'프로젝트(G)'!$Q:$Q,$J5,'프로젝트(G)'!$C:$C,$L$1), SUMIFS('협력사 EPC(H)'!$I:$I,'협력사 EPC(H)'!$G:$G,O$2,'협력사 EPC(H)'!$Q:$Q,$J5,'협력사 EPC(H)'!$C:$C,$L$1), SUMIFS('기타(Z)'!$I:$I,'기타(Z)'!$G:$G,O$2,'기타(Z)'!$Q:$Q,$J5,'기타(Z)'!$C:$C,$L$1) ) ) | P5: =IF( SUM( COUNTIFS('발전사업(A)'!$G:$G, O$2, '발전사업(A)'!$Q:$Q, $J5, '발전사업(A)'!$C:$C, $L$1), COUNTIFS('자가소비(B)'!$G:$G, O$2, '자가소비(B)'!$Q:$Q, $J5, '자가소비(B)'!$C:$C, $L$1), COUNTIFS('PPA 사업(C)'!$G:$G, O$2, 'PPA 사업(C)'!$Q:$Q, $J5, 'PPA 사업(C)'!$C:$C, $L$1), COUNTIFS('리스사업(D)'!$G:$G, O$2, '리스사업(D)'!$Q:$Q, $J5, '리스사업(D)'!$C:$C, $L$1), COUNTIFS('임대사업(E)'!$G:$G, O$2, '임대사업(E)'!$Q:$Q, $J5, '임대사업(E)'!$C:$C, $L$1), COUNTIFS('환경부사업(F)'!$G:$G, O$2, '환경부사업(F)'!$Q:$Q, $J5, '환경부사업(F)'!$C:$C, $L$1), COUNTIFS('프로젝트(G)'!$G:$G, O$2, '프로젝트(G)'!$Q:$Q, $J5, '프로젝트(G)'!$C:$C, $L$1), COUNTIFS('협력사 EPC(H)'!$G:$G, O$2, '협력사 EPC(H)'!$Q:$Q, $J5, '협력사 EPC(H)'!$C:$C, $L$1), COUNTIFS('기타(Z)'!$G:$G, O$2, '기타(Z)'!$Q:$Q, $J5, '기타(Z)'!$C:$C, $L$1) ) = 0, "", COUNTIFS('발전사업(A)'!$G:$G, O$2, '발전사업(A)'!$Q:$Q, $J5, '발전사업(A)'!$C:$C, $L$1) + COUNTIFS('자가소비(B)'!$G:$G, O$2, '자가소비(B)'!$Q:$Q, $J5, '자가소비(B)'!$C:$C, $L$1) + COUNTIFS('PPA 사업(C)'!$G:$G, O$2, 'PPA 사업(C)'!$Q:$Q, $J5, 'PPA 사업(C)'!$C:$C, $L$1) + COUNTIFS('리스사업(D)'!$G:$G, O$2, '리스사업(D)'!$Q:$Q, $J5, '리스사업(D)'!$C:$C, $L$1) + COUNTIFS('임대사업(E)'!$G:$G, O$2, '임대사업(E)'!$Q:$Q, $J5, '임대사업(E)'!$C:$C, $L$1) + COUNTIFS('환경부사업(F)'!$G:$G, O$2, '환경부사업(F)'!$Q:$Q, $J5, '환경부사업(F)'!$C:$C, $L$1) + COUNTIFS('프로젝트(G)'!$G:$G, O$2, '프로젝트(G)'!$Q:$Q, $J5, '프로젝트(G)'!$C:$C, $L$1) + COUNTIFS('협력사 EPC(H)'!$G:$G, O$2, '협력사 EPC(H)'!$Q:$Q, $J5, '협력사 EPC(H)'!$C:$C, $L$1) + COUNTIFS('기타(Z)'!$G:$G, O$2, '기타(Z)'!$Q:$Q, $J5, '기타(Z)'!$C:$C, $L$1) ) | Q5: =IF( SUM( SUMIFS('발전사업(A)'!$I:$I,'발전사업(A)'!$G:$G,Q$2,'발전사업(A)'!$Q:$Q,$J5,'발전사업(A)'!$C:$C,$L$1), SUMIFS('자가소비(B)'!$I:$I,'자가소비(B)'!$G:$G,Q$2,'자가소비(B)'!$Q:$Q,$J5,'자가소비(B)'!$C:$C,$L$1), SUMIFS('PPA 사업(C)'!$I:$I,'PPA 사업(C)'!$G:$G,Q$2,'PPA 사업(C)'!$Q:$Q,$J5,'PPA 사업(C)'!$C:$C,$L$1), SUMIFS('리스사업(D)'!$I:$I,'리스사업(D)'!$G:$G,Q$2,'리스사업(D)'!$Q:$Q,$J5,'리스사업(D)'!$C:$C,$L$1), SUMIFS('임대사업(E)'!$I:$I,'임대사업(E)'!$G:$G,Q$2,'임대사업(E)'!$Q:$Q,$J5,'임대사업(E)'!$C:$C,$L$1), SUMIFS('환경부사업(F)'!$I:$I,'환경부사업(F)'!$G:$G,Q$2,'환경부사업(F)'!$Q:$Q,$J5,'환경부사업(F)'!$C:$C,$L$1), SUMIFS('프로젝트(G)'!$I:$I,'프로젝트(G)'!$G:$G,Q$2,'프로젝트(G)'!$Q:$Q,$J5,'프로젝트(G)'!$C:$C,$L$1), SUMIFS('협력사 EPC(H)'!$I:$I,'협력사 EPC(H)'!$G:$G,Q$2,'협력사 EPC(H)'!$Q:$Q,$J5,'협력사 EPC(H)'!$C:$C,$L$1), SUMIFS('기타(Z)'!$I:$I,'기타(Z)'!$G:$G,Q$2,'기타(Z)'!$Q:$Q,$J5,'기타(Z)'!$C:$C,$L$1) )=0, "", SUM( SUMIFS('발전사업(A)'!$I:$I,'발전사업(A)'!$G:$G,Q$2,'발전사업(A)'!$Q:$Q,$J5,'발전사업(A)'!$C:$C,$L$1), SUMIFS('자가소비(B)'!$I:$I,'자가소비(B)'!$G:$G,Q$2,'자가소비(B)'!$Q:$Q,$J5,'자가소비(B)'!$C:$C,$L$1), SUMIFS('PPA 사업(C)'!$I:$I,'PPA 사업(C)'!$G:$G,Q$2,'PPA 사업(C)'!$Q:$Q,$J5,'PPA 사업(C)'!$C:$C,$L$1), SUMIFS('리스사업(D)'!$I:$I,'리스사업(D)'!$G:$G,Q$2,'리스사업(D)'!$Q:$Q,$J5,'리스사업(D)'!$C:$C,$L$1), SUMIFS('임대사업(E)'!$I:$I,'임대사업(E)'!$G:$G,Q$2,'임대사업(E)'!$Q:$Q,$J5,'임대사업(E)'!$C:$C,$L$1), SUMIFS('환경부사업(F)'!$I:$I,'환경부사업(F)'!$G:$G,Q$2,'환경부사업(F)'!$Q:$Q,$J5,'환경부사업(F)'!$C:$C,$L$1), SUMIFS('프로젝트(G)'!$I:$I,'프로젝트(G)'!$G:$G,Q$2,'프로젝트(G)'!$Q:$Q,$J5,'프로젝트(G)'!$C:$C,$L$1), SUMIFS('협력사 EPC(H)'!$I:$I,'협력사 EPC(H)'!$G:$G,Q$2,'협력사 EPC(H)'!$Q:$Q,$J5,'협력사 EPC(H)'!$C:$C,$L$1), SUMIFS('기타(Z)'!$I:$I,'기타(Z)'!$G:$G,Q$2,'기타(Z)'!$Q:$Q,$J5,'기타(Z)'!$C:$C,$L$1) ) ) | R5: =IF( SUM( COUNTIFS('발전사업(A)'!$G:$G, Q$2, '발전사업(A)'!$Q:$Q, $J5, '발전사업(A)'!$C:$C, $L$1), COUNTIFS('자가소비(B)'!$G:$G, Q$2, '자가소비(B)'!$Q:$Q, $J5, '자가소비(B)'!$C:$C, $L$1), COUNTIFS('PPA 사업(C)'!$G:$G, Q$2, 'PPA 사업(C)'!$Q:$Q, $J5, 'PPA 사업(C)'!$C:$C, $L$1), COUNTIFS('리스사업(D)'!$G:$G, Q$2, '리스사업(D)'!$Q:$Q, $J5, '리스사업(D)'!$C:$C, $L$1), COUNTIFS('임대사업(E)'!$G:$G, Q$2, '임대사업(E)'!$Q:$Q, $J5, '임대사업(E)'!$C:$C, $L$1), COUNTIFS('환경부사업(F)'!$G:$G, Q$2, '환경부사업(F)'!$Q:$Q, $J5, '환경부사업(F)'!$C:$C, $L$1), COUNTIFS('프로젝트(G)'!$G:$G, Q$2, '프로젝트(G)'!$Q:$Q, $J5, '프로젝트(G)'!$C:$C, $L$1), COUNTIFS('협력사 EPC(H)'!$G:$G, Q$2, '협력사 EPC(H)'!$Q:$Q, $J5, '협력사 EPC(H)'!$C:$C, $L$1), COUNTIFS('기타(Z)'!$G:$G, Q$2, '기타(Z)'!$Q:$Q, $J5, '기타(Z)'!$C:$C, $L$1) ) = 0, "", COUNTIFS('발전사업(A)'!$G:$G, Q$2, '발전사업(A)'!$Q:$Q, $J5, '발전사업(A)'!$C:$C, $L$1) + COUNTIFS('자가소비(B)'!$G:$G, Q$2, '자가소비(B)'!$Q:$Q, $J5, '자가소비(B)'!$C:$C, $L$1) + COUNTIFS('PPA 사업(C)'!$G:$G, Q$2, 'PPA 사업(C)'!$Q:$Q, $J5, 'PPA 사업(C)'!$C:$C, $L$1) + COUNTIFS('리스사업(D)'!$G:$G, Q$2, '리스사업(D)'!$Q:$Q, $J5, '리스사업(D)'!$C:$C, $L$1) + COUNTIFS('임대사업(E)'!$G:$G, Q$2, '임대사업(E)'!$Q:$Q, $J5, '임대사업(E)'!$C:$C, $L$1) + COUNTIFS('환경부사업(F)'!$G:$G, Q$2, '환경부사업(F)'!$Q:$Q, $J5, '환경부사업(F)'!$C:$C, $L$1) + COUNTIFS('프로젝트(G)'!$G:$G, Q$2, '프로젝트(G)'!$Q:$Q, $J5, '프로젝트(G)'!$C:$C, $L$1) + COUNTIFS('협력사 EPC(H)'!$G:$G, Q$2, '협력사 EPC(H)'!$Q:$Q, $J5, '협력사 EPC(H)'!$C:$C, $L$1) + COUNTIFS('기타(Z)'!$G:$G, Q$2, '기타(Z)'!$Q:$Q, $J5, '기타(Z)'!$C:$C, $L$1) ) | S5: =IF( SUM( SUMIFS('발전사업(A)'!$I:$I,'발전사업(A)'!$G:$G,S$2,'발전사업(A)'!$Q:$Q,$J5,'발전사업(A)'!$C:$C,$L$1), SUMIFS('자가소비(B)'!$I:$I,'자가소비(B)'!$G:$G,S$2,'자가소비(B)'!$Q:$Q,$J5,'자가소비(B)'!$C:$C,$L$1), SUMIFS('PPA 사업(C)'!$I:$I,'PPA 사업(C)'!$G:$G,S$2,'PPA 사업(C)'!$Q:$Q,$J5,'PPA 사업(C)'!$C:$C,$L$1), SUMIFS('리스사업(D)'!$I:$I,'리스사업(D)'!$G:$G,S$2,'리스사업(D)'!$Q:$Q,$J5,'리스사업(D)'!$C:$C,$L$1), SUMIFS('임대사업(E)'!$I:$I,'임대사업(E)'!$G:$G,S$2,'임대사업(E)'!$Q:$Q,$J5,'임대사업(E)'!$C:$C,$L$1), SUMIFS('환경부사업(F)'!$I:$I,'환경부사업(F)'!$G:$G,S$2,'환경부사업(F)'!$Q:$Q,$J5,'환경부사업(F)'!$C:$C,$L$1), SUMIFS('프로젝트(G)'!$I:$I,'프로젝트(G)'!$G:$G,S$2,'프로젝트(G)'!$Q:$Q,$J5,'프로젝트(G)'!$C:$C,$L$1), SUMIFS('협력사 EPC(H)'!$I:$I,'협력사 EPC(H)'!$G:$G,S$2,'협력사 EPC(H)'!$Q:$Q,$J5,'협력사 EPC(H)'!$C:$C,$L$1), SUMIFS('기타(Z)'!$I:$I,'기타(Z)'!$G:$G,S$2,'기타(Z)'!$Q:$Q,$J5,'기타(Z)'!$C:$C,$L$1) )=0, "", SUM( SUMIFS('발전사업(A)'!$I:$I,'발전사업(A)'!$G:$G,S$2,'발전사업(A)'!$Q:$Q,$J5,'발전사업(A)'!$C:$C,$L$1), SUMIFS('자가소비(B)'!$I:$I,'자가소비(B)'!$G:$G,S$2,'자가소비(B)'!$Q:$Q,$J5,'자가소비(B)'!$C:$C,$L$1), SUMIFS('PPA 사업(C)'!$I:$I,'PPA 사업(C)'!$G:$G,S$2,'PPA 사업(C)'!$Q:$Q,$J5,'PPA 사업(C)'!$C:$C,$L$1), SUMIFS('리스사업(D)'!$I:$I,'리스사업(D)'!$G:$G,S$2,'리스사업(D)'!$Q:$Q,$J5,'리스사업(D)'!$C:$C,$L$1), SUMIFS('임대사업(E)'!$I:$I,'임대사업(E)'!$G:$G,S$2,'임대사업(E)'!$Q:$Q,$J5,'임대사업(E)'!$C:$C,$L$1), SUMIFS('환경부사업(F)'!$I:$I,'환경부사업(F)'!$G:$G,S$2,'환경부사업(F)'!$Q:$Q,$J5,'환경부사업(F)'!$C:$C,$L$1), SUMIFS('프로젝트(G)'!$I:$I,'프로젝트(G)'!$G:$G,S$2,'프로젝트(G)'!$Q:$Q,$J5,'프로젝트(G)'!$C:$C,$L$1), SUMIFS('협력사 EPC(H)'!$I:$I,'협력사 EPC(H)'!$G:$G,S$2,'협력사 EPC(H)'!$Q:$Q,$J5,'협력사 EPC(H)'!$C:$C,$L$1), SUMIFS('기타(Z)'!$I:$I,'기타(Z)'!$G:$G,S$2,'기타(Z)'!$Q:$Q,$J5,'기타(Z)'!$C:$C,$L$1) ) ) | T5: =IF( SUM( COUNTIFS('발전사업(A)'!$G:$G, S$2, '발전사업(A)'!$Q:$Q, $J5, '발전사업(A)'!$C:$C, $L$1), COUNTIFS('자가소비(B)'!$G:$G, S$2, '자가소비(B)'!$Q:$Q, $J5, '자가소비(B)'!$C:$C, $L$1), COUNTIFS('PPA 사업(C)'!$G:$G, S$2, 'PPA 사업(C)'!$Q:$Q, $J5, 'PPA 사업(C)'!$C:$C, $L$1), COUNTIFS('리스사업(D)'!$G:$G, S$2, '리스사업(D)'!$Q:$Q, $J5, '리스사업(D)'!$C:$C, $L$1), COUNTIFS('임대사업(E)'!$G:$G, S$2, '임대사업(E)'!$Q:$Q, $J5, '임대사업(E)'!$C:$C, $L$1), COUNTIFS('환경부사업(F)'!$G:$G, S$2, '환경부사업(F)'!$Q:$Q, $J5, '환경부사업(F)'!$C:$C, $L$1), COUNTIFS('프로젝트(G)'!$G:$G, S$2, '프로젝트(G)'!$Q:$Q, $J5, '프로젝트(G)'!$C:$C, $L$1), COUNTIFS('협력사 EPC(H)'!$G:$G, S$2, '협력사 EPC(H)'!$Q:$Q, $J5, '협력사 EPC(H)'!$C:$C, $L$1), COUNTIFS('기타(Z)'!$G:$G, S$2, '기타(Z)'!$Q:$Q, $J5, '기타(Z)'!$C:$C, $L$1) ) = 0, "", COUNTIFS('발전사업(A)'!$G:$G, S$2, '발전사업(A)'!$Q:$Q, $J5, '발전사업(A)'!$C:$C, $L$1) + COUNTIFS('자가소비(B)'!$G:$G, S$2, '자가소비(B)'!$Q:$Q, $J5, '자가소비(B)'!$C:$C, $L$1) + COUNTIFS('PPA 사업(C)'!$G:$G, S$2, 'PPA 사업(C)'!$Q:$Q, $J5, 'PPA 사업(C)'!$C:$C, $L$1) + COUNTIFS('리스사업(D)'!$G:$G, S$2, '리스사업(D)'!$Q:$Q, $J5, '리스사업(D)'!$C:$C, $L$1) + COUNTIFS('임대사업(E)'!$G:$G, S$2, '임대사업(E)'!$Q:$Q, $J5, '임대사업(E)'!$C:$C, $L$1) + COUNTIFS('환경부사업(F)'!$G:$G, S$2, '환경부사업(F)'!$Q:$Q, $J5, '환경부사업(F)'!$C:$C, $L$1) + COUNTIFS('프로젝트(G)'!$G:$G, S$2, '프로젝트(G)'!$Q:$Q, $J5, '프로젝트(G)'!$C:$C, $L$1) + COUNTIFS('협력사 EPC(H)'!$G:$G, S$2, '협력사 EPC(H)'!$Q:$Q, $J5, '협력사 EPC(H)'!$C:$C, $L$1) + COUNTIFS('기타(Z)'!$G:$G, S$2, '기타(Z)'!$Q:$Q, $J5, '기타(Z)'!$C:$C, $L$1) ) | U5: =IF( SUM( SUMIFS('발전사업(A)'!$I:$I,'발전사업(A)'!$G:$G,U$2,'발전사업(A)'!$Q:$Q,$J5,'발전사업(A)'!$C:$C,$L$1), SUMIFS('자가소비(B)'!$I:$I,'자가소비(B)'!$G:$G,U$2,'자가소비(B)'!$Q:$Q,$J5,'자가소비(B)'!$C:$C,$L$1), SUMIFS('PPA 사업(C)'!$I:$I,'PPA 사업(C)'!$G:$G,U$2,'PPA 사업(C)'!$Q:$Q,$J5,'PPA 사업(C)'!$C:$C,$L$1), SUMIFS('리스사업(D)'!$I:$I,'리스사업(D)'!$G:$G,U$2,'리스사업(D)'!$Q:$Q,$J5,'리스사업(D)'!$C:$C,$L$1), SUMIFS('임대사업(E)'!$I:$I,'임대사업(E)'!$G:$G,U$2,'임대사업(E)'!$Q:$Q,$J5,'임대사업(E)'!$C:$C,$L$1), SUMIFS('환경부사업(F)'!$I:$I,'환경부사업(F)'!$G:$G,U$2,'환경부사업(F)'!$Q:$Q,$J5,'환경부사업(F)'!$C:$C,$L$1), SUMIFS('프로젝트(G)'!$I:$I,'프로젝트(G)'!$G:$G,U$2,'프로젝트(G)'!$Q:$Q,$J5,'프로젝트(G)'!$C:$C,$L$1), SUMIFS('협력사 EPC(H)'!$I:$I,'협력사 EPC(H)'!$G:$G,U$2,'협력사 EPC(H)'!$Q:$Q,$J5,'협력사 EPC(H)'!$C:$C,$L$1), SUMIFS('기타(Z)'!$I:$I,'기타(Z)'!$G:$G,U$2,'기타(Z)'!$Q:$Q,$J5,'기타(Z)'!$C:$C,$L$1) )=0, "", SUM( SUMIFS('발전사업(A)'!$I:$I,'발전사업(A)'!$G:$G,U$2,'발전사업(A)'!$Q:$Q,$J5,'발전사업(A)'!$C:$C,$L$1), SUMIFS('자가소비(B)'!$I:$I,'자가소비(B)'!$G:$G,U$2,'자가소비(B)'!$Q:$Q,$J5,'자가소비(B)'!$C:$C,$L$1), SUMIFS('PPA 사업(C)'!$I:$I,'PPA 사업(C)'!$G:$G,U$2,'PPA 사업(C)'!$Q:$Q,$J5,'PPA 사업(C)'!$C:$C,$L$1), SUMIFS('리스사업(D)'!$I:$I,'리스사업(D)'!$G:$G,U$2,'리스사업(D)'!$Q:$Q,$J5,'리스사업(D)'!$C:$C,$L$1), SUMIFS('임대사업(E)'!$I:$I,'임대사업(E)'!$G:$G,U$2,'임대사업(E)'!$Q:$Q,$J5,'임대사업(E)'!$C:$C,$L$1), SUMIFS('환경부사업(F)'!$I:$I,'환경부사업(F)'!$G:$G,U$2,'환경부사업(F)'!$Q:$Q,$J5,'환경부사업(F)'!$C:$C,$L$1), SUMIFS('프로젝트(G)'!$I:$I,'프로젝트(G)'!$G:$G,U$2,'프로젝트(G)'!$Q:$Q,$J5,'프로젝트(G)'!$C:$C,$L$1), SUMIFS('협력사 EPC(H)'!$I:$I,'협력사 EPC(H)'!$G:$G,U$2,'협력사 EPC(H)'!$Q:$Q,$J5,'협력사 EPC(H)'!$C:$C,$L$1), SUMIFS('기타(Z)'!$I:$I,'기타(Z)'!$G:$G,U$2,'기타(Z)'!$Q:$Q,$J5,'기타(Z)'!$C:$C,$L$1) ) ) | V5: =IF( SUM( COUNTIFS('발전사업(A)'!$G:$G, U$2, '발전사업(A)'!$Q:$Q, $J5, '발전사업(A)'!$C:$C, $L$1), COUNTIFS('자가소비(B)'!$G:$G, U$2, '자가소비(B)'!$Q:$Q, $J5, '자가소비(B)'!$C:$C, $L$1), COUNTIFS('PPA 사업(C)'!$G:$G, U$2, 'PPA 사업(C)'!$Q:$Q, $J5, 'PPA 사업(C)'!$C:$C, $L$1), COUNTIFS('리스사업(D)'!$G:$G, U$2, '리스사업(D)'!$Q:$Q, $J5, '리스사업(D)'!$C:$C, $L$1), COUNTIFS('임대사업(E)'!$G:$G, U$2, '임대사업(E)'!$Q:$Q, $J5, '임대사업(E)'!$C:$C, $L$1), COUNTIFS('환경부사업(F)'!$G:$G, U$2, '환경부사업(F)'!$Q:$Q, $J5, '환경부사업(F)'!$C:$C, $L$1), COUNTIFS('프로젝트(G)'!$G:$G, U$2, '프로젝트(G)'!$Q:$Q, $J5, '프로젝트(G)'!$C:$C, $L$1), COUNTIFS('협력사 EPC(H)'!$G:$G, U$2, '협력사 EPC(H)'!$Q:$Q, $J5, '협력사 EPC(H)'!$C:$C, $L$1), COUNTIFS('기타(Z)'!$G:$G, U$2, '기타(Z)'!$Q:$Q, $J5, '기타(Z)'!$C:$C, $L$1) ) = 0, "", COUNTIFS('발전사업(A)'!$G:$G, U$2, '발전사업(A)'!$Q:$Q, $J5, '발전사업(A)'!$C:$C, $L$1) + COUNTIFS('자가소비(B)'!$G:$G, U$2, '자가소비(B)'!$Q:$Q, $J5, '자가소비(B)'!$C:$C, $L$1) + COUNTIFS('PPA 사업(C)'!$G:$G, U$2, 'PPA 사업(C)'!$Q:$Q, $J5, 'PPA 사업(C)'!$C:$C, $L$1) + COUNTIFS('리스사업(D)'!$G:$G, U$2, '리스사업(D)'!$Q:$Q, $J5, '리스사업(D)'!$C:$C, $L$1) + COUNTIFS('임대사업(E)'!$G:$G, U$2, '임대사업(E)'!$Q:$Q, $J5, '임대사업(E)'!$C:$C, $L$1) + COUNTIFS('환경부사업(F)'!$G:$G, U$2, '환경부사업(F)'!$Q:$Q, $J5, '환경부사업(F)'!$C:$C, $L$1) + COUNTIFS('프로젝트(G)'!$G:$G, U$2, '프로젝트(G)'!$Q:$Q, $J5, '프로젝트(G)'!$C:$C, $L$1) + COUNTIFS('협력사 EPC(H)'!$G:$G, U$2, '협력사 EPC(H)'!$Q:$Q, $J5, '협력사 EPC(H)'!$C:$C, $L$1) + COUNTIFS('기타(Z)'!$G:$G, U$2, '기타(Z)'!$Q:$Q, $J5, '기타(Z)'!$C:$C, $L$1) ) | W5: =IF( SUM( SUMIFS('발전사업(A)'!$I:$I,'발전사업(A)'!$G:$G,W$2,'발전사업(A)'!$Q:$Q,$J5,'발전사업(A)'!$C:$C,$L$1), SUMIFS('자가소비(B)'!$I:$I,'자가소비(B)'!$G:$G,W$2,'자가소비(B)'!$Q:$Q,$J5,'자가소비(B)'!$C:$C,$L$1), SUMIFS('PPA 사업(C)'!$I:$I,'PPA 사업(C)'!$G:$G,W$2,'PPA 사업(C)'!$Q:$Q,$J5,'PPA 사업(C)'!$C:$C,$L$1), SUMIFS('리스사업(D)'!$I:$I,'리스사업(D)'!$G:$G,W$2,'리스사업(D)'!$Q:$Q,$J5,'리스사업(D)'!$C:$C,$L$1), SUMIFS('임대사업(E)'!$I:$I,'임대사업(E)'!$G:$G,W$2,'임대사업(E)'!$Q:$Q,$J5,'임대사업(E)'!$C:$C,$L$1), SUMIFS('환경부사업(F)'!$I:$I,'환경부사업(F)'!$G:$G,W$2,'환경부사업(F)'!$Q:$Q,$J5,'환경부사업(F)'!$C:$C,$L$1), SUMIFS('프로젝트(G)'!$I:$I,'프로젝트(G)'!$G:$G,W$2,'프로젝트(G)'!$Q:$Q,$J5,'프로젝트(G)'!$C:$C,$L$1), SUMIFS('협력사 EPC(H)'!$I:$I,'협력사 EPC(H)'!$G:$G,W$2,'협력사 EPC(H)'!$Q:$Q,$J5,'협력사 EPC(H)'!$C:$C,$L$1), SUMIFS('기타(Z)'!$I:$I,'기타(Z)'!$G:$G,W$2,'기타(Z)'!$Q:$Q,$J5,'기타(Z)'!$C:$C,$L$1) )=0, "", SUM( SUMIFS('발전사업(A)'!$I:$I,'발전사업(A)'!$G:$G,W$2,'발전사업(A)'!$Q:$Q,$J5,'발전사업(A)'!$C:$C,$L$1), SUMIFS('자가소비(B)'!$I:$I,'자가소비(B)'!$G:$G,W$2,'자가소비(B)'!$Q:$Q,$J5,'자가소비(B)'!$C:$C,$L$1), SUMIFS('PPA 사업(C)'!$I:$I,'PPA 사업(C)'!$G:$G,W$2,'PPA 사업(C)'!$Q:$Q,$J5,'PPA 사업(C)'!$C:$C,$L$1), SUMIFS('리스사업(D)'!$I:$I,'리스사업(D)'!$G:$G,W$2,'리스사업(D)'!$Q:$Q,$J5,'리스사업(D)'!$C:$C,$L$1), SUMIFS('임대사업(E)'!$I:$I,'임대사업(E)'!$G:$G,W$2,'임대사업(E)'!$Q:$Q,$J5,'임대사업(E)'!$C:$C,$L$1), SUMIFS('환경부사업(F)'!$I:$I,'환경부사업(F)'!$G:$G,W$2,'환경부사업(F)'!$Q:$Q,$J5,'환경부사업(F)'!$C:$C,$L$1), SUMIFS('프로젝트(G)'!$I:$I,'프로젝트(G)'!$G:$G,W$2,'프로젝트(G)'!$Q:$Q,$J5,'프로젝트(G)'!$C:$C,$L$1), SUMIFS('협력사 EPC(H)'!$I:$I,'협력사 EPC(H)'!$G:$G,W$2,'협력사 EPC(H)'!$Q:$Q,$J5,'협력사 EPC(H)'!$C:$C,$L$1), SUMIFS('기타(Z)'!$I:$I,'기타(Z)'!$G:$G,W$2,'기타(Z)'!$Q:$Q,$J5,'기타(Z)'!$C:$C,$L$1) ) ) | X5: =IF( SUM( COUNTIFS('발전사업(A)'!$G:$G,W$2,'발전사업(A)'!$Q:$Q,$J5), COUNTIFS('자가소비(B)'!$G:$G,W$2,'자가소비(B)'!$Q:$Q,$J5), COUNTIFS('PPA 사업(C)'!$G:$G,W$2,'PPA 사업(C)'!$Q:$Q,$J5), COUNTIFS('리스사업(D)'!$G:$G,W$2,'리스사업(D)'!$Q:$Q,$J5), COUNTIFS('임대사업(E)'!$G:$G,W$2,'임대사업(E)'!$Q:$Q,$J5), COUNTIFS('환경부사업(F)'!$G:$G,W$2,'환경부사업(F)'!$Q:$Q,$J5), COUNTIFS('프로젝트(G)'!$G:$G,W$2,'프로젝트(G)'!$Q:$Q,$J5), COUNTIFS('협력사 EPC(H)'!$G:$G,W$2,'협력사 EPC(H)'!$Q:$Q,$J5), COUNTIFS('기타(Z)'!$G:$G,W$2,'기타(Z)'!$Q:$Q,$J5) )=0, "", COUNTIFS('발전사업(A)'!$G:$G,W$2,'발전사업(A)'!$Q:$Q,$J5) +COUNTIFS('자가소비(B)'!$G:$G,W$2,'자가소비(B)'!$Q:$Q,$J5) +COUNTIFS('PPA 사업(C)'!$G:$G,W$2,'PPA 사업(C)'!$Q:$Q,$J5) +COUNTIFS('리스사업(D)'!$G:$G,W$2,'리스사업(D)'!$Q:$Q,$J5) +COUNTIFS('임대사업(E)'!$G:$G,W$2,'임대사업(E)'!$Q:$Q,$J5) +COUNTIFS('환경부사업(F)'!$G:$G,W$2,'환경부사업(F)'!$Q:$Q,$J5) +COUNTIFS('프로젝트(G)'!$G:$G,W$2,'프로젝트(G)'!$Q:$Q,$J5) +COUNTIFS('협력사 EPC(H)'!$G:$G,W$2,'협력사 EPC(H)'!$Q:$Q,$J5) +COUNTIFS('기타(Z)'!$G:$G,W$2,'기타(Z)'!$Q:$Q,$J5) ) | Y5: =IF( SUM( SUMIFS('발전사업(A)'!$I:$I,'발전사업(A)'!$G:$G,Y$2,'발전사업(A)'!$Q:$Q,$J5,'발전사업(A)'!$C:$C,$L$1), SUMIFS('자가소비(B)'!$I:$I,'자가소비(B)'!$G:$G,Y$2,'자가소비(B)'!$Q:$Q,$J5,'자가소비(B)'!$C:$C,$L$1), SUMIFS('PPA 사업(C)'!$I:$I,'PPA 사업(C)'!$G:$G,Y$2,'PPA 사업(C)'!$Q:$Q,$J5,'PPA 사업(C)'!$C:$C,$L$1), SUMIFS('리스사업(D)'!$I:$I,'리스사업(D)'!$G:$G,Y$2,'리스사업(D)'!$Q:$Q,$J5,'리스사업(D)'!$C:$C,$L$1), SUMIFS('임대사업(E)'!$I:$I,'임대사업(E)'!$G:$G,Y$2,'임대사업(E)'!$Q:$Q,$J5,'임대사업(E)'!$C:$C,$L$1), SUMIFS('환경부사업(F)'!$I:$I,'환경부사업(F)'!$G:$G,Y$2,'환경부사업(F)'!$Q:$Q,$J5,'환경부사업(F)'!$C:$C,$L$1), SUMIFS('프로젝트(G)'!$I:$I,'프로젝트(G)'!$G:$G,Y$2,'프로젝트(G)'!$Q:$Q,$J5,'프로젝트(G)'!$C:$C,$L$1), SUMIFS('협력사 EPC(H)'!$I:$I,'협력사 EPC(H)'!$G:$G,Y$2,'협력사 EPC(H)'!$Q:$Q,$J5,'협력사 EPC(H)'!$C:$C,$L$1), SUMIFS('기타(Z)'!$I:$I,'기타(Z)'!$G:$G,Y$2,'기타(Z)'!$Q:$Q,$J5,'기타(Z)'!$C:$C,$L$1) )=0, "", SUM( SUMIFS('발전사업(A)'!$I:$I,'발전사업(A)'!$G:$G,Y$2,'발전사업(A)'!$Q:$Q,$J5,'발전사업(A)'!$C:$C,$L$1), SUMIFS('자가소비(B)'!$I:$I,'자가소비(B)'!$G:$G,Y$2,'자가소비(B)'!$Q:$Q,$J5,'자가소비(B)'!$C:$C,$L$1), SUMIFS('PPA 사업(C)'!$I:$I,'PPA 사업(C)'!$G:$G,Y$2,'PPA 사업(C)'!$Q:$Q,$J5,'PPA 사업(C)'!$C:$C,$L$1), SUMIFS('리스사업(D)'!$I:$I,'리스사업(D)'!$G:$G,Y$2,'리스사업(D)'!$Q:$Q,$J5,'리스사업(D)'!$C:$C,$L$1), SUMIFS('임대사업(E)'!$I:$I,'임대사업(E)'!$G:$G,Y$2,'임대사업(E)'!$Q:$Q,$J5,'임대사업(E)'!$C:$C,$L$1), SUMIFS('환경부사업(F)'!$I:$I,'환경부사업(F)'!$G:$G,Y$2,'환경부사업(F)'!$Q:$Q,$J5,'환경부사업(F)'!$C:$C,$L$1), SUMIFS('프로젝트(G)'!$I:$I,'프로젝트(G)'!$G:$G,Y$2,'프로젝트(G)'!$Q:$Q,$J5,'프로젝트(G)'!$C:$C,$L$1), SUMIFS('협력사 EPC(H)'!$I:$I,'협력사 EPC(H)'!$G:$G,Y$2,'협력사 EPC(H)'!$Q:$Q,$J5,'협력사 EPC(H)'!$C:$C,$L$1), SUMIFS('기타(Z)'!$I:$I,'기타(Z)'!$G:$G,Y$2,'기타(Z)'!$Q:$Q,$J5,'기타(Z)'!$C:$C,$L$1) ) ) | Z5: =IF( SUM( COUNTIFS('발전사업(A)'!$G:$G, Y$2, '발전사업(A)'!$Q:$Q, $J5, '발전사업(A)'!$C:$C, $L$1), COUNTIFS('자가소비(B)'!$G:$G, Y$2, '자가소비(B)'!$Q:$Q, $J5, '자가소비(B)'!$C:$C, $L$1), COUNTIFS('PPA 사업(C)'!$G:$G, Y$2, 'PPA 사업(C)'!$Q:$Q, $J5, 'PPA 사업(C)'!$C:$C, $L$1), COUNTIFS('리스사업(D)'!$G:$G, Y$2, '리스사업(D)'!$Q:$Q, $J5, '리스사업(D)'!$C:$C, $L$1), COUNTIFS('임대사업(E)'!$G:$G, Y$2, '임대사업(E)'!$Q:$Q, $J5, '임대사업(E)'!$C:$C, $L$1), COUNTIFS('환경부사업(F)'!$G:$G, Y$2, '환경부사업(F)'!$Q:$Q, $J5, '환경부사업(F)'!$C:$C, $L$1), COUNTIFS('프로젝트(G)'!$G:$G, Y$2, '프로젝트(G)'!$Q:$Q, $J5, '프로젝트(G)'!$C:$C, $L$1), COUNTIFS('협력사 EPC(H)'!$G:$G, Y$2, '협력사 EPC(H)'!$Q:$Q, $J5, '협력사 EPC(H)'!$C:$C, $L$1), COUNTIFS('기타(Z)'!$G:$G, Y$2, '기타(Z)'!$Q:$Q, $J5, '기타(Z)'!$C:$C, $L$1) ) = 0, "", COUNTIFS('발전사업(A)'!$G:$G, Y$2, '발전사업(A)'!$Q:$Q, $J5, '발전사업(A)'!$C:$C, $L$1) + COUNTIFS('자가소비(B)'!$G:$G, Y$2, '자가소비(B)'!$Q:$Q, $J5, '자가소비(B)'!$C:$C, $L$1) + COUNTIFS('PPA 사업(C)'!$G:$G, Y$2, 'PPA 사업(C)'!$Q:$Q, $J5, 'PPA 사업(C)'!$C:$C, $L$1) + COUNTIFS('리스사업(D)'!$G:$G, Y$2, '리스사업(D)'!$Q:$Q, $J5, '리스사업(D)'!$C:$C, $L$1) + COUNTIFS('임대사업(E)'!$G:$G, Y$2, '임대사업(E)'!$Q:$Q, $J5, '임대사업(E)'!$C:$C, $L$1) + COUNTIFS('환경부사업(F)'!$G:$G, Y$2, '환경부사업(F)'!$Q:$Q, $J5, '환경부사업(F)'!$C:$C, $L$1) + COUNTIFS('프로젝트(G)'!$G:$G, Y$2, '프로젝트(G)'!$Q:$Q, $J5, '프로젝트(G)'!$C:$C, $L$1) + COUNTIFS('협력사 EPC(H)'!$G:$G, Y$2, '협력사 EPC(H)'!$Q:$Q, $J5, '협력사 EPC(H)'!$C:$C, $L$1) + COUNTIFS('기타(Z)'!$G:$G, Y$2, '기타(Z)'!$Q:$Q, $J5, '기타(Z)'!$C:$C, $L$1) ) | AA5: =IF( SUM( SUMIFS('발전사업(A)'!$I:$I,'발전사업(A)'!$G:$G,AA$2,'발전사업(A)'!$Q:$Q,$J5,'발전사업(A)'!$C:$C,$L$1), SUMIFS('자가소비(B)'!$I:$I,'자가소비(B)'!$G:$G,AA$2,'자가소비(B)'!$Q:$Q,$J5,'자가소비(B)'!$C:$C,$L$1), SUMIFS('PPA 사업(C)'!$I:$I,'PPA 사업(C)'!$G:$G,AA$2,'PPA 사업(C)'!$Q:$Q,$J5,'PPA 사업(C)'!$C:$C,$L$1), SUMIFS('리스사업(D)'!$I:$I,'리스사업(D)'!$G:$G,AA$2,'리스사업(D)'!$Q:$Q,$J5,'리스사업(D)'!$C:$C,$L$1), SUMIFS('임대사업(E)'!$I:$I,'임대사업(E)'!$G:$G,AA$2,'임대사업(E)'!$Q:$Q,$J5,'임대사업(E)'!$C:$C,$L$1), SUMIFS('환경부사업(F)'!$I:$I,'환경부사업(F)'!$G:$G,AA$2,'환경부사업(F)'!$Q:$Q,$J5,'환경부사업(F)'!$C:$C,$L$1), SUMIFS('프로젝트(G)'!$I:$I,'프로젝트(G)'!$G:$G,AA$2,'프로젝트(G)'!$Q:$Q,$J5,'프로젝트(G)'!$C:$C,$L$1), SUMIFS('협력사 EPC(H)'!$I:$I,'협력사 EPC(H)'!$G:$G,AA$2,'협력사 EPC(H)'!$Q:$Q,$J5,'협력사 EPC(H)'!$C:$C,$L$1), SUMIFS('기타(Z)'!$I:$I,'기타(Z)'!$G:$G,AA$2,'기타(Z)'!$Q:$Q,$J5,'기타(Z)'!$C:$C,$L$1) )=0, "", SUM( SUMIFS('발전사업(A)'!$I:$I,'발전사업(A)'!$G:$G,AA$2,'발전사업(A)'!$Q:$Q,$J5,'발전사업(A)'!$C:$C,$L$1), SUMIFS('자가소비(B)'!$I:$I,'자가소비(B)'!$G:$G,AA$2,'자가소비(B)'!$Q:$Q,$J5,'자가소비(B)'!$C:$C,$L$1), SUMIFS('PPA 사업(C)'!$I:$I,'PPA 사업(C)'!$G:$G,AA$2,'PPA 사업(C)'!$Q:$Q,$J5,'PPA 사업(C)'!$C:$C,$L$1), SUMIFS('리스사업(D)'!$I:$I,'리스사업(D)'!$G:$G,AA$2,'리스사업(D)'!$Q:$Q,$J5,'리스사업(D)'!$C:$C,$L$1), SUMIFS('임대사업(E)'!$I:$I,'임대사업(E)'!$G:$G,AA$2,'임대사업(E)'!$Q:$Q,$J5,'임대사업(E)'!$C:$C,$L$1), SUMIFS('환경부사업(F)'!$I:$I,'환경부사업(F)'!$G:$G,AA$2,'환경부사업(F)'!$Q:$Q,$J5,'환경부사업(F)'!$C:$C,$L$1), SUMIFS('프로젝트(G)'!$I:$I,'프로젝트(G)'!$G:$G,AA$2,'프로젝트(G)'!$Q:$Q,$J5,'프로젝트(G)'!$C:$C,$L$1), SUMIFS('협력사 EPC(H)'!$I:$I,'협력사 EPC(H)'!$G:$G,AA$2,'협력사 EPC(H)'!$Q:$Q,$J5,'협력사 EPC(H)'!$C:$C,$L$1), SUMIFS('기타(Z)'!$I:$I,'기타(Z)'!$G:$G,AA$2,'기타(Z)'!$Q:$Q,$J5,'기타(Z)'!$C:$C,$L$1) ) ) | AB5: =IF( SUM( COUNTIFS('발전사업(A)'!$G:$G, AA$2, '발전사업(A)'!$Q:$Q, $J5, '발전사업(A)'!$C:$C, $L$1), COUNTIFS('자가소비(B)'!$G:$G, AA$2, '자가소비(B)'!$Q:$Q, $J5, '자가소비(B)'!$C:$C, $L$1), COUNTIFS('PPA 사업(C)'!$G:$G, AA$2, 'PPA 사업(C)'!$Q:$Q, $J5, 'PPA 사업(C)'!$C:$C, $L$1), COUNTIFS('리스사업(D)'!$G:$G, AA$2, '리스사업(D)'!$Q:$Q, $J5, '리스사업(D)'!$C:$C, $L$1), COUNTIFS('임대사업(E)'!$G:$G, AA$2, '임대사업(E)'!$Q:$Q, $J5, '임대사업(E)'!$C:$C, $L$1), COUNTIFS('환경부사업(F)'!$G:$G, AA$2, '환경부사업(F)'!$Q:$Q, $J5, '환경부사업(F)'!$C:$C, $L$1), COUNTIFS('프로젝트(G)'!$G:$G, AA$2, '프로젝트(G)'!$Q:$Q, $J5, '프로젝트(G)'!$C:$C, $L$1), COUNTIFS('협력사 EPC(H)'!$G:$G, AA$2, '협력사 EPC(H)'!$Q:$Q, $J5, '협력사 EPC(H)'!$C:$C, $L$1), COUNTIFS('기타(Z)'!$G:$G, AA$2, '기타(Z)'!$Q:$Q, $J5, '기타(Z)'!$C:$C, $L$1) ) = 0, "", COUNTIFS('발전사업(A)'!$G:$G, AA$2, '발전사업(A)'!$Q:$Q, $J5, '발전사업(A)'!$C:$C, $L$1) + COUNTIFS('자가소비(B)'!$G:$G, AA$2, '자가소비(B)'!$Q:$Q, $J5, '자가소비(B)'!$C:$C, $L$1) + COUNTIFS('PPA 사업(C)'!$G:$G, AA$2, 'PPA 사업(C)'!$Q:$Q, $J5, 'PPA 사업(C)'!$C:$C, $L$1) + COUNTIFS('리스사업(D)'!$G:$G, AA$2, '리스사업(D)'!$Q:$Q, $J5, '리스사업(D)'!$C:$C, $L$1) + COUNTIFS('임대사업(E)'!$G:$G, AA$2, '임대사업(E)'!$Q:$Q, $J5, '임대사업(E)'!$C:$C, $L$1) + COUNTIFS('환경부사업(F)'!$G:$G, AA$2, '환경부사업(F)'!$Q:$Q, $J5, '환경부사업(F)'!$C:$C, $L$1) + COUNTIFS('프로젝트(G)'!$G:$G, AA$2, '프로젝트(G)'!$Q:$Q, $J5, '프로젝트(G)'!$C:$C, $L$1) + COUNTIFS('협력사 EPC(H)'!$G:$G, AA$2, '협력사 EPC(H)'!$Q:$Q, $J5, '협력사 EPC(H)'!$C:$C, $L$1) + COUNTIFS('기타(Z)'!$G:$G, AA$2, '기타(Z)'!$Q:$Q, $J5, '기타(Z)'!$C:$C, $L$1) ) | AC5: =IF( SUM( SUMIFS('발전사업(A)'!$I:$I,'발전사업(A)'!$G:$G,AC$2,'발전사업(A)'!$Q:$Q,$J5,'발전사업(A)'!$C:$C,$L$1), SUMIFS('자가소비(B)'!$I:$I,'자가소비(B)'!$G:$G,AC$2,'자가소비(B)'!$Q:$Q,$J5,'자가소비(B)'!$C:$C,$L$1), SUMIFS('PPA 사업(C)'!$I:$I,'PPA 사업(C)'!$G:$G,AC$2,'PPA 사업(C)'!$Q:$Q,$J5,'PPA 사업(C)'!$C:$C,$L$1), SUMIFS('리스사업(D)'!$I:$I,'리스사업(D)'!$G:$G,AC$2,'리스사업(D)'!$Q:$Q,$J5,'리스사업(D)'!$C:$C,$L$1), SUMIFS('임대사업(E)'!$I:$I,'임대사업(E)'!$G:$G,AC$2,'임대사업(E)'!$Q:$Q,$J5,'임대사업(E)'!$C:$C,$L$1), SUMIFS('환경부사업(F)'!$I:$I,'환경부사업(F)'!$G:$G,AC$2,'환경부사업(F)'!$Q:$Q,$J5,'환경부사업(F)'!$C:$C,$L$1), SUMIFS('프로젝트(G)'!$I:$I,'프로젝트(G)'!$G:$G,AC$2,'프로젝트(G)'!$Q:$Q,$J5,'프로젝트(G)'!$C:$C,$L$1), SUMIFS('협력사 EPC(H)'!$I:$I,'협력사 EPC(H)'!$G:$G,AC$2,'협력사 EPC(H)'!$Q:$Q,$J5,'협력사 EPC(H)'!$C:$C,$L$1), SUMIFS('기타(Z)'!$I:$I,'기타(Z)'!$G:$G,AC$2,'기타(Z)'!$Q:$Q,$J5,'기타(Z)'!$C:$C,$L$1) )=0, "", SUM( SUMIFS('발전사업(A)'!$I:$I,'발전사업(A)'!$G:$G,AC$2,'발전사업(A)'!$Q:$Q,$J5,'발전사업(A)'!$C:$C,$L$1), SUMIFS('자가소비(B)'!$I:$I,'자가소비(B)'!$G:$G,AC$2,'자가소비(B)'!$Q:$Q,$J5,'자가소비(B)'!$C:$C,$L$1), SUMIFS('PPA 사업(C)'!$I:$I,'PPA 사업(C)'!$G:$G,AC$2,'PPA 사업(C)'!$Q:$Q,$J5,'PPA 사업(C)'!$C:$C,$L$1), SUMIFS('리스사업(D)'!$I:$I,'리스사업(D)'!$G:$G,AC$2,'리스사업(D)'!$Q:$Q,$J5,'리스사업(D)'!$C:$C,$L$1), SUMIFS('임대사업(E)'!$I:$I,'임대사업(E)'!$G:$G,AC$2,'임대사업(E)'!$Q:$Q,$J5,'임대사업(E)'!$C:$C,$L$1), SUMIFS('환경부사업(F)'!$I:$I,'환경부사업(F)'!$G:$G,AC$2,'환경부사업(F)'!$Q:$Q,$J5,'환경부사업(F)'!$C:$C,$L$1), SUMIFS('프로젝트(G)'!$I:$I,'프로젝트(G)'!$G:$G,AC$2,'프로젝트(G)'!$Q:$Q,$J5,'프로젝트(G)'!$C:$C,$L$1), SUMIFS('협력사 EPC(H)'!$I:$I,'협력사 EPC(H)'!$G:$G,AC$2,'협력사 EPC(H)'!$Q:$Q,$J5,'협력사 EPC(H)'!$C:$C,$L$1), SUMIFS('기타(Z)'!$I:$I,'기타(Z)'!$G:$G,AC$2,'기타(Z)'!$Q:$Q,$J5,'기타(Z)'!$C:$C,$L$1) ) ) | AD5: =IF( SUM( COUNTIFS('발전사업(A)'!$G:$G, AC$2, '발전사업(A)'!$Q:$Q, $J5, '발전사업(A)'!$C:$C, $L$1), COUNTIFS('자가소비(B)'!$G:$G, AC$2, '자가소비(B)'!$Q:$Q, $J5, '자가소비(B)'!$C:$C, $L$1), COUNTIFS('PPA 사업(C)'!$G:$G, AC$2, 'PPA 사업(C)'!$Q:$Q, $J5, 'PPA 사업(C)'!$C:$C, $L$1), COUNTIFS('리스사업(D)'!$G:$G, AC$2, '리스사업(D)'!$Q:$Q, $J5, '리스사업(D)'!$C:$C, $L$1), COUNTIFS('임대사업(E)'!$G:$G, AC$2, '임대사업(E)'!$Q:$Q, $J5, '임대사업(E)'!$C:$C, $L$1), COUNTIFS('환경부사업(F)'!$G:$G, AC$2, '환경부사업(F)'!$Q:$Q, $J5, '환경부사업(F)'!$C:$C, $L$1), COUNTIFS('프로젝트(G)'!$G:$G, AC$2, '프로젝트(G)'!$Q:$Q, $J5, '프로젝트(G)'!$C:$C, $L$1), COUNTIFS('협력사 EPC(H)'!$G:$G, AC$2, '협력사 EPC(H)'!$Q:$Q, $J5, '협력사 EPC(H)'!$C:$C, $L$1), COUNTIFS('기타(Z)'!$G:$G, AC$2, '기타(Z)'!$Q:$Q, $J5, '기타(Z)'!$C:$C, $L$1) ) = 0, "", COUNTIFS('발전사업(A)'!$G:$G, AC$2, '발전사업(A)'!$Q:$Q, $J5, '발전사업(A)'!$C:$C, $L$1) + COUNTIFS('자가소비(B)'!$G:$G, AC$2, '자가소비(B)'!$Q:$Q, $J5, '자가소비(B)'!$C:$C, $L$1) + COUNTIFS('PPA 사업(C)'!$G:$G, AC$2, 'PPA 사업(C)'!$Q:$Q, $J5, 'PPA 사업(C)'!$C:$C, $L$1) + COUNTIFS('리스사업(D)'!$G:$G, AC$2, '리스사업(D)'!$Q:$Q, $J5, '리스사업(D)'!$C:$C, $L$1) + COUNTIFS('임대사업(E)'!$G:$G, AC$2, '임대사업(E)'!$Q:$Q, $J5, '임대사업(E)'!$C:$C, $L$1) + COUNTIFS('환경부사업(F)'!$G:$G, AC$2, '환경부사업(F)'!$Q:$Q, $J5, '환경부사업(F)'!$C:$C, $L$1) + COUNTIFS('프로젝트(G)'!$G:$G, AC$2, '프로젝트(G)'!$Q:$Q, $J5, '프로젝트(G)'!$C:$C, $L$1) + COUNTIFS('협력사 EPC(H)'!$G:$G, AC$2, '협력사 EPC(H)'!$Q:$Q, $J5, '협력사 EPC(H)'!$C:$C, $L$1) + COUNTIFS('기타(Z)'!$G:$G, AC$2, '기타(Z)'!$Q:$Q, $J5, '기타(Z)'!$C:$C, $L$1) ) | AE5: =IF( SUM( SUMIFS('발전사업(A)'!$I:$I,'발전사업(A)'!$G:$G,AE$2,'발전사업(A)'!$Q:$Q,$J5,'발전사업(A)'!$C:$C,$L$1), SUMIFS('자가소비(B)'!$I:$I,'자가소비(B)'!$G:$G,AE$2,'자가소비(B)'!$Q:$Q,$J5,'자가소비(B)'!$C:$C,$L$1), SUMIFS('PPA 사업(C)'!$I:$I,'PPA 사업(C)'!$G:$G,AE$2,'PPA 사업(C)'!$Q:$Q,$J5,'PPA 사업(C)'!$C:$C,$L$1), SUMIFS('리스사업(D)'!$I:$I,'리스사업(D)'!$G:$G,AE$2,'리스사업(D)'!$Q:$Q,$J5,'리스사업(D)'!$C:$C,$L$1), SUMIFS('임대사업(E)'!$I:$I,'임대사업(E)'!$G:$G,AE$2,'임대사업(E)'!$Q:$Q,$J5,'임대사업(E)'!$C:$C,$L$1), SUMIFS('환경부사업(F)'!$I:$I,'환경부사업(F)'!$G:$G,AE$2,'환경부사업(F)'!$Q:$Q,$J5,'환경부사업(F)'!$C:$C,$L$1), SUMIFS('프로젝트(G)'!$I:$I,'프로젝트(G)'!$G:$G,AE$2,'프로젝트(G)'!$Q:$Q,$J5,'프로젝트(G)'!$C:$C,$L$1), SUMIFS('협력사 EPC(H)'!$I:$I,'협력사 EPC(H)'!$G:$G,AE$2,'협력사 EPC(H)'!$Q:$Q,$J5,'협력사 EPC(H)'!$C:$C,$L$1), SUMIFS('기타(Z)'!$I:$I,'기타(Z)'!$G:$G,AE$2,'기타(Z)'!$Q:$Q,$J5,'기타(Z)'!$C:$C,$L$1) )=0, "", SUM( SUMIFS('발전사업(A)'!$I:$I,'발전사업(A)'!$G:$G,AE$2,'발전사업(A)'!$Q:$Q,$J5,'발전사업(A)'!$C:$C,$L$1), SUMIFS('자가소비(B)'!$I:$I,'자가소비(B)'!$G:$G,AE$2,'자가소비(B)'!$Q:$Q,$J5,'자가소비(B)'!$C:$C,$L$1), SUMIFS('PPA 사업(C)'!$I:$I,'PPA 사업(C)'!$G:$G,AE$2,'PPA 사업(C)'!$Q:$Q,$J5,'PPA 사업(C)'!$C:$C,$L$1), SUMIFS('리스사업(D)'!$I:$I,'리스사업(D)'!$G:$G,AE$2,'리스사업(D)'!$Q:$Q,$J5,'리스사업(D)'!$C:$C,$L$1), SUMIFS('임대사업(E)'!$I:$I,'임대사업(E)'!$G:$G,AE$2,'임대사업(E)'!$Q:$Q,$J5,'임대사업(E)'!$C:$C,$L$1), SUMIFS('환경부사업(F)'!$I:$I,'환경부사업(F)'!$G:$G,AE$2,'환경부사업(F)'!$Q:$Q,$J5,'환경부사업(F)'!$C:$C,$L$1), SUMIFS('프로젝트(G)'!$I:$I,'프로젝트(G)'!$G:$G,AE$2,'프로젝트(G)'!$Q:$Q,$J5,'프로젝트(G)'!$C:$C,$L$1), SUMIFS('협력사 EPC(H)'!$I:$I,'협력사 EPC(H)'!$G:$G,AE$2,'협력사 EPC(H)'!$Q:$Q,$J5,'협력사 EPC(H)'!$C:$C,$L$1), SUMIFS('기타(Z)'!$I:$I,'기타(Z)'!$G:$G,AE$2,'기타(Z)'!$Q:$Q,$J5,'기타(Z)'!$C:$C,$L$1) ) ) | AF5: =IF( SUM( COUNTIFS('발전사업(A)'!$G:$G, AE$2, '발전사업(A)'!$Q:$Q, $J5, '발전사업(A)'!$C:$C, $L$1), COUNTIFS('자가소비(B)'!$G:$G, AE$2, '자가소비(B)'!$Q:$Q, $J5, '자가소비(B)'!$C:$C, $L$1), COUNTIFS('PPA 사업(C)'!$G:$G, AE$2, 'PPA 사업(C)'!$Q:$Q, $J5, 'PPA 사업(C)'!$C:$C, $L$1), COUNTIFS('리스사업(D)'!$G:$G, AE$2, '리스사업(D)'!$Q:$Q, $J5, '리스사업(D)'!$C:$C, $L$1), COUNTIFS('임대사업(E)'!$G:$G, AE$2, '임대사업(E)'!$Q:$Q, $J5, '임대사업(E)'!$C:$C, $L$1), COUNTIFS('환경부사업(F)'!$G:$G, AE$2, '환경부사업(F)'!$Q:$Q, $J5, '환경부사업(F)'!$C:$C, $L$1), COUNTIFS('프로젝트(G)'!$G:$G, AE$2, '프로젝트(G)'!$Q:$Q, $J5, '프로젝트(G)'!$C:$C, $L$1), COUNTIFS('협력사 EPC(H)'!$G:$G, AE$2, '협력사 EPC(H)'!$Q:$Q, $J5, '협력사 EPC(H)'!$C:$C, $L$1), COUNTIFS('기타(Z)'!$G:$G, AE$2, '기타(Z)'!$Q:$Q, $J5, '기타(Z)'!$C:$C, $L$1) ) = 0, "", COUNTIFS('발전사업(A)'!$G:$G, AE$2, '발전사업(A)'!$Q:$Q, $J5, '발전사업(A)'!$C:$C, $L$1) + COUNTIFS('자가소비(B)'!$G:$G, AE$2, '자가소비(B)'!$Q:$Q, $J5, '자가소비(B)'!$C:$C, $L$1) + COUNTIFS('PPA 사업(C)'!$G:$G, AE$2, 'PPA 사업(C)'!$Q:$Q, $J5, 'PPA 사업(C)'!$C:$C, $L$1) + COUNTIFS('리스사업(D)'!$G:$G, AE$2, '리스사업(D)'!$Q:$Q, $J5, '리스사업(D)'!$C:$C, $L$1) + COUNTIFS('임대사업(E)'!$G:$G, AE$2, '임대사업(E)'!$Q:$Q, $J5, '임대사업(E)'!$C:$C, $L$1) + COUNTIFS('환경부사업(F)'!$G:$G, AE$2, '환경부사업(F)'!$Q:$Q, $J5, '환경부사업(F)'!$C:$C, $L$1) + COUNTIFS('프로젝트(G)'!$G:$G, AE$2, '프로젝트(G)'!$Q:$Q, $J5, '프로젝트(G)'!$C:$C, $L$1) + COUNTIFS('협력사 EPC(H)'!$G:$G, AE$2, '협력사 EPC(H)'!$Q:$Q, $J5, '협력사 EPC(H)'!$C:$C, $L$1) + COUNTIFS('기타(Z)'!$G:$G, AE$2, '기타(Z)'!$Q:$Q, $J5, '기타(Z)'!$C:$C, $L$1) ) | AG5: =IF( SUM( SUMIFS('발전사업(A)'!$I:$I,'발전사업(A)'!$G:$G,AG$2,'발전사업(A)'!$Q:$Q,$J5,'발전사업(A)'!$C:$C,$L$1), SUMIFS('자가소비(B)'!$I:$I,'자가소비(B)'!$G:$G,AG$2,'자가소비(B)'!$Q:$Q,$J5,'자가소비(B)'!$C:$C,$L$1), SUMIFS('PPA 사업(C)'!$I:$I,'PPA 사업(C)'!$G:$G,AG$2,'PPA 사업(C)'!$Q:$Q,$J5,'PPA 사업(C)'!$C:$C,$L$1), SUMIFS('리스사업(D)'!$I:$I,'리스사업(D)'!$G:$G,AG$2,'리스사업(D)'!$Q:$Q,$J5,'리스사업(D)'!$C:$C,$L$1), SUMIFS('임대사업(E)'!$I:$I,'임대사업(E)'!$G:$G,AG$2,'임대사업(E)'!$Q:$Q,$J5,'임대사업(E)'!$C:$C,$L$1), SUMIFS('환경부사업(F)'!$I:$I,'환경부사업(F)'!$G:$G,AG$2,'환경부사업(F)'!$Q:$Q,$J5,'환경부사업(F)'!$C:$C,$L$1), SUMIFS('프로젝트(G)'!$I:$I,'프로젝트(G)'!$G:$G,AG$2,'프로젝트(G)'!$Q:$Q,$J5,'프로젝트(G)'!$C:$C,$L$1), SUMIFS('협력사 EPC(H)'!$I:$I,'협력사 EPC(H)'!$G:$G,AG$2,'협력사 EPC(H)'!$Q:$Q,$J5,'협력사 EPC(H)'!$C:$C,$L$1), SUMIFS('기타(Z)'!$I:$I,'기타(Z)'!$G:$G,AG$2,'기타(Z)'!$Q:$Q,$J5,'기타(Z)'!$C:$C,$L$1) )=0, "", SUM( SUMIFS('발전사업(A)'!$I:$I,'발전사업(A)'!$G:$G,AG$2,'발전사업(A)'!$Q:$Q,$J5,'발전사업(A)'!$C:$C,$L$1), SUMIFS('자가소비(B)'!$I:$I,'자가소비(B)'!$G:$G,AG$2,'자가소비(B)'!$Q:$Q,$J5,'자가소비(B)'!$C:$C,$L$1), SUMIFS('PPA 사업(C)'!$I:$I,'PPA 사업(C)'!$G:$G,AG$2,'PPA 사업(C)'!$Q:$Q,$J5,'PPA 사업(C)'!$C:$C,$L$1), SUMIFS('리스사업(D)'!$I:$I,'리스사업(D)'!$G:$G,AG$2,'리스사업(D)'!$Q:$Q,$J5,'리스사업(D)'!$C:$C,$L$1), SUMIFS('임대사업(E)'!$I:$I,'임대사업(E)'!$G:$G,AG$2,'임대사업(E)'!$Q:$Q,$J5,'임대사업(E)'!$C:$C,$L$1), SUMIFS('환경부사업(F)'!$I:$I,'환경부사업(F)'!$G:$G,AG$2,'환경부사업(F)'!$Q:$Q,$J5,'환경부사업(F)'!$C:$C,$L$1), SUMIFS('프로젝트(G)'!$I:$I,'프로젝트(G)'!$G:$G,AG$2,'프로젝트(G)'!$Q:$Q,$J5,'프로젝트(G)'!$C:$C,$L$1), SUMIFS('협력사 EPC(H)'!$I:$I,'협력사 EPC(H)'!$G:$G,AG$2,'협력사 EPC(H)'!$Q:$Q,$J5,'협력사 EPC(H)'!$C:$C,$L$1), SUMIFS('기타(Z)'!$I:$I,'기타(Z)'!$G:$G,AG$2,'기타(Z)'!$Q:$Q,$J5,'기타(Z)'!$C:$C,$L$1) ) ) -> 1201.265 | AH5: =IF( SUM( COUNTIFS('발전사업(A)'!$G:$G, AG$2, '발전사업(A)'!$Q:$Q, $J5, '발전사업(A)'!$C:$C, $L$1), COUNTIFS('자가소비(B)'!$G:$G, AG$2, '자가소비(B)'!$Q:$Q, $J5, '자가소비(B)'!$C:$C, $L$1), COUNTIFS('PPA 사업(C)'!$G:$G, AG$2, 'PPA 사업(C)'!$Q:$Q, $J5, 'PPA 사업(C)'!$C:$C, $L$1), COUNTIFS('리스사업(D)'!$G:$G, AG$2, '리스사업(D)'!$Q:$Q, $J5, '리스사업(D)'!$C:$C, $L$1), COUNTIFS('임대사업(E)'!$G:$G, AG$2, '임대사업(E)'!$Q:$Q, $J5, '임대사업(E)'!$C:$C, $L$1), COUNTIFS('환경부사업(F)'!$G:$G, AG$2, '환경부사업(F)'!$Q:$Q, $J5, '환경부사업(F)'!$C:$C, $L$1), COUNTIFS('프로젝트(G)'!$G:$G, AG$2, '프로젝트(G)'!$Q:$Q, $J5, '프로젝트(G)'!$C:$C, $L$1), COUNTIFS('협력사 EPC(H)'!$G:$G, AG$2, '협력사 EPC(H)'!$Q:$Q, $J5, '협력사 EPC(H)'!$C:$C, $L$1), COUNTIFS('기타(Z)'!$G:$G, AG$2, '기타(Z)'!$Q:$Q, $J5, '기타(Z)'!$C:$C, $L$1) ) = 0, "", COUNTIFS('발전사업(A)'!$G:$G, AG$2, '발전사업(A)'!$Q:$Q, $J5, '발전사업(A)'!$C:$C, $L$1) + COUNTIFS('자가소비(B)'!$G:$G, AG$2, '자가소비(B)'!$Q:$Q, $J5, '자가소비(B)'!$C:$C, $L$1) + COUNTIFS('PPA 사업(C)'!$G:$G, AG$2, 'PPA 사업(C)'!$Q:$Q, $J5, 'PPA 사업(C)'!$C:$C, $L$1) + COUNTIFS('리스사업(D)'!$G:$G, AG$2, '리스사업(D)'!$Q:$Q, $J5, '리스사업(D)'!$C:$C, $L$1) + COUNTIFS('임대사업(E)'!$G:$G, AG$2, '임대사업(E)'!$Q:$Q, $J5, '임대사업(E)'!$C:$C, $L$1) + COUNTIFS('환경부사업(F)'!$G:$G, AG$2, '환경부사업(F)'!$Q:$Q, $J5, '환경부사업(F)'!$C:$C, $L$1) + COUNTIFS('프로젝트(G)'!$G:$G, AG$2, '프로젝트(G)'!$Q:$Q, $J5, '프로젝트(G)'!$C:$C, $L$1) + COUNTIFS('협력사 EPC(H)'!$G:$G, AG$2, '협력사 EPC(H)'!$Q:$Q, $J5, '협력사 EPC(H)'!$C:$C, $L$1) + COUNTIFS('기타(Z)'!$G:$G, AG$2, '기타(Z)'!$Q:$Q, $J5, '기타(Z)'!$C:$C, $L$1) ) -> 4 | AI5: =IF( SUM( SUMIFS('발전사업(A)'!$I:$I,'발전사업(A)'!$G:$G,AI$2,'발전사업(A)'!$Q:$Q,$J5,'발전사업(A)'!$C:$C,$L$1), SUMIFS('자가소비(B)'!$I:$I,'자가소비(B)'!$G:$G,AI$2,'자가소비(B)'!$Q:$Q,$J5,'자가소비(B)'!$C:$C,$L$1), SUMIFS('PPA 사업(C)'!$I:$I,'PPA 사업(C)'!$G:$G,AI$2,'PPA 사업(C)'!$Q:$Q,$J5,'PPA 사업(C)'!$C:$C,$L$1), SUMIFS('리스사업(D)'!$I:$I,'리스사업(D)'!$G:$G,AI$2,'리스사업(D)'!$Q:$Q,$J5,'리스사업(D)'!$C:$C,$L$1), SUMIFS('임대사업(E)'!$I:$I,'임대사업(E)'!$G:$G,AI$2,'임대사업(E)'!$Q:$Q,$J5,'임대사업(E)'!$C:$C,$L$1), SUMIFS('환경부사업(F)'!$I:$I,'환경부사업(F)'!$G:$G,AI$2,'환경부사업(F)'!$Q:$Q,$J5,'환경부사업(F)'!$C:$C,$L$1), SUMIFS('프로젝트(G)'!$I:$I,'프로젝트(G)'!$G:$G,AI$2,'프로젝트(G)'!$Q:$Q,$J5,'프로젝트(G)'!$C:$C,$L$1), SUMIFS('협력사 EPC(H)'!$I:$I,'협력사 EPC(H)'!$G:$G,AI$2,'협력사 EPC(H)'!$Q:$Q,$J5,'협력사 EPC(H)'!$C:$C,$L$1), SUMIFS('기타(Z)'!$I:$I,'기타(Z)'!$G:$G,AI$2,'기타(Z)'!$Q:$Q,$J5,'기타(Z)'!$C:$C,$L$1) )=0, "", SUM( SUMIFS('발전사업(A)'!$I:$I,'발전사업(A)'!$G:$G,AI$2,'발전사업(A)'!$Q:$Q,$J5,'발전사업(A)'!$C:$C,$L$1), SUMIFS('자가소비(B)'!$I:$I,'자가소비(B)'!$G:$G,AI$2,'자가소비(B)'!$Q:$Q,$J5,'자가소비(B)'!$C:$C,$L$1), SUMIFS('PPA 사업(C)'!$I:$I,'PPA 사업(C)'!$G:$G,AI$2,'PPA 사업(C)'!$Q:$Q,$J5,'PPA 사업(C)'!$C:$C,$L$1), SUMIFS('리스사업(D)'!$I:$I,'리스사업(D)'!$G:$G,AI$2,'리스사업(D)'!$Q:$Q,$J5,'리스사업(D)'!$C:$C,$L$1), SUMIFS('임대사업(E)'!$I:$I,'임대사업(E)'!$G:$G,AI$2,'임대사업(E)'!$Q:$Q,$J5,'임대사업(E)'!$C:$C,$L$1), SUMIFS('환경부사업(F)'!$I:$I,'환경부사업(F)'!$G:$G,AI$2,'환경부사업(F)'!$Q:$Q,$J5,'환경부사업(F)'!$C:$C,$L$1), SUMIFS('프로젝트(G)'!$I:$I,'프로젝트(G)'!$G:$G,AI$2,'프로젝트(G)'!$Q:$Q,$J5,'프로젝트(G)'!$C:$C,$L$1), SUMIFS('협력사 EPC(H)'!$I:$I,'협력사 EPC(H)'!$G:$G,AI$2,'협력사 EPC(H)'!$Q:$Q,$J5,'협력사 EPC(H)'!$C:$C,$L$1), SUMIFS('기타(Z)'!$I:$I,'기타(Z)'!$G:$G,AI$2,'기타(Z)'!$Q:$Q,$J5,'기타(Z)'!$C:$C,$L$1) ) ) | AJ5: =IF( SUM( COUNTIFS('발전사업(A)'!$G:$G, AI$2, '발전사업(A)'!$Q:$Q, $J5, '발전사업(A)'!$C:$C, $L$1), COUNTIFS('자가소비(B)'!$G:$G, AI$2, '자가소비(B)'!$Q:$Q, $J5, '자가소비(B)'!$C:$C, $L$1), COUNTIFS('PPA 사업(C)'!$G:$G, AI$2, 'PPA 사업(C)'!$Q:$Q, $J5, 'PPA 사업(C)'!$C:$C, $L$1), COUNTIFS('리스사업(D)'!$G:$G, AI$2, '리스사업(D)'!$Q:$Q, $J5, '리스사업(D)'!$C:$C, $L$1), COUNTIFS('임대사업(E)'!$G:$G, AI$2, '임대사업(E)'!$Q:$Q, $J5, '임대사업(E)'!$C:$C, $L$1), COUNTIFS('환경부사업(F)'!$G:$G, AI$2, '환경부사업(F)'!$Q:$Q, $J5, '환경부사업(F)'!$C:$C, $L$1), COUNTIFS('프로젝트(G)'!$G:$G, AI$2, '프로젝트(G)'!$Q:$Q, $J5, '프로젝트(G)'!$C:$C, $L$1), COUNTIFS('협력사 EPC(H)'!$G:$G, AI$2, '협력사 EPC(H)'!$Q:$Q, $J5, '협력사 EPC(H)'!$C:$C, $L$1), COUNTIFS('기타(Z)'!$G:$G, AI$2, '기타(Z)'!$Q:$Q, $J5, '기타(Z)'!$C:$C, $L$1) ) = 0, "", COUNTIFS('발전사업(A)'!$G:$G, AI$2, '발전사업(A)'!$Q:$Q, $J5, '발전사업(A)'!$C:$C, $L$1) + COUNTIFS('자가소비(B)'!$G:$G, AI$2, '자가소비(B)'!$Q:$Q, $J5, '자가소비(B)'!$C:$C, $L$1) + COUNTIFS('PPA 사업(C)'!$G:$G, AI$2, 'PPA 사업(C)'!$Q:$Q, $J5, 'PPA 사업(C)'!$C:$C, $L$1) + COUNTIFS('리스사업(D)'!$G:$G, AI$2, '리스사업(D)'!$Q:$Q, $J5, '리스사업(D)'!$C:$C, $L$1) + COUNTIFS('임대사업(E)'!$G:$G, AI$2, '임대사업(E)'!$Q:$Q, $J5, '임대사업(E)'!$C:$C, $L$1) + COUNTIFS('환경부사업(F)'!$G:$G, AI$2, '환경부사업(F)'!$Q:$Q, $J5, '환경부사업(F)'!$C:$C, $L$1) + COUNTIFS('프로젝트(G)'!$G:$G, AI$2, '프로젝트(G)'!$Q:$Q, $J5, '프로젝트(G)'!$C:$C, $L$1) + COUNTIFS('협력사 EPC(H)'!$G:$G, AI$2, '협력사 EPC(H)'!$Q:$Q, $J5, '협력사 EPC(H)'!$C:$C, $L$1) + COUNTIFS('기타(Z)'!$G:$G, AI$2, '기타(Z)'!$Q:$Q, $J5, '기타(Z)'!$C:$C, $L$1) )
B6: 창고 | C6: =IF(COUNTA(C18,C30,C42,C54,C66,C78,C90,C102,C114,C126,C138,C150)=0,"", IF(SUM(N(C18),N(C30),N(C42),N(C54),N(C66),N(C78),N(C90),N(C102),N(C114),N(C126),N(C138),N(C150))=0,"", SUM(N(C18),N(C30),N(C42),N(C54),N(C66),N(C78),N(C90),N(C102),N(C114),N(C126),N(C138),N(C150)) )) -> 4404.48 | D6: =IF(COUNTA(D18,D30,D42,D54,D66,D78,D90,D102,D114,D126,D138,D150)=0,"", IF(SUM(N(D18),N(D30),N(D42),N(D54),N(D66),N(D78),N(D90),N(D102),N(D114),N(D126),N(D138),N(D150))=0,"", SUM(N(D18),N(D30),N(D42),N(D54),N(D66),N(D78),N(D90),N(D102),N(D114),N(D126),N(D138),N(D150)) )) -> 15 | E6: =IF(COUNTA(E18,E30,E42,E54,E66,E78,E90,E102,E114,E126,E138,E150)=0,"", IF(SUM(N(E18),N(E30),N(E42),N(E54),N(E66),N(E78),N(E90),N(E102),N(E114),N(E126),N(E138),N(E150))=0,"", SUM(N(E18),N(E30),N(E42),N(E54),N(E66),N(E78),N(E90),N(E102),N(E114),N(E126),N(E138),N(E150)) )) -> 3268.48 | F6: =IF(COUNTA(F18,F30,F42,F54,F66,F78,F90,F102,F114,F126,F138,F150)=0,"", IF(SUM(N(F18),N(F30),N(F42),N(F54),N(F66),N(F78),N(F90),N(F102),N(F114),N(F126),N(F138),N(F150))=0,"", SUM(N(F18),N(F30),N(F42),N(F54),N(F66),N(F78),N(F90),N(F102),N(F114),N(F126),N(F138),N(F150)) )) -> 11 | G6: =IF(COUNTA(G18,G30,G42,G54,G66,G78,G90,G102,G114,G126,G138,G150)=0,"", IF(SUM(N(G18),N(G30),N(G42),N(G54),N(G66),N(G78),N(G90),N(G102),N(G114),N(G126),N(G138),N(G150))=0,"", SUM(N(G18),N(G30),N(G42),N(G54),N(G66),N(G78),N(G90),N(G102),N(G114),N(G126),N(G138),N(G150)) )) -> 1136 | H6: =IF(COUNTA(H18,H30,H42,H54,H66,H78,H90,H102,H114,H126,H138,H150)=0,"", IF(SUM(N(H18),N(H30),N(H42),N(H54),N(H66),N(H78),N(H90),N(H102),N(H114),N(H126),N(H138),N(H150))=0,"", SUM(N(H18),N(H30),N(H42),N(H54),N(H66),N(H78),N(H90),N(H102),N(H114),N(H126),N(H138),N(H150)) )) -> 4 | J6: 충북 | K6: =IF( SUM( IFERROR(VALUE(SUBSTITUTE(M6,"kW","")),0), IFERROR(VALUE(SUBSTITUTE(O6,"kW","")),0), IFERROR(VALUE(SUBSTITUTE(Q6,"kW","")),0), IFERROR(VALUE(SUBSTITUTE(S6,"kW","")),0), IFERROR(VALUE(SUBSTITUTE(U6,"kW","")),0), IFERROR(VALUE(SUBSTITUTE(W6,"kW","")),0), IFERROR(VALUE(SUBSTITUTE(Y6,"kW","")),0), IFERROR(VALUE(SUBSTITUTE(AA6,"kW","")),0), IFERROR(VALUE(SUBSTITUTE(AC6,"kW","")),0), IFERROR(VALUE(SUBSTITUTE(AE6,"kW","")),0), IFERROR(VALUE(SUBSTITUTE(AG6,"kW","")),0), IFERROR(VALUE(SUBSTITUTE(AI6,"kW","")),0) )=0, "", SUM( IFERROR(VALUE(SUBSTITUTE(M6,"kW","")),0), IFERROR(VALUE(SUBSTITUTE(O6,"kW","")),0), IFERROR(VALUE(SUBSTITUTE(Q6,"kW","")),0), IFERROR(VALUE(SUBSTITUTE(S6,"kW","")),0), IFERROR(VALUE(SUBSTITUTE(U6,"kW","")),0), IFERROR(VALUE(SUBSTITUTE(W6,"kW","")),0), IFERROR(VALUE(SUBSTITUTE(Y6,"kW","")),0), IFERROR(VALUE(SUBSTITUTE(AA6,"kW","")),0), IFERROR(VALUE(SUBSTITUTE(AC6,"kW","")),0), IFERROR(VALUE(SUBSTITUTE(AE6,"kW","")),0), IFERROR(VALUE(SUBSTITUTE(AG6,"kW","")),0), IFERROR(VALUE(SUBSTITUTE(AI6,"kW","")),0) ) ) -> 3370.88 | L6: =IF( SUM( IFERROR(VALUE(SUBSTITUTE(N6,"건","")),0), IFERROR(VALUE(SUBSTITUTE(P6,"건","")),0), IFERROR(VALUE(SUBSTITUTE(R6,"건","")),0), IFERROR(VALUE(SUBSTITUTE(T6,"건","")),0), IFERROR(VALUE(SUBSTITUTE(V6,"건","")),0), IFERROR(VALUE(SUBSTITUTE(X6,"건","")),0), IFERROR(VALUE(SUBSTITUTE(Z6,"건","")),0), IFERROR(VALUE(SUBSTITUTE(AB6,"건","")),0), IFERROR(VALUE(SUBSTITUTE(AD6,"건","")),0), IFERROR(VALUE(SUBSTITUTE(AF6,"건","")),0), IFERROR(VALUE(SUBSTITUTE(AH6,"건","")),0), IFERROR(VALUE(SUBSTITUTE(AJ6,"건","")),0) )=0, "", SUM( IFERROR(VALUE(SUBSTITUTE(N6,"건","")),0), IFERROR(VALUE(SUBSTITUTE(P6,"건","")),0), IFERROR(VALUE(SUBSTITUTE(R6,"건","")),0), IFERROR(VALUE(SUBSTITUTE(T6,"건","")),0), IFERROR(VALUE(SUBSTITUTE(V6,"건","")),0), IFERROR(VALUE(SUBSTITUTE(X6,"건","")),0), IFERROR(VALUE(SUBSTITUTE(Z6,"건","")),0), IFERROR(VALUE(SUBSTITUTE(AB6,"건","")),0), IFERROR(VALUE(SUBSTITUTE(AD6,"건","")),0), IFERROR(VALUE(SUBSTITUTE(AF6,"건","")),0), IFERROR(VALUE(SUBSTITUTE(AH6,"건","")),0), IFERROR(VALUE(SUBSTITUTE(AJ6,"건","")),0) ) ) -> 9 | M6: =IF( SUM( SUMIFS('발전사업(A)'!$I:$I,'발전사업(A)'!$G:$G,M$2,'발전사업(A)'!$Q:$Q,$J6,'발전사업(A)'!$C:$C,$L$1), SUMIFS('자가소비(B)'!$I:$I,'자가소비(B)'!$G:$G,M$2,'자가소비(B)'!$Q:$Q,$J6,'자가소비(B)'!$C:$C,$L$1), SUMIFS('PPA 사업(C)'!$I:$I,'PPA 사업(C)'!$G:$G,M$2,'PPA 사업(C)'!$Q:$Q,$J6,'PPA 사업(C)'!$C:$C,$L$1), SUMIFS('리스사업(D)'!$I:$I,'리스사업(D)'!$G:$G,M$2,'리스사업(D)'!$Q:$Q,$J6,'리스사업(D)'!$C:$C,$L$1), SUMIFS('임대사업(E)'!$I:$I,'임대사업(E)'!$G:$G,M$2,'임대사업(E)'!$Q:$Q,$J6,'임대사업(E)'!$C:$C,$L$1), SUMIFS('환경부사업(F)'!$I:$I,'환경부사업(F)'!$G:$G,M$2,'환경부사업(F)'!$Q:$Q,$J6,'환경부사업(F)'!$C:$C,$L$1), SUMIFS('프로젝트(G)'!$I:$I,'프로젝트(G)'!$G:$G,M$2,'프로젝트(G)'!$Q:$Q,$J6,'프로젝트(G)'!$C:$C,$L$1), SUMIFS('협력사 EPC(H)'!$I:$I,'협력사 EPC(H)'!$G:$G,M$2,'협력사 EPC(H)'!$Q:$Q,$J6,'협력사 EPC(H)'!$C:$C,$L$1), SUMIFS('기타(Z)'!$I:$I,'기타(Z)'!$G:$G,M$2,'기타(Z)'!$Q:$Q,$J6,'기타(Z)'!$C:$C,$L$1) )=0, "", SUM( SUMIFS('발전사업(A)'!$I:$I,'발전사업(A)'!$G:$G,M$2,'발전사업(A)'!$Q:$Q,$J6,'발전사업(A)'!$C:$C,$L$1), SUMIFS('자가소비(B)'!$I:$I,'자가소비(B)'!$G:$G,M$2,'자가소비(B)'!$Q:$Q,$J6,'자가소비(B)'!$C:$C,$L$1), SUMIFS('PPA 사업(C)'!$I:$I,'PPA 사업(C)'!$G:$G,M$2,'PPA 사업(C)'!$Q:$Q,$J6,'PPA 사업(C)'!$C:$C,$L$1), SUMIFS('리스사업(D)'!$I:$I,'리스사업(D)'!$G:$G,M$2,'리스사업(D)'!$Q:$Q,$J6,'리스사업(D)'!$C:$C,$L$1), SUMIFS('임대사업(E)'!$I:$I,'임대사업(E)'!$G:$G,M$2,'임대사업(E)'!$Q:$Q,$J6,'임대사업(E)'!$C:$C,$L$1), SUMIFS('환경부사업(F)'!$I:$I,'환경부사업(F)'!$G:$G,M$2,'환경부사업(F)'!$Q:$Q,$J6,'환경부사업(F)'!$C:$C,$L$1), SUMIFS('프로젝트(G)'!$I:$I,'프로젝트(G)'!$G:$G,M$2,'프로젝트(G)'!$Q:$Q,$J6,'프로젝트(G)'!$C:$C,$L$1), SUMIFS('협력사 EPC(H)'!$I:$I,'협력사 EPC(H)'!$G:$G,M$2,'협력사 EPC(H)'!$Q:$Q,$J6,'협력사 EPC(H)'!$C:$C,$L$1), SUMIFS('기타(Z)'!$I:$I,'기타(Z)'!$G:$G,M$2,'기타(Z)'!$Q:$Q,$J6,'기타(Z)'!$C:$C,$L$1) ) ) | N6: =IF( SUM( COUNTIFS('발전사업(A)'!$G:$G, M$2, '발전사업(A)'!$Q:$Q, $J6, '발전사업(A)'!$C:$C, $L$1), COUNTIFS('자가소비(B)'!$G:$G, M$2, '자가소비(B)'!$Q:$Q, $J6, '자가소비(B)'!$C:$C, $L$1), COUNTIFS('PPA 사업(C)'!$G:$G, M$2, 'PPA 사업(C)'!$Q:$Q, $J6, 'PPA 사업(C)'!$C:$C, $L$1), COUNTIFS('리스사업(D)'!$G:$G, M$2, '리스사업(D)'!$Q:$Q, $J6, '리스사업(D)'!$C:$C, $L$1), COUNTIFS('임대사업(E)'!$G:$G, M$2, '임대사업(E)'!$Q:$Q, $J6, '임대사업(E)'!$C:$C, $L$1), COUNTIFS('환경부사업(F)'!$G:$G, M$2, '환경부사업(F)'!$Q:$Q, $J6, '환경부사업(F)'!$C:$C, $L$1), COUNTIFS('프로젝트(G)'!$G:$G, M$2, '프로젝트(G)'!$Q:$Q, $J6, '프로젝트(G)'!$C:$C, $L$1), COUNTIFS('협력사 EPC(H)'!$G:$G, M$2, '협력사 EPC(H)'!$Q:$Q, $J6, '협력사 EPC(H)'!$C:$C, $L$1), COUNTIFS('기타(Z)'!$G:$G, M$2, '기타(Z)'!$Q:$Q, $J6, '기타(Z)'!$C:$C, $L$1) ) = 0, "", COUNTIFS('발전사업(A)'!$G:$G, M$2, '발전사업(A)'!$Q:$Q, $J6, '발전사업(A)'!$C:$C, $L$1) + COUNTIFS('자가소비(B)'!$G:$G, M$2, '자가소비(B)'!$Q:$Q, $J6, '자가소비(B)'!$C:$C, $L$1) + COUNTIFS('PPA 사업(C)'!$G:$G, M$2, 'PPA 사업(C)'!$Q:$Q, $J6, 'PPA 사업(C)'!$C:$C, $L$1) + COUNTIFS('리스사업(D)'!$G:$G, M$2, '리스사업(D)'!$Q:$Q, $J6, '리스사업(D)'!$C:$C, $L$1) + COUNTIFS('임대사업(E)'!$G:$G, M$2, '임대사업(E)'!$Q:$Q, $J6, '임대사업(E)'!$C:$C, $L$1) + COUNTIFS('환경부사업(F)'!$G:$G, M$2, '환경부사업(F)'!$Q:$Q, $J6, '환경부사업(F)'!$C:$C, $L$1) + COUNTIFS('프로젝트(G)'!$G:$G, M$2, '프로젝트(G)'!$Q:$Q, $J6, '프로젝트(G)'!$C:$C, $L$1) + COUNTIFS('협력사 EPC(H)'!$G:$G, M$2, '협력사 EPC(H)'!$Q:$Q, $J6, '협력사 EPC(H)'!$C:$C, $L$1) + COUNTIFS('기타(Z)'!$G:$G, M$2, '기타(Z)'!$Q:$Q, $J6, '기타(Z)'!$C:$C, $L$1) ) | O6: =IF( SUM( SUMIFS('발전사업(A)'!$I:$I,'발전사업(A)'!$G:$G,O$2,'발전사업(A)'!$Q:$Q,$J6,'발전사업(A)'!$C:$C,$L$1), SUMIFS('자가소비(B)'!$I:$I,'자가소비(B)'!$G:$G,O$2,'자가소비(B)'!$Q:$Q,$J6,'자가소비(B)'!$C:$C,$L$1), SUMIFS('PPA 사업(C)'!$I:$I,'PPA 사업(C)'!$G:$G,O$2,'PPA 사업(C)'!$Q:$Q,$J6,'PPA 사업(C)'!$C:$C,$L$1), SUMIFS('리스사업(D)'!$I:$I,'리스사업(D)'!$G:$G,O$2,'리스사업(D)'!$Q:$Q,$J6,'리스사업(D)'!$C:$C,$L$1), SUMIFS('임대사업(E)'!$I:$I,'임대사업(E)'!$G:$G,O$2,'임대사업(E)'!$Q:$Q,$J6,'임대사업(E)'!$C:$C,$L$1), SUMIFS('환경부사업(F)'!$I:$I,'환경부사업(F)'!$G:$G,O$2,'환경부사업(F)'!$Q:$Q,$J6,'환경부사업(F)'!$C:$C,$L$1), SUMIFS('프로젝트(G)'!$I:$I,'프로젝트(G)'!$G:$G,O$2,'프로젝트(G)'!$Q:$Q,$J6,'프로젝트(G)'!$C:$C,$L$1), SUMIFS('협력사 EPC(H)'!$I:$I,'협력사 EPC(H)'!$G:$G,O$2,'협력사 EPC(H)'!$Q:$Q,$J6,'협력사 EPC(H)'!$C:$C,$L$1), SUMIFS('기타(Z)'!$I:$I,'기타(Z)'!$G:$G,O$2,'기타(Z)'!$Q:$Q,$J6,'기타(Z)'!$C:$C,$L$1) )=0, "", SUM( SUMIFS('발전사업(A)'!$I:$I,'발전사업(A)'!$G:$G,O$2,'발전사업(A)'!$Q:$Q,$J6,'발전사업(A)'!$C:$C,$L$1), SUMIFS('자가소비(B)'!$I:$I,'자가소비(B)'!$G:$G,O$2,'자가소비(B)'!$Q:$Q,$J6,'자가소비(B)'!$C:$C,$L$1), SUMIFS('PPA 사업(C)'!$I:$I,'PPA 사업(C)'!$G:$G,O$2,'PPA 사업(C)'!$Q:$Q,$J6,'PPA 사업(C)'!$C:$C,$L$1), SUMIFS('리스사업(D)'!$I:$I,'리스사업(D)'!$G:$G,O$2,'리스사업(D)'!$Q:$Q,$J6,'리스사업(D)'!$C:$C,$L$1), SUMIFS('임대사업(E)'!$I:$I,'임대사업(E)'!$G:$G,O$2,'임대사업(E)'!$Q:$Q,$J6,'임대사업(E)'!$C:$C,$L$1), SUMIFS('환경부사업(F)'!$I:$I,'환경부사업(F)'!$G:$G,O$2,'환경부사업(F)'!$Q:$Q,$J6,'환경부사업(F)'!$C:$C,$L$1), SUMIFS('프로젝트(G)'!$I:$I,'프로젝트(G)'!$G:$G,O$2,'프로젝트(G)'!$Q:$Q,$J6,'프로젝트(G)'!$C:$C,$L$1), SUMIFS('협력사 EPC(H)'!$I:$I,'협력사 EPC(H)'!$G:$G,O$2,'협력사 EPC(H)'!$Q:$Q,$J6,'협력사 EPC(H)'!$C:$C,$L$1), SUMIFS('기타(Z)'!$I:$I,'기타(Z)'!$G:$G,O$2,'기타(Z)'!$Q:$Q,$J6,'기타(Z)'!$C:$C,$L$1) ) ) | P6: =IF( SUM( COUNTIFS('발전사업(A)'!$G:$G, O$2, '발전사업(A)'!$Q:$Q, $J6, '발전사업(A)'!$C:$C, $L$1), COUNTIFS('자가소비(B)'!$G:$G, O$2, '자가소비(B)'!$Q:$Q, $J6, '자가소비(B)'!$C:$C, $L$1), COUNTIFS('PPA 사업(C)'!$G:$G, O$2, 'PPA 사업(C)'!$Q:$Q, $J6, 'PPA 사업(C)'!$C:$C, $L$1), COUNTIFS('리스사업(D)'!$G:$G, O$2, '리스사업(D)'!$Q:$Q, $J6, '리스사업(D)'!$C:$C, $L$1), COUNTIFS('임대사업(E)'!$G:$G, O$2, '임대사업(E)'!$Q:$Q, $J6, '임대사업(E)'!$C:$C, $L$1), COUNTIFS('환경부사업(F)'!$G:$G, O$2, '환경부사업(F)'!$Q:$Q, $J6, '환경부사업(F)'!$C:$C, $L$1), COUNTIFS('프로젝트(G)'!$G:$G, O$2, '프로젝트(G)'!$Q:$Q, $J6, '프로젝트(G)'!$C:$C, $L$1), COUNTIFS('협력사 EPC(H)'!$G:$G, O$2, '협력사 EPC(H)'!$Q:$Q, $J6, '협력사 EPC(H)'!$C:$C, $L$1), COUNTIFS('기타(Z)'!$G:$G, O$2, '기타(Z)'!$Q:$Q, $J6, '기타(Z)'!$C:$C, $L$1) ) = 0, "", COUNTIFS('발전사업(A)'!$G:$G, O$2, '발전사업(A)'!$Q:$Q, $J6, '발전사업(A)'!$C:$C, $L$1) + COUNTIFS('자가소비(B)'!$G:$G, O$2, '자가소비(B)'!$Q:$Q, $J6, '자가소비(B)'!$C:$C, $L$1) + COUNTIFS('PPA 사업(C)'!$G:$G, O$2, 'PPA 사업(C)'!$Q:$Q, $J6, 'PPA 사업(C)'!$C:$C, $L$1) + COUNTIFS('리스사업(D)'!$G:$G, O$2, '리스사업(D)'!$Q:$Q, $J6, '리스사업(D)'!$C:$C, $L$1) + COUNTIFS('임대사업(E)'!$G:$G, O$2, '임대사업(E)'!$Q:$Q, $J6, '임대사업(E)'!$C:$C, $L$1) + COUNTIFS('환경부사업(F)'!$G:$G, O$2, '환경부사업(F)'!$Q:$Q, $J6, '환경부사업(F)'!$C:$C, $L$1) + COUNTIFS('프로젝트(G)'!$G:$G, O$2, '프로젝트(G)'!$Q:$Q, $J6, '프로젝트(G)'!$C:$C, $L$1) + COUNTIFS('협력사 EPC(H)'!$G:$G, O$2, '협력사 EPC(H)'!$Q:$Q, $J6, '협력사 EPC(H)'!$C:$C, $L$1) + COUNTIFS('기타(Z)'!$G:$G, O$2, '기타(Z)'!$Q:$Q, $J6, '기타(Z)'!$C:$C, $L$1) ) | Q6: =IF( SUM( SUMIFS('발전사업(A)'!$I:$I,'발전사업(A)'!$G:$G,Q$2,'발전사업(A)'!$Q:$Q,$J6,'발전사업(A)'!$C:$C,$L$1), SUMIFS('자가소비(B)'!$I:$I,'자가소비(B)'!$G:$G,Q$2,'자가소비(B)'!$Q:$Q,$J6,'자가소비(B)'!$C:$C,$L$1), SUMIFS('PPA 사업(C)'!$I:$I,'PPA 사업(C)'!$G:$G,Q$2,'PPA 사업(C)'!$Q:$Q,$J6,'PPA 사업(C)'!$C:$C,$L$1), SUMIFS('리스사업(D)'!$I:$I,'리스사업(D)'!$G:$G,Q$2,'리스사업(D)'!$Q:$Q,$J6,'리스사업(D)'!$C:$C,$L$1), SUMIFS('임대사업(E)'!$I:$I,'임대사업(E)'!$G:$G,Q$2,'임대사업(E)'!$Q:$Q,$J6,'임대사업(E)'!$C:$C,$L$1), SUMIFS('환경부사업(F)'!$I:$I,'환경부사업(F)'!$G:$G,Q$2,'환경부사업(F)'!$Q:$Q,$J6,'환경부사업(F)'!$C:$C,$L$1), SUMIFS('프로젝트(G)'!$I:$I,'프로젝트(G)'!$G:$G,Q$2,'프로젝트(G)'!$Q:$Q,$J6,'프로젝트(G)'!$C:$C,$L$1), SUMIFS('협력사 EPC(H)'!$I:$I,'협력사 EPC(H)'!$G:$G,Q$2,'협력사 EPC(H)'!$Q:$Q,$J6,'협력사 EPC(H)'!$C:$C,$L$1), SUMIFS('기타(Z)'!$I:$I,'기타(Z)'!$G:$G,Q$2,'기타(Z)'!$Q:$Q,$J6,'기타(Z)'!$C:$C,$L$1) )=0, "", SUM( SUMIFS('발전사업(A)'!$I:$I,'발전사업(A)'!$G:$G,Q$2,'발전사업(A)'!$Q:$Q,$J6,'발전사업(A)'!$C:$C,$L$1), SUMIFS('자가소비(B)'!$I:$I,'자가소비(B)'!$G:$G,Q$2,'자가소비(B)'!$Q:$Q,$J6,'자가소비(B)'!$C:$C,$L$1), SUMIFS('PPA 사업(C)'!$I:$I,'PPA 사업(C)'!$G:$G,Q$2,'PPA 사업(C)'!$Q:$Q,$J6,'PPA 사업(C)'!$C:$C,$L$1), SUMIFS('리스사업(D)'!$I:$I,'리스사업(D)'!$G:$G,Q$2,'리스사업(D)'!$Q:$Q,$J6,'리스사업(D)'!$C:$C,$L$1), SUMIFS('임대사업(E)'!$I:$I,'임대사업(E)'!$G:$G,Q$2,'임대사업(E)'!$Q:$Q,$J6,'임대사업(E)'!$C:$C,$L$1), SUMIFS('환경부사업(F)'!$I:$I,'환경부사업(F)'!$G:$G,Q$2,'환경부사업(F)'!$Q:$Q,$J6,'환경부사업(F)'!$C:$C,$L$1), SUMIFS('프로젝트(G)'!$I:$I,'프로젝트(G)'!$G:$G,Q$2,'프로젝트(G)'!$Q:$Q,$J6,'프로젝트(G)'!$C:$C,$L$1), SUMIFS('협력사 EPC(H)'!$I:$I,'협력사 EPC(H)'!$G:$G,Q$2,'협력사 EPC(H)'!$Q:$Q,$J6,'협력사 EPC(H)'!$C:$C,$L$1), SUMIFS('기타(Z)'!$I:$I,'기타(Z)'!$G:$G,Q$2,'기타(Z)'!$Q:$Q,$J6,'기타(Z)'!$C:$C,$L$1) ) ) | R6: =IF( SUM( COUNTIFS('발전사업(A)'!$G:$G, Q$2, '발전사업(A)'!$Q:$Q, $J6, '발전사업(A)'!$C:$C, $L$1), COUNTIFS('자가소비(B)'!$G:$G, Q$2, '자가소비(B)'!$Q:$Q, $J6, '자가소비(B)'!$C:$C, $L$1), COUNTIFS('PPA 사업(C)'!$G:$G, Q$2, 'PPA 사업(C)'!$Q:$Q, $J6, 'PPA 사업(C)'!$C:$C, $L$1), COUNTIFS('리스사업(D)'!$G:$G, Q$2, '리스사업(D)'!$Q:$Q, $J6, '리스사업(D)'!$C:$C, $L$1), COUNTIFS('임대사업(E)'!$G:$G, Q$2, '임대사업(E)'!$Q:$Q, $J6, '임대사업(E)'!$C:$C, $L$1), COUNTIFS('환경부사업(F)'!$G:$G, Q$2, '환경부사업(F)'!$Q:$Q, $J6, '환경부사업(F)'!$C:$C, $L$1), COUNTIFS('프로젝트(G)'!$G:$G, Q$2, '프로젝트(G)'!$Q:$Q, $J6, '프로젝트(G)'!$C:$C, $L$1), COUNTIFS('협력사 EPC(H)'!$G:$G, Q$2, '협력사 EPC(H)'!$Q:$Q, $J6, '협력사 EPC(H)'!$C:$C, $L$1), COUNTIFS('기타(Z)'!$G:$G, Q$2, '기타(Z)'!$Q:$Q, $J6, '기타(Z)'!$C:$C, $L$1) ) = 0, "", COUNTIFS('발전사업(A)'!$G:$G, Q$2, '발전사업(A)'!$Q:$Q, $J6, '발전사업(A)'!$C:$C, $L$1) + COUNTIFS('자가소비(B)'!$G:$G, Q$2, '자가소비(B)'!$Q:$Q, $J6, '자가소비(B)'!$C:$C, $L$1) + COUNTIFS('PPA 사업(C)'!$G:$G, Q$2, 'PPA 사업(C)'!$Q:$Q, $J6, 'PPA 사업(C)'!$C:$C, $L$1) + COUNTIFS('리스사업(D)'!$G:$G, Q$2, '리스사업(D)'!$Q:$Q, $J6, '리스사업(D)'!$C:$C, $L$1) + COUNTIFS('임대사업(E)'!$G:$G, Q$2, '임대사업(E)'!$Q:$Q, $J6, '임대사업(E)'!$C:$C, $L$1) + COUNTIFS('환경부사업(F)'!$G:$G, Q$2, '환경부사업(F)'!$Q:$Q, $J6, '환경부사업(F)'!$C:$C, $L$1) + COUNTIFS('프로젝트(G)'!$G:$G, Q$2, '프로젝트(G)'!$Q:$Q, $J6, '프로젝트(G)'!$C:$C, $L$1) + COUNTIFS('협력사 EPC(H)'!$G:$G, Q$2, '협력사 EPC(H)'!$Q:$Q, $J6, '협력사 EPC(H)'!$C:$C, $L$1) + COUNTIFS('기타(Z)'!$G:$G, Q$2, '기타(Z)'!$Q:$Q, $J6, '기타(Z)'!$C:$C, $L$1) ) | S6: =IF( SUM( SUMIFS('발전사업(A)'!$I:$I,'발전사업(A)'!$G:$G,S$2,'발전사업(A)'!$Q:$Q,$J6,'발전사업(A)'!$C:$C,$L$1), SUMIFS('자가소비(B)'!$I:$I,'자가소비(B)'!$G:$G,S$2,'자가소비(B)'!$Q:$Q,$J6,'자가소비(B)'!$C:$C,$L$1), SUMIFS('PPA 사업(C)'!$I:$I,'PPA 사업(C)'!$G:$G,S$2,'PPA 사업(C)'!$Q:$Q,$J6,'PPA 사업(C)'!$C:$C,$L$1), SUMIFS('리스사업(D)'!$I:$I,'리스사업(D)'!$G:$G,S$2,'리스사업(D)'!$Q:$Q,$J6,'리스사업(D)'!$C:$C,$L$1), SUMIFS('임대사업(E)'!$I:$I,'임대사업(E)'!$G:$G,S$2,'임대사업(E)'!$Q:$Q,$J6,'임대사업(E)'!$C:$C,$L$1), SUMIFS('환경부사업(F)'!$I:$I,'환경부사업(F)'!$G:$G,S$2,'환경부사업(F)'!$Q:$Q,$J6,'환경부사업(F)'!$C:$C,$L$1), SUMIFS('프로젝트(G)'!$I:$I,'프로젝트(G)'!$G:$G,S$2,'프로젝트(G)'!$Q:$Q,$J6,'프로젝트(G)'!$C:$C,$L$1), SUMIFS('협력사 EPC(H)'!$I:$I,'협력사 EPC(H)'!$G:$G,S$2,'협력사 EPC(H)'!$Q:$Q,$J6,'협력사 EPC(H)'!$C:$C,$L$1), SUMIFS('기타(Z)'!$I:$I,'기타(Z)'!$G:$G,S$2,'기타(Z)'!$Q:$Q,$J6,'기타(Z)'!$C:$C,$L$1) )=0, "", SUM( SUMIFS('발전사업(A)'!$I:$I,'발전사업(A)'!$G:$G,S$2,'발전사업(A)'!$Q:$Q,$J6,'발전사업(A)'!$C:$C,$L$1), SUMIFS('자가소비(B)'!$I:$I,'자가소비(B)'!$G:$G,S$2,'자가소비(B)'!$Q:$Q,$J6,'자가소비(B)'!$C:$C,$L$1), SUMIFS('PPA 사업(C)'!$I:$I,'PPA 사업(C)'!$G:$G,S$2,'PPA 사업(C)'!$Q:$Q,$J6,'PPA 사업(C)'!$C:$C,$L$1), SUMIFS('리스사업(D)'!$I:$I,'리스사업(D)'!$G:$G,S$2,'리스사업(D)'!$Q:$Q,$J6,'리스사업(D)'!$C:$C,$L$1), SUMIFS('임대사업(E)'!$I:$I,'임대사업(E)'!$G:$G,S$2,'임대사업(E)'!$Q:$Q,$J6,'임대사업(E)'!$C:$C,$L$1), SUMIFS('환경부사업(F)'!$I:$I,'환경부사업(F)'!$G:$G,S$2,'환경부사업(F)'!$Q:$Q,$J6,'환경부사업(F)'!$C:$C,$L$1), SUMIFS('프로젝트(G)'!$I:$I,'프로젝트(G)'!$G:$G,S$2,'프로젝트(G)'!$Q:$Q,$J6,'프로젝트(G)'!$C:$C,$L$1), SUMIFS('협력사 EPC(H)'!$I:$I,'협력사 EPC(H)'!$G:$G,S$2,'협력사 EPC(H)'!$Q:$Q,$J6,'협력사 EPC(H)'!$C:$C,$L$1), SUMIFS('기타(Z)'!$I:$I,'기타(Z)'!$G:$G,S$2,'기타(Z)'!$Q:$Q,$J6,'기타(Z)'!$C:$C,$L$1) ) ) | T6: =IF( SUM( COUNTIFS('발전사업(A)'!$G:$G, S$2, '발전사업(A)'!$Q:$Q, $J6, '발전사업(A)'!$C:$C, $L$1), COUNTIFS('자가소비(B)'!$G:$G, S$2, '자가소비(B)'!$Q:$Q, $J6, '자가소비(B)'!$C:$C, $L$1), COUNTIFS('PPA 사업(C)'!$G:$G, S$2, 'PPA 사업(C)'!$Q:$Q, $J6, 'PPA 사업(C)'!$C:$C, $L$1), COUNTIFS('리스사업(D)'!$G:$G, S$2, '리스사업(D)'!$Q:$Q, $J6, '리스사업(D)'!$C:$C, $L$1), COUNTIFS('임대사업(E)'!$G:$G, S$2, '임대사업(E)'!$Q:$Q, $J6, '임대사업(E)'!$C:$C, $L$1), COUNTIFS('환경부사업(F)'!$G:$G, S$2, '환경부사업(F)'!$Q:$Q, $J6, '환경부사업(F)'!$C:$C, $L$1), COUNTIFS('프로젝트(G)'!$G:$G, S$2, '프로젝트(G)'!$Q:$Q, $J6, '프로젝트(G)'!$C:$C, $L$1), COUNTIFS('협력사 EPC(H)'!$G:$G, S$2, '협력사 EPC(H)'!$Q:$Q, $J6, '협력사 EPC(H)'!$C:$C, $L$1), COUNTIFS('기타(Z)'!$G:$G, S$2, '기타(Z)'!$Q:$Q, $J6, '기타(Z)'!$C:$C, $L$1) ) = 0, "", COUNTIFS('발전사업(A)'!$G:$G, S$2, '발전사업(A)'!$Q:$Q, $J6, '발전사업(A)'!$C:$C, $L$1) + COUNTIFS('자가소비(B)'!$G:$G, S$2, '자가소비(B)'!$Q:$Q, $J6, '자가소비(B)'!$C:$C, $L$1) + COUNTIFS('PPA 사업(C)'!$G:$G, S$2, 'PPA 사업(C)'!$Q:$Q, $J6, 'PPA 사업(C)'!$C:$C, $L$1) + COUNTIFS('리스사업(D)'!$G:$G, S$2, '리스사업(D)'!$Q:$Q, $J6, '리스사업(D)'!$C:$C, $L$1) + COUNTIFS('임대사업(E)'!$G:$G, S$2, '임대사업(E)'!$Q:$Q, $J6, '임대사업(E)'!$C:$C, $L$1) + COUNTIFS('환경부사업(F)'!$G:$G, S$2, '환경부사업(F)'!$Q:$Q, $J6, '환경부사업(F)'!$C:$C, $L$1) + COUNTIFS('프로젝트(G)'!$G:$G, S$2, '프로젝트(G)'!$Q:$Q, $J6, '프로젝트(G)'!$C:$C, $L$1) + COUNTIFS('협력사 EPC(H)'!$G:$G, S$2, '협력사 EPC(H)'!$Q:$Q, $J6, '협력사 EPC(H)'!$C:$C, $L$1) + COUNTIFS('기타(Z)'!$G:$G, S$2, '기타(Z)'!$Q:$Q, $J6, '기타(Z)'!$C:$C, $L$1) ) | U6: =IF( SUM( SUMIFS('발전사업(A)'!$I:$I,'발전사업(A)'!$G:$G,U$2,'발전사업(A)'!$Q:$Q,$J6,'발전사업(A)'!$C:$C,$L$1), SUMIFS('자가소비(B)'!$I:$I,'자가소비(B)'!$G:$G,U$2,'자가소비(B)'!$Q:$Q,$J6,'자가소비(B)'!$C:$C,$L$1), SUMIFS('PPA 사업(C)'!$I:$I,'PPA 사업(C)'!$G:$G,U$2,'PPA 사업(C)'!$Q:$Q,$J6,'PPA 사업(C)'!$C:$C,$L$1), SUMIFS('리스사업(D)'!$I:$I,'리스사업(D)'!$G:$G,U$2,'리스사업(D)'!$Q:$Q,$J6,'리스사업(D)'!$C:$C,$L$1), SUMIFS('임대사업(E)'!$I:$I,'임대사업(E)'!$G:$G,U$2,'임대사업(E)'!$Q:$Q,$J6,'임대사업(E)'!$C:$C,$L$1), SUMIFS('환경부사업(F)'!$I:$I,'환경부사업(F)'!$G:$G,U$2,'환경부사업(F)'!$Q:$Q,$J6,'환경부사업(F)'!$C:$C,$L$1), SUMIFS('프로젝트(G)'!$I:$I,'프로젝트(G)'!$G:$G,U$2,'프로젝트(G)'!$Q:$Q,$J6,'프로젝트(G)'!$C:$C,$L$1), SUMIFS('협력사 EPC(H)'!$I:$I,'협력사 EPC(H)'!$G:$G,U$2,'협력사 EPC(H)'!$Q:$Q,$J6,'협력사 EPC(H)'!$C:$C,$L$1), SUMIFS('기타(Z)'!$I:$I,'기타(Z)'!$G:$G,U$2,'기타(Z)'!$Q:$Q,$J6,'기타(Z)'!$C:$C,$L$1) )=0, "", SUM( SUMIFS('발전사업(A)'!$I:$I,'발전사업(A)'!$G:$G,U$2,'발전사업(A)'!$Q:$Q,$J6,'발전사업(A)'!$C:$C,$L$1), SUMIFS('자가소비(B)'!$I:$I,'자가소비(B)'!$G:$G,U$2,'자가소비(B)'!$Q:$Q,$J6,'자가소비(B)'!$C:$C,$L$1), SUMIFS('PPA 사업(C)'!$I:$I,'PPA 사업(C)'!$G:$G,U$2,'PPA 사업(C)'!$Q:$Q,$J6,'PPA 사업(C)'!$C:$C,$L$1), SUMIFS('리스사업(D)'!$I:$I,'리스사업(D)'!$G:$G,U$2,'리스사업(D)'!$Q:$Q,$J6,'리스사업(D)'!$C:$C,$L$1), SUMIFS('임대사업(E)'!$I:$I,'임대사업(E)'!$G:$G,U$2,'임대사업(E)'!$Q:$Q,$J6,'임대사업(E)'!$C:$C,$L$1), SUMIFS('환경부사업(F)'!$I:$I,'환경부사업(F)'!$G:$G,U$2,'환경부사업(F)'!$Q:$Q,$J6,'환경부사업(F)'!$C:$C,$L$1), SUMIFS('프로젝트(G)'!$I:$I,'프로젝트(G)'!$G:$G,U$2,'프로젝트(G)'!$Q:$Q,$J6,'프로젝트(G)'!$C:$C,$L$1), SUMIFS('협력사 EPC(H)'!$I:$I,'협력사 EPC(H)'!$G:$G,U$2,'협력사 EPC(H)'!$Q:$Q,$J6,'협력사 EPC(H)'!$C:$C,$L$1), SUMIFS('기타(Z)'!$I:$I,'기타(Z)'!$G:$G,U$2,'기타(Z)'!$Q:$Q,$J6,'기타(Z)'!$C:$C,$L$1) ) ) | V6: =IF( SUM( COUNTIFS('발전사업(A)'!$G:$G, U$2, '발전사업(A)'!$Q:$Q, $J6, '발전사업(A)'!$C:$C, $L$1), COUNTIFS('자가소비(B)'!$G:$G, U$2, '자가소비(B)'!$Q:$Q, $J6, '자가소비(B)'!$C:$C, $L$1), COUNTIFS('PPA 사업(C)'!$G:$G, U$2, 'PPA 사업(C)'!$Q:$Q, $J6, 'PPA 사업(C)'!$C:$C, $L$1), COUNTIFS('리스사업(D)'!$G:$G, U$2, '리스사업(D)'!$Q:$Q, $J6, '리스사업(D)'!$C:$C, $L$1), COUNTIFS('임대사업(E)'!$G:$G, U$2, '임대사업(E)'!$Q:$Q, $J6, '임대사업(E)'!$C:$C, $L$1), COUNTIFS('환경부사업(F)'!$G:$G, U$2, '환경부사업(F)'!$Q:$Q, $J6, '환경부사업(F)'!$C:$C, $L$1), COUNTIFS('프로젝트(G)'!$G:$G, U$2, '프로젝트(G)'!$Q:$Q, $J6, '프로젝트(G)'!$C:$C, $L$1), COUNTIFS('협력사 EPC(H)'!$G:$G, U$2, '협력사 EPC(H)'!$Q:$Q, $J6, '협력사 EPC(H)'!$C:$C, $L$1), COUNTIFS('기타(Z)'!$G:$G, U$2, '기타(Z)'!$Q:$Q, $J6, '기타(Z)'!$C:$C, $L$1) ) = 0, "", COUNTIFS('발전사업(A)'!$G:$G, U$2, '발전사업(A)'!$Q:$Q, $J6, '발전사업(A)'!$C:$C, $L$1) + COUNTIFS('자가소비(B)'!$G:$G, U$2, '자가소비(B)'!$Q:$Q, $J6, '자가소비(B)'!$C:$C, $L$1) + COUNTIFS('PPA 사업(C)'!$G:$G, U$2, 'PPA 사업(C)'!$Q:$Q, $J6, 'PPA 사업(C)'!$C:$C, $L$1) + COUNTIFS('리스사업(D)'!$G:$G, U$2, '리스사업(D)'!$Q:$Q, $J6, '리스사업(D)'!$C:$C, $L$1) + COUNTIFS('임대사업(E)'!$G:$G, U$2, '임대사업(E)'!$Q:$Q, $J6, '임대사업(E)'!$C:$C, $L$1) + COUNTIFS('환경부사업(F)'!$G:$G, U$2, '환경부사업(F)'!$Q:$Q, $J6, '환경부사업(F)'!$C:$C, $L$1) + COUNTIFS('프로젝트(G)'!$G:$G, U$2, '프로젝트(G)'!$Q:$Q, $J6, '프로젝트(G)'!$C:$C, $L$1) + COUNTIFS('협력사 EPC(H)'!$G:$G, U$2, '협력사 EPC(H)'!$Q:$Q, $J6, '협력사 EPC(H)'!$C:$C, $L$1) + COUNTIFS('기타(Z)'!$G:$G, U$2, '기타(Z)'!$Q:$Q, $J6, '기타(Z)'!$C:$C, $L$1) ) | W6: =IF( SUM( SUMIFS('발전사업(A)'!$I:$I,'발전사업(A)'!$G:$G,W$2,'발전사업(A)'!$Q:$Q,$J6,'발전사업(A)'!$C:$C,$L$1), SUMIFS('자가소비(B)'!$I:$I,'자가소비(B)'!$G:$G,W$2,'자가소비(B)'!$Q:$Q,$J6,'자가소비(B)'!$C:$C,$L$1), SUMIFS('PPA 사업(C)'!$I:$I,'PPA 사업(C)'!$G:$G,W$2,'PPA 사업(C)'!$Q:$Q,$J6,'PPA 사업(C)'!$C:$C,$L$1), SUMIFS('리스사업(D)'!$I:$I,'리스사업(D)'!$G:$G,W$2,'리스사업(D)'!$Q:$Q,$J6,'리스사업(D)'!$C:$C,$L$1), SUMIFS('임대사업(E)'!$I:$I,'임대사업(E)'!$G:$G,W$2,'임대사업(E)'!$Q:$Q,$J6,'임대사업(E)'!$C:$C,$L$1), SUMIFS('환경부사업(F)'!$I:$I,'환경부사업(F)'!$G:$G,W$2,'환경부사업(F)'!$Q:$Q,$J6,'환경부사업(F)'!$C:$C,$L$1), SUMIFS('프로젝트(G)'!$I:$I,'프로젝트(G)'!$G:$G,W$2,'프로젝트(G)'!$Q:$Q,$J6,'프로젝트(G)'!$C:$C,$L$1), SUMIFS('협력사 EPC(H)'!$I:$I,'협력사 EPC(H)'!$G:$G,W$2,'협력사 EPC(H)'!$Q:$Q,$J6,'협력사 EPC(H)'!$C:$C,$L$1), SUMIFS('기타(Z)'!$I:$I,'기타(Z)'!$G:$G,W$2,'기타(Z)'!$Q:$Q,$J6,'기타(Z)'!$C:$C,$L$1) )=0, "", SUM( SUMIFS('발전사업(A)'!$I:$I,'발전사업(A)'!$G:$G,W$2,'발전사업(A)'!$Q:$Q,$J6,'발전사업(A)'!$C:$C,$L$1), SUMIFS('자가소비(B)'!$I:$I,'자가소비(B)'!$G:$G,W$2,'자가소비(B)'!$Q:$Q,$J6,'자가소비(B)'!$C:$C,$L$1), SUMIFS('PPA 사업(C)'!$I:$I,'PPA 사업(C)'!$G:$G,W$2,'PPA 사업(C)'!$Q:$Q,$J6,'PPA 사업(C)'!$C:$C,$L$1), SUMIFS('리스사업(D)'!$I:$I,'리스사업(D)'!$G:$G,W$2,'리스사업(D)'!$Q:$Q,$J6,'리스사업(D)'!$C:$C,$L$1), SUMIFS('임대사업(E)'!$I:$I,'임대사업(E)'!$G:$G,W$2,'임대사업(E)'!$Q:$Q,$J6,'임대사업(E)'!$C:$C,$L$1), SUMIFS('환경부사업(F)'!$I:$I,'환경부사업(F)'!$G:$G,W$2,'환경부사업(F)'!$Q:$Q,$J6,'환경부사업(F)'!$C:$C,$L$1), SUMIFS('프로젝트(G)'!$I:$I,'프로젝트(G)'!$G:$G,W$2,'프로젝트(G)'!$Q:$Q,$J6,'프로젝트(G)'!$C:$C,$L$1), SUMIFS('협력사 EPC(H)'!$I:$I,'협력사 EPC(H)'!$G:$G,W$2,'협력사 EPC(H)'!$Q:$Q,$J6,'협력사 EPC(H)'!$C:$C,$L$1), SUMIFS('기타(Z)'!$I:$I,'기타(Z)'!$G:$G,W$2,'기타(Z)'!$Q:$Q,$J6,'기타(Z)'!$C:$C,$L$1) ) ) -> 641.92 | X6: =IF( SUM( COUNTIFS('발전사업(A)'!$G:$G,W$2,'발전사업(A)'!$Q:$Q,$J6), COUNTIFS('자가소비(B)'!$G:$G,W$2,'자가소비(B)'!$Q:$Q,$J6), COUNTIFS('PPA 사업(C)'!$G:$G,W$2,'PPA 사업(C)'!$Q:$Q,$J6), COUNTIFS('리스사업(D)'!$G:$G,W$2,'리스사업(D)'!$Q:$Q,$J6), COUNTIFS('임대사업(E)'!$G:$G,W$2,'임대사업(E)'!$Q:$Q,$J6), COUNTIFS('환경부사업(F)'!$G:$G,W$2,'환경부사업(F)'!$Q:$Q,$J6), COUNTIFS('프로젝트(G)'!$G:$G,W$2,'프로젝트(G)'!$Q:$Q,$J6), COUNTIFS('협력사 EPC(H)'!$G:$G,W$2,'협력사 EPC(H)'!$Q:$Q,$J6), COUNTIFS('기타(Z)'!$G:$G,W$2,'기타(Z)'!$Q:$Q,$J6) )=0, "", COUNTIFS('발전사업(A)'!$G:$G,W$2,'발전사업(A)'!$Q:$Q,$J6) +COUNTIFS('자가소비(B)'!$G:$G,W$2,'자가소비(B)'!$Q:$Q,$J6) +COUNTIFS('PPA 사업(C)'!$G:$G,W$2,'PPA 사업(C)'!$Q:$Q,$J6) +COUNTIFS('리스사업(D)'!$G:$G,W$2,'리스사업(D)'!$Q:$Q,$J6) +COUNTIFS('임대사업(E)'!$G:$G,W$2,'임대사업(E)'!$Q:$Q,$J6) +COUNTIFS('환경부사업(F)'!$G:$G,W$2,'환경부사업(F)'!$Q:$Q,$J6) +COUNTIFS('프로젝트(G)'!$G:$G,W$2,'프로젝트(G)'!$Q:$Q,$J6) +COUNTIFS('협력사 EPC(H)'!$G:$G,W$2,'협력사 EPC(H)'!$Q:$Q,$J6) +COUNTIFS('기타(Z)'!$G:$G,W$2,'기타(Z)'!$Q:$Q,$J6) ) -> 2 | Y6: =IF( SUM( SUMIFS('발전사업(A)'!$I:$I,'발전사업(A)'!$G:$G,Y$2,'발전사업(A)'!$Q:$Q,$J6,'발전사업(A)'!$C:$C,$L$1), SUMIFS('자가소비(B)'!$I:$I,'자가소비(B)'!$G:$G,Y$2,'자가소비(B)'!$Q:$Q,$J6,'자가소비(B)'!$C:$C,$L$1), SUMIFS('PPA 사업(C)'!$I:$I,'PPA 사업(C)'!$G:$G,Y$2,'PPA 사업(C)'!$Q:$Q,$J6,'PPA 사업(C)'!$C:$C,$L$1), SUMIFS('리스사업(D)'!$I:$I,'리스사업(D)'!$G:$G,Y$2,'리스사업(D)'!$Q:$Q,$J6,'리스사업(D)'!$C:$C,$L$1), SUMIFS('임대사업(E)'!$I:$I,'임대사업(E)'!$G:$G,Y$2,'임대사업(E)'!$Q:$Q,$J6,'임대사업(E)'!$C:$C,$L$1), SUMIFS('환경부사업(F)'!$I:$I,'환경부사업(F)'!$G:$G,Y$2,'환경부사업(F)'!$Q:$Q,$J6,'환경부사업(F)'!$C:$C,$L$1), SUMIFS('프로젝트(G)'!$I:$I,'프로젝트(G)'!$G:$G,Y$2,'프로젝트(G)'!$Q:$Q,$J6,'프로젝트(G)'!$C:$C,$L$1), SUMIFS('협력사 EPC(H)'!$I:$I,'협력사 EPC(H)'!$G:$G,Y$2,'협력사 EPC(H)'!$Q:$Q,$J6,'협력사 EPC(H)'!$C:$C,$L$1), SUMIFS('기타(Z)'!$I:$I,'기타(Z)'!$G:$G,Y$2,'기타(Z)'!$Q:$Q,$J6,'기타(Z)'!$C:$C,$L$1) )=0, "", SUM( SUMIFS('발전사업(A)'!$I:$I,'발전사업(A)'!$G:$G,Y$2,'발전사업(A)'!$Q:$Q,$J6,'발전사업(A)'!$C:$C,$L$1), SUMIFS('자가소비(B)'!$I:$I,'자가소비(B)'!$G:$G,Y$2,'자가소비(B)'!$Q:$Q,$J6,'자가소비(B)'!$C:$C,$L$1), SUMIFS('PPA 사업(C)'!$I:$I,'PPA 사업(C)'!$G:$G,Y$2,'PPA 사업(C)'!$Q:$Q,$J6,'PPA 사업(C)'!$C:$C,$L$1), SUMIFS('리스사업(D)'!$I:$I,'리스사업(D)'!$G:$G,Y$2,'리스사업(D)'!$Q:$Q,$J6,'리스사업(D)'!$C:$C,$L$1), SUMIFS('임대사업(E)'!$I:$I,'임대사업(E)'!$G:$G,Y$2,'임대사업(E)'!$Q:$Q,$J6,'임대사업(E)'!$C:$C,$L$1), SUMIFS('환경부사업(F)'!$I:$I,'환경부사업(F)'!$G:$G,Y$2,'환경부사업(F)'!$Q:$Q,$J6,'환경부사업(F)'!$C:$C,$L$1), SUMIFS('프로젝트(G)'!$I:$I,'프로젝트(G)'!$G:$G,Y$2,'프로젝트(G)'!$Q:$Q,$J6,'프로젝트(G)'!$C:$C,$L$1), SUMIFS('협력사 EPC(H)'!$I:$I,'협력사 EPC(H)'!$G:$G,Y$2,'협력사 EPC(H)'!$Q:$Q,$J6,'협력사 EPC(H)'!$C:$C,$L$1), SUMIFS('기타(Z)'!$I:$I,'기타(Z)'!$G:$G,Y$2,'기타(Z)'!$Q:$Q,$J6,'기타(Z)'!$C:$C,$L$1) ) ) -> 120.32 | Z6: =IF( SUM( COUNTIFS('발전사업(A)'!$G:$G, Y$2, '발전사업(A)'!$Q:$Q, $J6, '발전사업(A)'!$C:$C, $L$1), COUNTIFS('자가소비(B)'!$G:$G, Y$2, '자가소비(B)'!$Q:$Q, $J6, '자가소비(B)'!$C:$C, $L$1), COUNTIFS('PPA 사업(C)'!$G:$G, Y$2, 'PPA 사업(C)'!$Q:$Q, $J6, 'PPA 사업(C)'!$C:$C, $L$1), COUNTIFS('리스사업(D)'!$G:$G, Y$2, '리스사업(D)'!$Q:$Q, $J6, '리스사업(D)'!$C:$C, $L$1), COUNTIFS('임대사업(E)'!$G:$G, Y$2, '임대사업(E)'!$Q:$Q, $J6, '임대사업(E)'!$C:$C, $L$1), COUNTIFS('환경부사업(F)'!$G:$G, Y$2, '환경부사업(F)'!$Q:$Q, $J6, '환경부사업(F)'!$C:$C, $L$1), COUNTIFS('프로젝트(G)'!$G:$G, Y$2, '프로젝트(G)'!$Q:$Q, $J6, '프로젝트(G)'!$C:$C, $L$1), COUNTIFS('협력사 EPC(H)'!$G:$G, Y$2, '협력사 EPC(H)'!$Q:$Q, $J6, '협력사 EPC(H)'!$C:$C, $L$1), COUNTIFS('기타(Z)'!$G:$G, Y$2, '기타(Z)'!$Q:$Q, $J6, '기타(Z)'!$C:$C, $L$1) ) = 0, "", COUNTIFS('발전사업(A)'!$G:$G, Y$2, '발전사업(A)'!$Q:$Q, $J6, '발전사업(A)'!$C:$C, $L$1) + COUNTIFS('자가소비(B)'!$G:$G, Y$2, '자가소비(B)'!$Q:$Q, $J6, '자가소비(B)'!$C:$C, $L$1) + COUNTIFS('PPA 사업(C)'!$G:$G, Y$2, 'PPA 사업(C)'!$Q:$Q, $J6, 'PPA 사업(C)'!$C:$C, $L$1) + COUNTIFS('리스사업(D)'!$G:$G, Y$2, '리스사업(D)'!$Q:$Q, $J6, '리스사업(D)'!$C:$C, $L$1) + COUNTIFS('임대사업(E)'!$G:$G, Y$2, '임대사업(E)'!$Q:$Q, $J6, '임대사업(E)'!$C:$C, $L$1) + COUNTIFS('환경부사업(F)'!$G:$G, Y$2, '환경부사업(F)'!$Q:$Q, $J6, '환경부사업(F)'!$C:$C, $L$1) + COUNTIFS('프로젝트(G)'!$G:$G, Y$2, '프로젝트(G)'!$Q:$Q, $J6, '프로젝트(G)'!$C:$C, $L$1) + COUNTIFS('협력사 EPC(H)'!$G:$G, Y$2, '협력사 EPC(H)'!$Q:$Q, $J6, '협력사 EPC(H)'!$C:$C, $L$1) + COUNTIFS('기타(Z)'!$G:$G, Y$2, '기타(Z)'!$Q:$Q, $J6, '기타(Z)'!$C:$C, $L$1) ) -> 1 | AA6: =IF( SUM( SUMIFS('발전사업(A)'!$I:$I,'발전사업(A)'!$G:$G,AA$2,'발전사업(A)'!$Q:$Q,$J6,'발전사업(A)'!$C:$C,$L$1), SUMIFS('자가소비(B)'!$I:$I,'자가소비(B)'!$G:$G,AA$2,'자가소비(B)'!$Q:$Q,$J6,'자가소비(B)'!$C:$C,$L$1), SUMIFS('PPA 사업(C)'!$I:$I,'PPA 사업(C)'!$G:$G,AA$2,'PPA 사업(C)'!$Q:$Q,$J6,'PPA 사업(C)'!$C:$C,$L$1), SUMIFS('리스사업(D)'!$I:$I,'리스사업(D)'!$G:$G,AA$2,'리스사업(D)'!$Q:$Q,$J6,'리스사업(D)'!$C:$C,$L$1), SUMIFS('임대사업(E)'!$I:$I,'임대사업(E)'!$G:$G,AA$2,'임대사업(E)'!$Q:$Q,$J6,'임대사업(E)'!$C:$C,$L$1), SUMIFS('환경부사업(F)'!$I:$I,'환경부사업(F)'!$G:$G,AA$2,'환경부사업(F)'!$Q:$Q,$J6,'환경부사업(F)'!$C:$C,$L$1), SUMIFS('프로젝트(G)'!$I:$I,'프로젝트(G)'!$G:$G,AA$2,'프로젝트(G)'!$Q:$Q,$J6,'프로젝트(G)'!$C:$C,$L$1), SUMIFS('협력사 EPC(H)'!$I:$I,'협력사 EPC(H)'!$G:$G,AA$2,'협력사 EPC(H)'!$Q:$Q,$J6,'협력사 EPC(H)'!$C:$C,$L$1), SUMIFS('기타(Z)'!$I:$I,'기타(Z)'!$G:$G,AA$2,'기타(Z)'!$Q:$Q,$J6,'기타(Z)'!$C:$C,$L$1) )=0, "", SUM( SUMIFS('발전사업(A)'!$I:$I,'발전사업(A)'!$G:$G,AA$2,'발전사업(A)'!$Q:$Q,$J6,'발전사업(A)'!$C:$C,$L$1), SUMIFS('자가소비(B)'!$I:$I,'자가소비(B)'!$G:$G,AA$2,'자가소비(B)'!$Q:$Q,$J6,'자가소비(B)'!$C:$C,$L$1), SUMIFS('PPA 사업(C)'!$I:$I,'PPA 사업(C)'!$G:$G,AA$2,'PPA 사업(C)'!$Q:$Q,$J6,'PPA 사업(C)'!$C:$C,$L$1), SUMIFS('리스사업(D)'!$I:$I,'리스사업(D)'!$G:$G,AA$2,'리스사업(D)'!$Q:$Q,$J6,'리스사업(D)'!$C:$C,$L$1), SUMIFS('임대사업(E)'!$I:$I,'임대사업(E)'!$G:$G,AA$2,'임대사업(E)'!$Q:$Q,$J6,'임대사업(E)'!$C:$C,$L$1), SUMIFS('환경부사업(F)'!$I:$I,'환경부사업(F)'!$G:$G,AA$2,'환경부사업(F)'!$Q:$Q,$J6,'환경부사업(F)'!$C:$C,$L$1), SUMIFS('프로젝트(G)'!$I:$I,'프로젝트(G)'!$G:$G,AA$2,'프로젝트(G)'!$Q:$Q,$J6,'프로젝트(G)'!$C:$C,$L$1), SUMIFS('협력사 EPC(H)'!$I:$I,'협력사 EPC(H)'!$G:$G,AA$2,'협력사 EPC(H)'!$Q:$Q,$J6,'협력사 EPC(H)'!$C:$C,$L$1), SUMIFS('기타(Z)'!$I:$I,'기타(Z)'!$G:$G,AA$2,'기타(Z)'!$Q:$Q,$J6,'기타(Z)'!$C:$C,$L$1) ) ) -> 1031.04 | AB6: =IF( SUM( COUNTIFS('발전사업(A)'!$G:$G, AA$2, '발전사업(A)'!$Q:$Q, $J6, '발전사업(A)'!$C:$C, $L$1), COUNTIFS('자가소비(B)'!$G:$G, AA$2, '자가소비(B)'!$Q:$Q, $J6, '자가소비(B)'!$C:$C, $L$1), COUNTIFS('PPA 사업(C)'!$G:$G, AA$2, 'PPA 사업(C)'!$Q:$Q, $J6, 'PPA 사업(C)'!$C:$C, $L$1), COUNTIFS('리스사업(D)'!$G:$G, AA$2, '리스사업(D)'!$Q:$Q, $J6, '리스사업(D)'!$C:$C, $L$1), COUNTIFS('임대사업(E)'!$G:$G, AA$2, '임대사업(E)'!$Q:$Q, $J6, '임대사업(E)'!$C:$C, $L$1), COUNTIFS('환경부사업(F)'!$G:$G, AA$2, '환경부사업(F)'!$Q:$Q, $J6, '환경부사업(F)'!$C:$C, $L$1), COUNTIFS('프로젝트(G)'!$G:$G, AA$2, '프로젝트(G)'!$Q:$Q, $J6, '프로젝트(G)'!$C:$C, $L$1), COUNTIFS('협력사 EPC(H)'!$G:$G, AA$2, '협력사 EPC(H)'!$Q:$Q, $J6, '협력사 EPC(H)'!$C:$C, $L$1), COUNTIFS('기타(Z)'!$G:$G, AA$2, '기타(Z)'!$Q:$Q, $J6, '기타(Z)'!$C:$C, $L$1) ) = 0, "", COUNTIFS('발전사업(A)'!$G:$G, AA$2, '발전사업(A)'!$Q:$Q, $J6, '발전사업(A)'!$C:$C, $L$1) + COUNTIFS('자가소비(B)'!$G:$G, AA$2, '자가소비(B)'!$Q:$Q, $J6, '자가소비(B)'!$C:$C, $L$1) + COUNTIFS('PPA 사업(C)'!$G:$G, AA$2, 'PPA 사업(C)'!$Q:$Q, $J6, 'PPA 사업(C)'!$C:$C, $L$1) + COUNTIFS('리스사업(D)'!$G:$G, AA$2, '리스사업(D)'!$Q:$Q, $J6, '리스사업(D)'!$C:$C, $L$1) + COUNTIFS('임대사업(E)'!$G:$G, AA$2, '임대사업(E)'!$Q:$Q, $J6, '임대사업(E)'!$C:$C, $L$1) + COUNTIFS('환경부사업(F)'!$G:$G, AA$2, '환경부사업(F)'!$Q:$Q, $J6, '환경부사업(F)'!$C:$C, $L$1) + COUNTIFS('프로젝트(G)'!$G:$G, AA$2, '프로젝트(G)'!$Q:$Q, $J6, '프로젝트(G)'!$C:$C, $L$1) + COUNTIFS('협력사 EPC(H)'!$G:$G, AA$2, '협력사 EPC(H)'!$Q:$Q, $J6, '협력사 EPC(H)'!$C:$C, $L$1) + COUNTIFS('기타(Z)'!$G:$G, AA$2, '기타(Z)'!$Q:$Q, $J6, '기타(Z)'!$C:$C, $L$1) ) -> 2 | AC6: =IF( SUM( SUMIFS('발전사업(A)'!$I:$I,'발전사업(A)'!$G:$G,AC$2,'발전사업(A)'!$Q:$Q,$J6,'발전사업(A)'!$C:$C,$L$1), SUMIFS('자가소비(B)'!$I:$I,'자가소비(B)'!$G:$G,AC$2,'자가소비(B)'!$Q:$Q,$J6,'자가소비(B)'!$C:$C,$L$1), SUMIFS('PPA 사업(C)'!$I:$I,'PPA 사업(C)'!$G:$G,AC$2,'PPA 사업(C)'!$Q:$Q,$J6,'PPA 사업(C)'!$C:$C,$L$1), SUMIFS('리스사업(D)'!$I:$I,'리스사업(D)'!$G:$G,AC$2,'리스사업(D)'!$Q:$Q,$J6,'리스사업(D)'!$C:$C,$L$1), SUMIFS('임대사업(E)'!$I:$I,'임대사업(E)'!$G:$G,AC$2,'임대사업(E)'!$Q:$Q,$J6,'임대사업(E)'!$C:$C,$L$1), SUMIFS('환경부사업(F)'!$I:$I,'환경부사업(F)'!$G:$G,AC$2,'환경부사업(F)'!$Q:$Q,$J6,'환경부사업(F)'!$C:$C,$L$1), SUMIFS('프로젝트(G)'!$I:$I,'프로젝트(G)'!$G:$G,AC$2,'프로젝트(G)'!$Q:$Q,$J6,'프로젝트(G)'!$C:$C,$L$1), SUMIFS('협력사 EPC(H)'!$I:$I,'협력사 EPC(H)'!$G:$G,AC$2,'협력사 EPC(H)'!$Q:$Q,$J6,'협력사 EPC(H)'!$C:$C,$L$1), SUMIFS('기타(Z)'!$I:$I,'기타(Z)'!$G:$G,AC$2,'기타(Z)'!$Q:$Q,$J6,'기타(Z)'!$C:$C,$L$1) )=0, "", SUM( SUMIFS('발전사업(A)'!$I:$I,'발전사업(A)'!$G:$G,AC$2,'발전사업(A)'!$Q:$Q,$J6,'발전사업(A)'!$C:$C,$L$1), SUMIFS('자가소비(B)'!$I:$I,'자가소비(B)'!$G:$G,AC$2,'자가소비(B)'!$Q:$Q,$J6,'자가소비(B)'!$C:$C,$L$1), SUMIFS('PPA 사업(C)'!$I:$I,'PPA 사업(C)'!$G:$G,AC$2,'PPA 사업(C)'!$Q:$Q,$J6,'PPA 사업(C)'!$C:$C,$L$1), SUMIFS('리스사업(D)'!$I:$I,'리스사업(D)'!$G:$G,AC$2,'리스사업(D)'!$Q:$Q,$J6,'리스사업(D)'!$C:$C,$L$1), SUMIFS('임대사업(E)'!$I:$I,'임대사업(E)'!$G:$G,AC$2,'임대사업(E)'!$Q:$Q,$J6,'임대사업(E)'!$C:$C,$L$1), SUMIFS('환경부사업(F)'!$I:$I,'환경부사업(F)'!$G:$G,AC$2,'환경부사업(F)'!$Q:$Q,$J6,'환경부사업(F)'!$C:$C,$L$1), SUMIFS('프로젝트(G)'!$I:$I,'프로젝트(G)'!$G:$G,AC$2,'프로젝트(G)'!$Q:$Q,$J6,'프로젝트(G)'!$C:$C,$L$1), SUMIFS('협력사 EPC(H)'!$I:$I,'협력사 EPC(H)'!$G:$G,AC$2,'협력사 EPC(H)'!$Q:$Q,$J6,'협력사 EPC(H)'!$C:$C,$L$1), SUMIFS('기타(Z)'!$I:$I,'기타(Z)'!$G:$G,AC$2,'기타(Z)'!$Q:$Q,$J6,'기타(Z)'!$C:$C,$L$1) ) ) -> 1179.52 | AD6: =IF( SUM( COUNTIFS('발전사업(A)'!$G:$G, AC$2, '발전사업(A)'!$Q:$Q, $J6, '발전사업(A)'!$C:$C, $L$1), COUNTIFS('자가소비(B)'!$G:$G, AC$2, '자가소비(B)'!$Q:$Q, $J6, '자가소비(B)'!$C:$C, $L$1), COUNTIFS('PPA 사업(C)'!$G:$G, AC$2, 'PPA 사업(C)'!$Q:$Q, $J6, 'PPA 사업(C)'!$C:$C, $L$1), COUNTIFS('리스사업(D)'!$G:$G, AC$2, '리스사업(D)'!$Q:$Q, $J6, '리스사업(D)'!$C:$C, $L$1), COUNTIFS('임대사업(E)'!$G:$G, AC$2, '임대사업(E)'!$Q:$Q, $J6, '임대사업(E)'!$C:$C, $L$1), COUNTIFS('환경부사업(F)'!$G:$G, AC$2, '환경부사업(F)'!$Q:$Q, $J6, '환경부사업(F)'!$C:$C, $L$1), COUNTIFS('프로젝트(G)'!$G:$G, AC$2, '프로젝트(G)'!$Q:$Q, $J6, '프로젝트(G)'!$C:$C, $L$1), COUNTIFS('협력사 EPC(H)'!$G:$G, AC$2, '협력사 EPC(H)'!$Q:$Q, $J6, '협력사 EPC(H)'!$C:$C, $L$1), COUNTIFS('기타(Z)'!$G:$G, AC$2, '기타(Z)'!$Q:$Q, $J6, '기타(Z)'!$C:$C, $L$1) ) = 0, "", COUNTIFS('발전사업(A)'!$G:$G, AC$2, '발전사업(A)'!$Q:$Q, $J6, '발전사업(A)'!$C:$C, $L$1) + COUNTIFS('자가소비(B)'!$G:$G, AC$2, '자가소비(B)'!$Q:$Q, $J6, '자가소비(B)'!$C:$C, $L$1) + COUNTIFS('PPA 사업(C)'!$G:$G, AC$2, 'PPA 사업(C)'!$Q:$Q, $J6, 'PPA 사업(C)'!$C:$C, $L$1) + COUNTIFS('리스사업(D)'!$G:$G, AC$2, '리스사업(D)'!$Q:$Q, $J6, '리스사업(D)'!$C:$C, $L$1) + COUNTIFS('임대사업(E)'!$G:$G, AC$2, '임대사업(E)'!$Q:$Q, $J6, '임대사업(E)'!$C:$C, $L$1) + COUNTIFS('환경부사업(F)'!$G:$G, AC$2, '환경부사업(F)'!$Q:$Q, $J6, '환경부사업(F)'!$C:$C, $L$1) + COUNTIFS('프로젝트(G)'!$G:$G, AC$2, '프로젝트(G)'!$Q:$Q, $J6, '프로젝트(G)'!$C:$C, $L$1) + COUNTIFS('협력사 EPC(H)'!$G:$G, AC$2, '협력사 EPC(H)'!$Q:$Q, $J6, '협력사 EPC(H)'!$C:$C, $L$1) + COUNTIFS('기타(Z)'!$G:$G, AC$2, '기타(Z)'!$Q:$Q, $J6, '기타(Z)'!$C:$C, $L$1) ) -> 2 | AE6: =IF( SUM( SUMIFS('발전사업(A)'!$I:$I,'발전사업(A)'!$G:$G,AE$2,'발전사업(A)'!$Q:$Q,$J6,'발전사업(A)'!$C:$C,$L$1), SUMIFS('자가소비(B)'!$I:$I,'자가소비(B)'!$G:$G,AE$2,'자가소비(B)'!$Q:$Q,$J6,'자가소비(B)'!$C:$C,$L$1), SUMIFS('PPA 사업(C)'!$I:$I,'PPA 사업(C)'!$G:$G,AE$2,'PPA 사업(C)'!$Q:$Q,$J6,'PPA 사업(C)'!$C:$C,$L$1), SUMIFS('리스사업(D)'!$I:$I,'리스사업(D)'!$G:$G,AE$2,'리스사업(D)'!$Q:$Q,$J6,'리스사업(D)'!$C:$C,$L$1), SUMIFS('임대사업(E)'!$I:$I,'임대사업(E)'!$G:$G,AE$2,'임대사업(E)'!$Q:$Q,$J6,'임대사업(E)'!$C:$C,$L$1), SUMIFS('환경부사업(F)'!$I:$I,'환경부사업(F)'!$G:$G,AE$2,'환경부사업(F)'!$Q:$Q,$J6,'환경부사업(F)'!$C:$C,$L$1), SUMIFS('프로젝트(G)'!$I:$I,'프로젝트(G)'!$G:$G,AE$2,'프로젝트(G)'!$Q:$Q,$J6,'프로젝트(G)'!$C:$C,$L$1), SUMIFS('협력사 EPC(H)'!$I:$I,'협력사 EPC(H)'!$G:$G,AE$2,'협력사 EPC(H)'!$Q:$Q,$J6,'협력사 EPC(H)'!$C:$C,$L$1), SUMIFS('기타(Z)'!$I:$I,'기타(Z)'!$G:$G,AE$2,'기타(Z)'!$Q:$Q,$J6,'기타(Z)'!$C:$C,$L$1) )=0, "", SUM( SUMIFS('발전사업(A)'!$I:$I,'발전사업(A)'!$G:$G,AE$2,'발전사업(A)'!$Q:$Q,$J6,'발전사업(A)'!$C:$C,$L$1), SUMIFS('자가소비(B)'!$I:$I,'자가소비(B)'!$G:$G,AE$2,'자가소비(B)'!$Q:$Q,$J6,'자가소비(B)'!$C:$C,$L$1), SUMIFS('PPA 사업(C)'!$I:$I,'PPA 사업(C)'!$G:$G,AE$2,'PPA 사업(C)'!$Q:$Q,$J6,'PPA 사업(C)'!$C:$C,$L$1), SUMIFS('리스사업(D)'!$I:$I,'리스사업(D)'!$G:$G,AE$2,'리스사업(D)'!$Q:$Q,$J6,'리스사업(D)'!$C:$C,$L$1), SUMIFS('임대사업(E)'!$I:$I,'임대사업(E)'!$G:$G,AE$2,'임대사업(E)'!$Q:$Q,$J6,'임대사업(E)'!$C:$C,$L$1), SUMIFS('환경부사업(F)'!$I:$I,'환경부사업(F)'!$G:$G,AE$2,'환경부사업(F)'!$Q:$Q,$J6,'환경부사업(F)'!$C:$C,$L$1), SUMIFS('프로젝트(G)'!$I:$I,'프로젝트(G)'!$G:$G,AE$2,'프로젝트(G)'!$Q:$Q,$J6,'프로젝트(G)'!$C:$C,$L$1), SUMIFS('협력사 EPC(H)'!$I:$I,'협력사 EPC(H)'!$G:$G,AE$2,'협력사 EPC(H)'!$Q:$Q,$J6,'협력사 EPC(H)'!$C:$C,$L$1), SUMIFS('기타(Z)'!$I:$I,'기타(Z)'!$G:$G,AE$2,'기타(Z)'!$Q:$Q,$J6,'기타(Z)'!$C:$C,$L$1) ) ) -> 398.08 | AF6: =IF( SUM( COUNTIFS('발전사업(A)'!$G:$G, AE$2, '발전사업(A)'!$Q:$Q, $J6, '발전사업(A)'!$C:$C, $L$1), COUNTIFS('자가소비(B)'!$G:$G, AE$2, '자가소비(B)'!$Q:$Q, $J6, '자가소비(B)'!$C:$C, $L$1), COUNTIFS('PPA 사업(C)'!$G:$G, AE$2, 'PPA 사업(C)'!$Q:$Q, $J6, 'PPA 사업(C)'!$C:$C, $L$1), COUNTIFS('리스사업(D)'!$G:$G, AE$2, '리스사업(D)'!$Q:$Q, $J6, '리스사업(D)'!$C:$C, $L$1), COUNTIFS('임대사업(E)'!$G:$G, AE$2, '임대사업(E)'!$Q:$Q, $J6, '임대사업(E)'!$C:$C, $L$1), COUNTIFS('환경부사업(F)'!$G:$G, AE$2, '환경부사업(F)'!$Q:$Q, $J6, '환경부사업(F)'!$C:$C, $L$1), COUNTIFS('프로젝트(G)'!$G:$G, AE$2, '프로젝트(G)'!$Q:$Q, $J6, '프로젝트(G)'!$C:$C, $L$1), COUNTIFS('협력사 EPC(H)'!$G:$G, AE$2, '협력사 EPC(H)'!$Q:$Q, $J6, '협력사 EPC(H)'!$C:$C, $L$1), COUNTIFS('기타(Z)'!$G:$G, AE$2, '기타(Z)'!$Q:$Q, $J6, '기타(Z)'!$C:$C, $L$1) ) = 0, "", COUNTIFS('발전사업(A)'!$G:$G, AE$2, '발전사업(A)'!$Q:$Q, $J6, '발전사업(A)'!$C:$C, $L$1) + COUNTIFS('자가소비(B)'!$G:$G, AE$2, '자가소비(B)'!$Q:$Q, $J6, '자가소비(B)'!$C:$C, $L$1) + COUNTIFS('PPA 사업(C)'!$G:$G, AE$2, 'PPA 사업(C)'!$Q:$Q, $J6, 'PPA 사업(C)'!$C:$C, $L$1) + COUNTIFS('리스사업(D)'!$G:$G, AE$2, '리스사업(D)'!$Q:$Q, $J6, '리스사업(D)'!$C:$C, $L$1) + COUNTIFS('임대사업(E)'!$G:$G, AE$2, '임대사업(E)'!$Q:$Q, $J6, '임대사업(E)'!$C:$C, $L$1) + COUNTIFS('환경부사업(F)'!$G:$G, AE$2, '환경부사업(F)'!$Q:$Q, $J6, '환경부사업(F)'!$C:$C, $L$1) + COUNTIFS('프로젝트(G)'!$G:$G, AE$2, '프로젝트(G)'!$Q:$Q, $J6, '프로젝트(G)'!$C:$C, $L$1) + COUNTIFS('협력사 EPC(H)'!$G:$G, AE$2, '협력사 EPC(H)'!$Q:$Q, $J6, '협력사 EPC(H)'!$C:$C, $L$1) + COUNTIFS('기타(Z)'!$G:$G, AE$2, '기타(Z)'!$Q:$Q, $J6, '기타(Z)'!$C:$C, $L$1) ) -> 2 | AG6: =IF( SUM( SUMIFS('발전사업(A)'!$I:$I,'발전사업(A)'!$G:$G,AG$2,'발전사업(A)'!$Q:$Q,$J6,'발전사업(A)'!$C:$C,$L$1), SUMIFS('자가소비(B)'!$I:$I,'자가소비(B)'!$G:$G,AG$2,'자가소비(B)'!$Q:$Q,$J6,'자가소비(B)'!$C:$C,$L$1), SUMIFS('PPA 사업(C)'!$I:$I,'PPA 사업(C)'!$G:$G,AG$2,'PPA 사업(C)'!$Q:$Q,$J6,'PPA 사업(C)'!$C:$C,$L$1), SUMIFS('리스사업(D)'!$I:$I,'리스사업(D)'!$G:$G,AG$2,'리스사업(D)'!$Q:$Q,$J6,'리스사업(D)'!$C:$C,$L$1), SUMIFS('임대사업(E)'!$I:$I,'임대사업(E)'!$G:$G,AG$2,'임대사업(E)'!$Q:$Q,$J6,'임대사업(E)'!$C:$C,$L$1), SUMIFS('환경부사업(F)'!$I:$I,'환경부사업(F)'!$G:$G,AG$2,'환경부사업(F)'!$Q:$Q,$J6,'환경부사업(F)'!$C:$C,$L$1), SUMIFS('프로젝트(G)'!$I:$I,'프로젝트(G)'!$G:$G,AG$2,'프로젝트(G)'!$Q:$Q,$J6,'프로젝트(G)'!$C:$C,$L$1), SUMIFS('협력사 EPC(H)'!$I:$I,'협력사 EPC(H)'!$G:$G,AG$2,'협력사 EPC(H)'!$Q:$Q,$J6,'협력사 EPC(H)'!$C:$C,$L$1), SUMIFS('기타(Z)'!$I:$I,'기타(Z)'!$G:$G,AG$2,'기타(Z)'!$Q:$Q,$J6,'기타(Z)'!$C:$C,$L$1) )=0, "", SUM( SUMIFS('발전사업(A)'!$I:$I,'발전사업(A)'!$G:$G,AG$2,'발전사업(A)'!$Q:$Q,$J6,'발전사업(A)'!$C:$C,$L$1), SUMIFS('자가소비(B)'!$I:$I,'자가소비(B)'!$G:$G,AG$2,'자가소비(B)'!$Q:$Q,$J6,'자가소비(B)'!$C:$C,$L$1), SUMIFS('PPA 사업(C)'!$I:$I,'PPA 사업(C)'!$G:$G,AG$2,'PPA 사업(C)'!$Q:$Q,$J6,'PPA 사업(C)'!$C:$C,$L$1), SUMIFS('리스사업(D)'!$I:$I,'리스사업(D)'!$G:$G,AG$2,'리스사업(D)'!$Q:$Q,$J6,'리스사업(D)'!$C:$C,$L$1), SUMIFS('임대사업(E)'!$I:$I,'임대사업(E)'!$G:$G,AG$2,'임대사업(E)'!$Q:$Q,$J6,'임대사업(E)'!$C:$C,$L$1), SUMIFS('환경부사업(F)'!$I:$I,'환경부사업(F)'!$G:$G,AG$2,'환경부사업(F)'!$Q:$Q,$J6,'환경부사업(F)'!$C:$C,$L$1), SUMIFS('프로젝트(G)'!$I:$I,'프로젝트(G)'!$G:$G,AG$2,'프로젝트(G)'!$Q:$Q,$J6,'프로젝트(G)'!$C:$C,$L$1), SUMIFS('협력사 EPC(H)'!$I:$I,'협력사 EPC(H)'!$G:$G,AG$2,'협력사 EPC(H)'!$Q:$Q,$J6,'협력사 EPC(H)'!$C:$C,$L$1), SUMIFS('기타(Z)'!$I:$I,'기타(Z)'!$G:$G,AG$2,'기타(Z)'!$Q:$Q,$J6,'기타(Z)'!$C:$C,$L$1) ) ) | AH6: =IF( SUM( COUNTIFS('발전사업(A)'!$G:$G, AG$2, '발전사업(A)'!$Q:$Q, $J6, '발전사업(A)'!$C:$C, $L$1), COUNTIFS('자가소비(B)'!$G:$G, AG$2, '자가소비(B)'!$Q:$Q, $J6, '자가소비(B)'!$C:$C, $L$1), COUNTIFS('PPA 사업(C)'!$G:$G, AG$2, 'PPA 사업(C)'!$Q:$Q, $J6, 'PPA 사업(C)'!$C:$C, $L$1), COUNTIFS('리스사업(D)'!$G:$G, AG$2, '리스사업(D)'!$Q:$Q, $J6, '리스사업(D)'!$C:$C, $L$1), COUNTIFS('임대사업(E)'!$G:$G, AG$2, '임대사업(E)'!$Q:$Q, $J6, '임대사업(E)'!$C:$C, $L$1), COUNTIFS('환경부사업(F)'!$G:$G, AG$2, '환경부사업(F)'!$Q:$Q, $J6, '환경부사업(F)'!$C:$C, $L$1), COUNTIFS('프로젝트(G)'!$G:$G, AG$2, '프로젝트(G)'!$Q:$Q, $J6, '프로젝트(G)'!$C:$C, $L$1), COUNTIFS('협력사 EPC(H)'!$G:$G, AG$2, '협력사 EPC(H)'!$Q:$Q, $J6, '협력사 EPC(H)'!$C:$C, $L$1), COUNTIFS('기타(Z)'!$G:$G, AG$2, '기타(Z)'!$Q:$Q, $J6, '기타(Z)'!$C:$C, $L$1) ) = 0, "", COUNTIFS('발전사업(A)'!$G:$G, AG$2, '발전사업(A)'!$Q:$Q, $J6, '발전사업(A)'!$C:$C, $L$1) + COUNTIFS('자가소비(B)'!$G:$G, AG$2, '자가소비(B)'!$Q:$Q, $J6, '자가소비(B)'!$C:$C, $L$1) + COUNTIFS('PPA 사업(C)'!$G:$G, AG$2, 'PPA 사업(C)'!$Q:$Q, $J6, 'PPA 사업(C)'!$C:$C, $L$1) + COUNTIFS('리스사업(D)'!$G:$G, AG$2, '리스사업(D)'!$Q:$Q, $J6, '리스사업(D)'!$C:$C, $L$1) + COUNTIFS('임대사업(E)'!$G:$G, AG$2, '임대사업(E)'!$Q:$Q, $J6, '임대사업(E)'!$C:$C, $L$1) + COUNTIFS('환경부사업(F)'!$G:$G, AG$2, '환경부사업(F)'!$Q:$Q, $J6, '환경부사업(F)'!$C:$C, $L$1) + COUNTIFS('프로젝트(G)'!$G:$G, AG$2, '프로젝트(G)'!$Q:$Q, $J6, '프로젝트(G)'!$C:$C, $L$1) + COUNTIFS('협력사 EPC(H)'!$G:$G, AG$2, '협력사 EPC(H)'!$Q:$Q, $J6, '협력사 EPC(H)'!$C:$C, $L$1) + COUNTIFS('기타(Z)'!$G:$G, AG$2, '기타(Z)'!$Q:$Q, $J6, '기타(Z)'!$C:$C, $L$1) ) | AI6: =IF( SUM( SUMIFS('발전사업(A)'!$I:$I,'발전사업(A)'!$G:$G,AI$2,'발전사업(A)'!$Q:$Q,$J6,'발전사업(A)'!$C:$C,$L$1), SUMIFS('자가소비(B)'!$I:$I,'자가소비(B)'!$G:$G,AI$2,'자가소비(B)'!$Q:$Q,$J6,'자가소비(B)'!$C:$C,$L$1), SUMIFS('PPA 사업(C)'!$I:$I,'PPA 사업(C)'!$G:$G,AI$2,'PPA 사업(C)'!$Q:$Q,$J6,'PPA 사업(C)'!$C:$C,$L$1), SUMIFS('리스사업(D)'!$I:$I,'리스사업(D)'!$G:$G,AI$2,'리스사업(D)'!$Q:$Q,$J6,'리스사업(D)'!$C:$C,$L$1), SUMIFS('임대사업(E)'!$I:$I,'임대사업(E)'!$G:$G,AI$2,'임대사업(E)'!$Q:$Q,$J6,'임대사업(E)'!$C:$C,$L$1), SUMIFS('환경부사업(F)'!$I:$I,'환경부사업(F)'!$G:$G,AI$2,'환경부사업(F)'!$Q:$Q,$J6,'환경부사업(F)'!$C:$C,$L$1), SUMIFS('프로젝트(G)'!$I:$I,'프로젝트(G)'!$G:$G,AI$2,'프로젝트(G)'!$Q:$Q,$J6,'프로젝트(G)'!$C:$C,$L$1), SUMIFS('협력사 EPC(H)'!$I:$I,'협력사 EPC(H)'!$G:$G,AI$2,'협력사 EPC(H)'!$Q:$Q,$J6,'협력사 EPC(H)'!$C:$C,$L$1), SUMIFS('기타(Z)'!$I:$I,'기타(Z)'!$G:$G,AI$2,'기타(Z)'!$Q:$Q,$J6,'기타(Z)'!$C:$C,$L$1) )=0, "", SUM( SUMIFS('발전사업(A)'!$I:$I,'발전사업(A)'!$G:$G,AI$2,'발전사업(A)'!$Q:$Q,$J6,'발전사업(A)'!$C:$C,$L$1), SUMIFS('자가소비(B)'!$I:$I,'자가소비(B)'!$G:$G,AI$2,'자가소비(B)'!$Q:$Q,$J6,'자가소비(B)'!$C:$C,$L$1), SUMIFS('PPA 사업(C)'!$I:$I,'PPA 사업(C)'!$G:$G,AI$2,'PPA 사업(C)'!$Q:$Q,$J6,'PPA 사업(C)'!$C:$C,$L$1), SUMIFS('리스사업(D)'!$I:$I,'리스사업(D)'!$G:$G,AI$2,'리스사업(D)'!$Q:$Q,$J6,'리스사업(D)'!$C:$C,$L$1), SUMIFS('임대사업(E)'!$I:$I,'임대사업(E)'!$G:$G,AI$2,'임대사업(E)'!$Q:$Q,$J6,'임대사업(E)'!$C:$C,$L$1), SUMIFS('환경부사업(F)'!$I:$I,'환경부사업(F)'!$G:$G,AI$2,'환경부사업(F)'!$Q:$Q,$J6,'환경부사업(F)'!$C:$C,$L$1), SUMIFS('프로젝트(G)'!$I:$I,'프로젝트(G)'!$G:$G,AI$2,'프로젝트(G)'!$Q:$Q,$J6,'프로젝트(G)'!$C:$C,$L$1), SUMIFS('협력사 EPC(H)'!$I:$I,'협력사 EPC(H)'!$G:$G,AI$2,'협력사 EPC(H)'!$Q:$Q,$J6,'협력사 EPC(H)'!$C:$C,$L$1), SUMIFS('기타(Z)'!$I:$I,'기타(Z)'!$G:$G,AI$2,'기타(Z)'!$Q:$Q,$J6,'기타(Z)'!$C:$C,$L$1) ) ) | AJ6: =IF( SUM( COUNTIFS('발전사업(A)'!$G:$G, AI$2, '발전사업(A)'!$Q:$Q, $J6, '발전사업(A)'!$C:$C, $L$1), COUNTIFS('자가소비(B)'!$G:$G, AI$2, '자가소비(B)'!$Q:$Q, $J6, '자가소비(B)'!$C:$C, $L$1), COUNTIFS('PPA 사업(C)'!$G:$G, AI$2, 'PPA 사업(C)'!$Q:$Q, $J6, 'PPA 사업(C)'!$C:$C, $L$1), COUNTIFS('리스사업(D)'!$G:$G, AI$2, '리스사업(D)'!$Q:$Q, $J6, '리스사업(D)'!$C:$C, $L$1), COUNTIFS('임대사업(E)'!$G:$G, AI$2, '임대사업(E)'!$Q:$Q, $J6, '임대사업(E)'!$C:$C, $L$1), COUNTIFS('환경부사업(F)'!$G:$G, AI$2, '환경부사업(F)'!$Q:$Q, $J6, '환경부사업(F)'!$C:$C, $L$1), COUNTIFS('프로젝트(G)'!$G:$G, AI$2, '프로젝트(G)'!$Q:$Q, $J6, '프로젝트(G)'!$C:$C, $L$1), COUNTIFS('협력사 EPC(H)'!$G:$G, AI$2, '협력사 EPC(H)'!$Q:$Q, $J6, '협력사 EPC(H)'!$C:$C, $L$1), COUNTIFS('기타(Z)'!$G:$G, AI$2, '기타(Z)'!$Q:$Q, $J6, '기타(Z)'!$C:$C, $L$1) ) = 0, "", COUNTIFS('발전사업(A)'!$G:$G, AI$2, '발전사업(A)'!$Q:$Q, $J6, '발전사업(A)'!$C:$C, $L$1) + COUNTIFS('자가소비(B)'!$G:$G, AI$2, '자가소비(B)'!$Q:$Q, $J6, '자가소비(B)'!$C:$C, $L$1) + COUNTIFS('PPA 사업(C)'!$G:$G, AI$2, 'PPA 사업(C)'!$Q:$Q, $J6, 'PPA 사업(C)'!$C:$C, $L$1) + COUNTIFS('리스사업(D)'!$G:$G, AI$2, '리스사업(D)'!$Q:$Q, $J6, '리스사업(D)'!$C:$C, $L$1) + COUNTIFS('임대사업(E)'!$G:$G, AI$2, '임대사업(E)'!$Q:$Q, $J6, '임대사업(E)'!$C:$C, $L$1) + COUNTIFS('환경부사업(F)'!$G:$G, AI$2, '환경부사업(F)'!$Q:$Q, $J6, '환경부사업(F)'!$C:$C, $L$1) + COUNTIFS('프로젝트(G)'!$G:$G, AI$2, '프로젝트(G)'!$Q:$Q, $J6, '프로젝트(G)'!$C:$C, $L$1) + COUNTIFS('협력사 EPC(H)'!$G:$G, AI$2, '협력사 EPC(H)'!$Q:$Q, $J6, '협력사 EPC(H)'!$C:$C, $L$1) + COUNTIFS('기타(Z)'!$G:$G, AI$2, '기타(Z)'!$Q:$Q, $J6, '기타(Z)'!$C:$C, $L$1) )
B7: 축사 | C7: =IF(COUNTA(C19,C31,C43,C55,C67,C79,C91,C103,C115,C127,C139,C151)=0,"", IF(SUM(N(C19),N(C31),N(C43),N(C55),N(C67),N(C79),N(C91),N(C103),N(C115),N(C127),N(C139),N(C151))=0,"", SUM(N(C19),N(C31),N(C43),N(C55),N(C67),N(C79),N(C91),N(C103),N(C115),N(C127),N(C139),N(C151)) )) -> 1503.07 | D7: =IF(COUNTA(D19,D31,D43,D55,D67,D79,D91,D103,D115,D127,D139,D151)=0,"", IF(SUM(N(D19),N(D31),N(D43),N(D55),N(D67),N(D79),N(D91),N(D103),N(D115),N(D127),N(D139),N(D151))=0,"", SUM(N(D19),N(D31),N(D43),N(D55),N(D67),N(D79),N(D91),N(D103),N(D115),N(D127),N(D139),N(D151)) )) -> 9 | E7: =IF(COUNTA(E19,E31,E43,E55,E67,E79,E91,E103,E115,E127,E139,E151)=0,"", IF(SUM(N(E19),N(E31),N(E43),N(E55),N(E67),N(E79),N(E91),N(E103),N(E115),N(E127),N(E139),N(E151))=0,"", SUM(N(E19),N(E31),N(E43),N(E55),N(E67),N(E79),N(E91),N(E103),N(E115),N(E127),N(E139),N(E151)) )) -> 612.83 | F7: =IF(COUNTA(F19,F31,F43,F55,F67,F79,F91,F103,F115,F127,F139,F151)=0,"", IF(SUM(N(F19),N(F31),N(F43),N(F55),N(F67),N(F79),N(F91),N(F103),N(F115),N(F127),N(F139),N(F151))=0,"", SUM(N(F19),N(F31),N(F43),N(F55),N(F67),N(F79),N(F91),N(F103),N(F115),N(F127),N(F139),N(F151)) )) -> 4 | G7: =IF(COUNTA(G19,G31,G43,G55,G67,G79,G91,G103,G115,G127,G139,G151)=0,"", IF(SUM(N(G19),N(G31),N(G43),N(G55),N(G67),N(G79),N(G91),N(G103),N(G115),N(G127),N(G139),N(G151))=0,"", SUM(N(G19),N(G31),N(G43),N(G55),N(G67),N(G79),N(G91),N(G103),N(G115),N(G127),N(G139),N(G151)) )) -> 890.24 | H7: =IF(COUNTA(H19,H31,H43,H55,H67,H79,H91,H103,H115,H127,H139,H151)=0,"", IF(SUM(N(H19),N(H31),N(H43),N(H55),N(H67),N(H79),N(H91),N(H103),N(H115),N(H127),N(H139),N(H151))=0,"", SUM(N(H19),N(H31),N(H43),N(H55),N(H67),N(H79),N(H91),N(H103),N(H115),N(H127),N(H139),N(H151)) )) -> 5 | J7: 서울 | K7: =IF( SUM( IFERROR(VALUE(SUBSTITUTE(M7,"kW","")),0), IFERROR(VALUE(SUBSTITUTE(O7,"kW","")),0), IFERROR(VALUE(SUBSTITUTE(Q7,"kW","")),0), IFERROR(VALUE(SUBSTITUTE(S7,"kW","")),0), IFERROR(VALUE(SUBSTITUTE(U7,"kW","")),0), IFERROR(VALUE(SUBSTITUTE(W7,"kW","")),0), IFERROR(VALUE(SUBSTITUTE(Y7,"kW","")),0), IFERROR(VALUE(SUBSTITUTE(AA7,"kW","")),0), IFERROR(VALUE(SUBSTITUTE(AC7,"kW","")),0), IFERROR(VALUE(SUBSTITUTE(AE7,"kW","")),0), IFERROR(VALUE(SUBSTITUTE(AG7,"kW","")),0), IFERROR(VALUE(SUBSTITUTE(AI7,"kW","")),0) )=0, "", SUM( IFERROR(VALUE(SUBSTITUTE(M7,"kW","")),0), IFERROR(VALUE(SUBSTITUTE(O7,"kW","")),0), IFERROR(VALUE(SUBSTITUTE(Q7,"kW","")),0), IFERROR(VALUE(SUBSTITUTE(S7,"kW","")),0), IFERROR(VALUE(SUBSTITUTE(U7,"kW","")),0), IFERROR(VALUE(SUBSTITUTE(W7,"kW","")),0), IFERROR(VALUE(SUBSTITUTE(Y7,"kW","")),0), IFERROR(VALUE(SUBSTITUTE(AA7,"kW","")),0), IFERROR(VALUE(SUBSTITUTE(AC7,"kW","")),0), IFERROR(VALUE(SUBSTITUTE(AE7,"kW","")),0), IFERROR(VALUE(SUBSTITUTE(AG7,"kW","")),0), IFERROR(VALUE(SUBSTITUTE(AI7,"kW","")),0) ) ) | L7: =IF( SUM( IFERROR(VALUE(SUBSTITUTE(N7,"건","")),0), IFERROR(VALUE(SUBSTITUTE(P7,"건","")),0), IFERROR(VALUE(SUBSTITUTE(R7,"건","")),0), IFERROR(VALUE(SUBSTITUTE(T7,"건","")),0), IFERROR(VALUE(SUBSTITUTE(V7,"건","")),0), IFERROR(VALUE(SUBSTITUTE(X7,"건","")),0), IFERROR(VALUE(SUBSTITUTE(Z7,"건","")),0), IFERROR(VALUE(SUBSTITUTE(AB7,"건","")),0), IFERROR(VALUE(SUBSTITUTE(AD7,"건","")),0), IFERROR(VALUE(SUBSTITUTE(AF7,"건","")),0), IFERROR(VALUE(SUBSTITUTE(AH7,"건","")),0), IFERROR(VALUE(SUBSTITUTE(AJ7,"건","")),0) )=0, "", SUM( IFERROR(VALUE(SUBSTITUTE(N7,"건","")),0), IFERROR(VALUE(SUBSTITUTE(P7,"건","")),0), IFERROR(VALUE(SUBSTITUTE(R7,"건","")),0), IFERROR(VALUE(SUBSTITUTE(T7,"건","")),0), IFERROR(VALUE(SUBSTITUTE(V7,"건","")),0), IFERROR(VALUE(SUBSTITUTE(X7,"건","")),0), IFERROR(VALUE(SUBSTITUTE(Z7,"건","")),0), IFERROR(VALUE(SUBSTITUTE(AB7,"건","")),0), IFERROR(VALUE(SUBSTITUTE(AD7,"건","")),0), IFERROR(VALUE(SUBSTITUTE(AF7,"건","")),0), IFERROR(VALUE(SUBSTITUTE(AH7,"건","")),0), IFERROR(VALUE(SUBSTITUTE(AJ7,"건","")),0) ) ) | M7: =IF( SUM( SUMIFS('발전사업(A)'!$I:$I,'발전사업(A)'!$G:$G,M$2,'발전사업(A)'!$Q:$Q,$J7,'발전사업(A)'!$C:$C,$L$1), SUMIFS('자가소비(B)'!$I:$I,'자가소비(B)'!$G:$G,M$2,'자가소비(B)'!$Q:$Q,$J7,'자가소비(B)'!$C:$C,$L$1), SUMIFS('PPA 사업(C)'!$I:$I,'PPA 사업(C)'!$G:$G,M$2,'PPA 사업(C)'!$Q:$Q,$J7,'PPA 사업(C)'!$C:$C,$L$1), SUMIFS('리스사업(D)'!$I:$I,'리스사업(D)'!$G:$G,M$2,'리스사업(D)'!$Q:$Q,$J7,'리스사업(D)'!$C:$C,$L$1), SUMIFS('임대사업(E)'!$I:$I,'임대사업(E)'!$G:$G,M$2,'임대사업(E)'!$Q:$Q,$J7,'임대사업(E)'!$C:$C,$L$1), SUMIFS('환경부사업(F)'!$I:$I,'환경부사업(F)'!$G:$G,M$2,'환경부사업(F)'!$Q:$Q,$J7,'환경부사업(F)'!$C:$C,$L$1), SUMIFS('프로젝트(G)'!$I:$I,'프로젝트(G)'!$G:$G,M$2,'프로젝트(G)'!$Q:$Q,$J7,'프로젝트(G)'!$C:$C,$L$1), SUMIFS('협력사 EPC(H)'!$I:$I,'협력사 EPC(H)'!$G:$G,M$2,'협력사 EPC(H)'!$Q:$Q,$J7,'협력사 EPC(H)'!$C:$C,$L$1), SUMIFS('기타(Z)'!$I:$I,'기타(Z)'!$G:$G,M$2,'기타(Z)'!$Q:$Q,$J7,'기타(Z)'!$C:$C,$L$1) )=0, "", SUM( SUMIFS('발전사업(A)'!$I:$I,'발전사업(A)'!$G:$G,M$2,'발전사업(A)'!$Q:$Q,$J7,'발전사업(A)'!$C:$C,$L$1), SUMIFS('자가소비(B)'!$I:$I,'자가소비(B)'!$G:$G,M$2,'자가소비(B)'!$Q:$Q,$J7,'자가소비(B)'!$C:$C,$L$1), SUMIFS('PPA 사업(C)'!$I:$I,'PPA 사업(C)'!$G:$G,M$2,'PPA 사업(C)'!$Q:$Q,$J7,'PPA 사업(C)'!$C:$C,$L$1), SUMIFS('리스사업(D)'!$I:$I,'리스사업(D)'!$G:$G,M$2,'리스사업(D)'!$Q:$Q,$J7,'리스사업(D)'!$C:$C,$L$1), SUMIFS('임대사업(E)'!$I:$I,'임대사업(E)'!$G:$G,M$2,'임대사업(E)'!$Q:$Q,$J7,'임대사업(E)'!$C:$C,$L$1), SUMIFS('환경부사업(F)'!$I:$I,'환경부사업(F)'!$G:$G,M$2,'환경부사업(F)'!$Q:$Q,$J7,'환경부사업(F)'!$C:$C,$L$1), SUMIFS('프로젝트(G)'!$I:$I,'프로젝트(G)'!$G:$G,M$2,'프로젝트(G)'!$Q:$Q,$J7,'프로젝트(G)'!$C:$C,$L$1), SUMIFS('협력사 EPC(H)'!$I:$I,'협력사 EPC(H)'!$G:$G,M$2,'협력사 EPC(H)'!$Q:$Q,$J7,'협력사 EPC(H)'!$C:$C,$L$1), SUMIFS('기타(Z)'!$I:$I,'기타(Z)'!$G:$G,M$2,'기타(Z)'!$Q:$Q,$J7,'기타(Z)'!$C:$C,$L$1) ) ) | N7: =IF( SUM( COUNTIFS('발전사업(A)'!$G:$G, M$2, '발전사업(A)'!$Q:$Q, $J7, '발전사업(A)'!$C:$C, $L$1), COUNTIFS('자가소비(B)'!$G:$G, M$2, '자가소비(B)'!$Q:$Q, $J7, '자가소비(B)'!$C:$C, $L$1), COUNTIFS('PPA 사업(C)'!$G:$G, M$2, 'PPA 사업(C)'!$Q:$Q, $J7, 'PPA 사업(C)'!$C:$C, $L$1), COUNTIFS('리스사업(D)'!$G:$G, M$2, '리스사업(D)'!$Q:$Q, $J7, '리스사업(D)'!$C:$C, $L$1), COUNTIFS('임대사업(E)'!$G:$G, M$2, '임대사업(E)'!$Q:$Q, $J7, '임대사업(E)'!$C:$C, $L$1), COUNTIFS('환경부사업(F)'!$G:$G, M$2, '환경부사업(F)'!$Q:$Q, $J7, '환경부사업(F)'!$C:$C, $L$1), COUNTIFS('프로젝트(G)'!$G:$G, M$2, '프로젝트(G)'!$Q:$Q, $J7, '프로젝트(G)'!$C:$C, $L$1), COUNTIFS('협력사 EPC(H)'!$G:$G, M$2, '협력사 EPC(H)'!$Q:$Q, $J7, '협력사 EPC(H)'!$C:$C, $L$1), COUNTIFS('기타(Z)'!$G:$G, M$2, '기타(Z)'!$Q:$Q, $J7, '기타(Z)'!$C:$C, $L$1) ) = 0, "", COUNTIFS('발전사업(A)'!$G:$G, M$2, '발전사업(A)'!$Q:$Q, $J7, '발전사업(A)'!$C:$C, $L$1) + COUNTIFS('자가소비(B)'!$G:$G, M$2, '자가소비(B)'!$Q:$Q, $J7, '자가소비(B)'!$C:$C, $L$1) + COUNTIFS('PPA 사업(C)'!$G:$G, M$2, 'PPA 사업(C)'!$Q:$Q, $J7, 'PPA 사업(C)'!$C:$C, $L$1) + COUNTIFS('리스사업(D)'!$G:$G, M$2, '리스사업(D)'!$Q:$Q, $J7, '리스사업(D)'!$C:$C, $L$1) + COUNTIFS('임대사업(E)'!$G:$G, M$2, '임대사업(E)'!$Q:$Q, $J7, '임대사업(E)'!$C:$C, $L$1) + COUNTIFS('환경부사업(F)'!$G:$G, M$2, '환경부사업(F)'!$Q:$Q, $J7, '환경부사업(F)'!$C:$C, $L$1) + COUNTIFS('프로젝트(G)'!$G:$G, M$2, '프로젝트(G)'!$Q:$Q, $J7, '프로젝트(G)'!$C:$C, $L$1) + COUNTIFS('협력사 EPC(H)'!$G:$G, M$2, '협력사 EPC(H)'!$Q:$Q, $J7, '협력사 EPC(H)'!$C:$C, $L$1) + COUNTIFS('기타(Z)'!$G:$G, M$2, '기타(Z)'!$Q:$Q, $J7, '기타(Z)'!$C:$C, $L$1) ) | O7: =IF( SUM( SUMIFS('발전사업(A)'!$I:$I,'발전사업(A)'!$G:$G,O$2,'발전사업(A)'!$Q:$Q,$J7,'발전사업(A)'!$C:$C,$L$1), SUMIFS('자가소비(B)'!$I:$I,'자가소비(B)'!$G:$G,O$2,'자가소비(B)'!$Q:$Q,$J7,'자가소비(B)'!$C:$C,$L$1), SUMIFS('PPA 사업(C)'!$I:$I,'PPA 사업(C)'!$G:$G,O$2,'PPA 사업(C)'!$Q:$Q,$J7,'PPA 사업(C)'!$C:$C,$L$1), SUMIFS('리스사업(D)'!$I:$I,'리스사업(D)'!$G:$G,O$2,'리스사업(D)'!$Q:$Q,$J7,'리스사업(D)'!$C:$C,$L$1), SUMIFS('임대사업(E)'!$I:$I,'임대사업(E)'!$G:$G,O$2,'임대사업(E)'!$Q:$Q,$J7,'임대사업(E)'!$C:$C,$L$1), SUMIFS('환경부사업(F)'!$I:$I,'환경부사업(F)'!$G:$G,O$2,'환경부사업(F)'!$Q:$Q,$J7,'환경부사업(F)'!$C:$C,$L$1), SUMIFS('프로젝트(G)'!$I:$I,'프로젝트(G)'!$G:$G,O$2,'프로젝트(G)'!$Q:$Q,$J7,'프로젝트(G)'!$C:$C,$L$1), SUMIFS('협력사 EPC(H)'!$I:$I,'협력사 EPC(H)'!$G:$G,O$2,'협력사 EPC(H)'!$Q:$Q,$J7,'협력사 EPC(H)'!$C:$C,$L$1), SUMIFS('기타(Z)'!$I:$I,'기타(Z)'!$G:$G,O$2,'기타(Z)'!$Q:$Q,$J7,'기타(Z)'!$C:$C,$L$1) )=0, "", SUM( SUMIFS('발전사업(A)'!$I:$I,'발전사업(A)'!$G:$G,O$2,'발전사업(A)'!$Q:$Q,$J7,'발전사업(A)'!$C:$C,$L$1), SUMIFS('자가소비(B)'!$I:$I,'자가소비(B)'!$G:$G,O$2,'자가소비(B)'!$Q:$Q,$J7,'자가소비(B)'!$C:$C,$L$1), SUMIFS('PPA 사업(C)'!$I:$I,'PPA 사업(C)'!$G:$G,O$2,'PPA 사업(C)'!$Q:$Q,$J7,'PPA 사업(C)'!$C:$C,$L$1), SUMIFS('리스사업(D)'!$I:$I,'리스사업(D)'!$G:$G,O$2,'리스사업(D)'!$Q:$Q,$J7,'리스사업(D)'!$C:$C,$L$1), SUMIFS('임대사업(E)'!$I:$I,'임대사업(E)'!$G:$G,O$2,'임대사업(E)'!$Q:$Q,$J7,'임대사업(E)'!$C:$C,$L$1), SUMIFS('환경부사업(F)'!$I:$I,'환경부사업(F)'!$G:$G,O$2,'환경부사업(F)'!$Q:$Q,$J7,'환경부사업(F)'!$C:$C,$L$1), SUMIFS('프로젝트(G)'!$I:$I,'프로젝트(G)'!$G:$G,O$2,'프로젝트(G)'!$Q:$Q,$J7,'프로젝트(G)'!$C:$C,$L$1), SUMIFS('협력사 EPC(H)'!$I:$I,'협력사 EPC(H)'!$G:$G,O$2,'협력사 EPC(H)'!$Q:$Q,$J7,'협력사 EPC(H)'!$C:$C,$L$1), SUMIFS('기타(Z)'!$I:$I,'기타(Z)'!$G:$G,O$2,'기타(Z)'!$Q:$Q,$J7,'기타(Z)'!$C:$C,$L$1) ) ) | P7: =IF( SUM( COUNTIFS('발전사업(A)'!$G:$G, O$2, '발전사업(A)'!$Q:$Q, $J7, '발전사업(A)'!$C:$C, $L$1), COUNTIFS('자가소비(B)'!$G:$G, O$2, '자가소비(B)'!$Q:$Q, $J7, '자가소비(B)'!$C:$C, $L$1), COUNTIFS('PPA 사업(C)'!$G:$G, O$2, 'PPA 사업(C)'!$Q:$Q, $J7, 'PPA 사업(C)'!$C:$C, $L$1), COUNTIFS('리스사업(D)'!$G:$G, O$2, '리스사업(D)'!$Q:$Q, $J7, '리스사업(D)'!$C:$C, $L$1), COUNTIFS('임대사업(E)'!$G:$G, O$2, '임대사업(E)'!$Q:$Q, $J7, '임대사업(E)'!$C:$C, $L$1), COUNTIFS('환경부사업(F)'!$G:$G, O$2, '환경부사업(F)'!$Q:$Q, $J7, '환경부사업(F)'!$C:$C, $L$1), COUNTIFS('프로젝트(G)'!$G:$G, O$2, '프로젝트(G)'!$Q:$Q, $J7, '프로젝트(G)'!$C:$C, $L$1), COUNTIFS('협력사 EPC(H)'!$G:$G, O$2, '협력사 EPC(H)'!$Q:$Q, $J7, '협력사 EPC(H)'!$C:$C, $L$1), COUNTIFS('기타(Z)'!$G:$G, O$2, '기타(Z)'!$Q:$Q, $J7, '기타(Z)'!$C:$C, $L$1) ) = 0, "", COUNTIFS('발전사업(A)'!$G:$G, O$2, '발전사업(A)'!$Q:$Q, $J7, '발전사업(A)'!$C:$C, $L$1) + COUNTIFS('자가소비(B)'!$G:$G, O$2, '자가소비(B)'!$Q:$Q, $J7, '자가소비(B)'!$C:$C, $L$1) + COUNTIFS('PPA 사업(C)'!$G:$G, O$2, 'PPA 사업(C)'!$Q:$Q, $J7, 'PPA 사업(C)'!$C:$C, $L$1) + COUNTIFS('리스사업(D)'!$G:$G, O$2, '리스사업(D)'!$Q:$Q, $J7, '리스사업(D)'!$C:$C, $L$1) + COUNTIFS('임대사업(E)'!$G:$G, O$2, '임대사업(E)'!$Q:$Q, $J7, '임대사업(E)'!$C:$C, $L$1) + COUNTIFS('환경부사업(F)'!$G:$G, O$2, '환경부사업(F)'!$Q:$Q, $J7, '환경부사업(F)'!$C:$C, $L$1) + COUNTIFS('프로젝트(G)'!$G:$G, O$2, '프로젝트(G)'!$Q:$Q, $J7, '프로젝트(G)'!$C:$C, $L$1) + COUNTIFS('협력사 EPC(H)'!$G:$G, O$2, '협력사 EPC(H)'!$Q:$Q, $J7, '협력사 EPC(H)'!$C:$C, $L$1) + COUNTIFS('기타(Z)'!$G:$G, O$2, '기타(Z)'!$Q:$Q, $J7, '기타(Z)'!$C:$C, $L$1) ) | Q7: =IF( SUM( SUMIFS('발전사업(A)'!$I:$I,'발전사업(A)'!$G:$G,Q$2,'발전사업(A)'!$Q:$Q,$J7,'발전사업(A)'!$C:$C,$L$1), SUMIFS('자가소비(B)'!$I:$I,'자가소비(B)'!$G:$G,Q$2,'자가소비(B)'!$Q:$Q,$J7,'자가소비(B)'!$C:$C,$L$1), SUMIFS('PPA 사업(C)'!$I:$I,'PPA 사업(C)'!$G:$G,Q$2,'PPA 사업(C)'!$Q:$Q,$J7,'PPA 사업(C)'!$C:$C,$L$1), SUMIFS('리스사업(D)'!$I:$I,'리스사업(D)'!$G:$G,Q$2,'리스사업(D)'!$Q:$Q,$J7,'리스사업(D)'!$C:$C,$L$1), SUMIFS('임대사업(E)'!$I:$I,'임대사업(E)'!$G:$G,Q$2,'임대사업(E)'!$Q:$Q,$J7,'임대사업(E)'!$C:$C,$L$1), SUMIFS('환경부사업(F)'!$I:$I,'환경부사업(F)'!$G:$G,Q$2,'환경부사업(F)'!$Q:$Q,$J7,'환경부사업(F)'!$C:$C,$L$1), SUMIFS('프로젝트(G)'!$I:$I,'프로젝트(G)'!$G:$G,Q$2,'프로젝트(G)'!$Q:$Q,$J7,'프로젝트(G)'!$C:$C,$L$1), SUMIFS('협력사 EPC(H)'!$I:$I,'협력사 EPC(H)'!$G:$G,Q$2,'협력사 EPC(H)'!$Q:$Q,$J7,'협력사 EPC(H)'!$C:$C,$L$1), SUMIFS('기타(Z)'!$I:$I,'기타(Z)'!$G:$G,Q$2,'기타(Z)'!$Q:$Q,$J7,'기타(Z)'!$C:$C,$L$1) )=0, "", SUM( SUMIFS('발전사업(A)'!$I:$I,'발전사업(A)'!$G:$G,Q$2,'발전사업(A)'!$Q:$Q,$J7,'발전사업(A)'!$C:$C,$L$1), SUMIFS('자가소비(B)'!$I:$I,'자가소비(B)'!$G:$G,Q$2,'자가소비(B)'!$Q:$Q,$J7,'자가소비(B)'!$C:$C,$L$1), SUMIFS('PPA 사업(C)'!$I:$I,'PPA 사업(C)'!$G:$G,Q$2,'PPA 사업(C)'!$Q:$Q,$J7,'PPA 사업(C)'!$C:$C,$L$1), SUMIFS('리스사업(D)'!$I:$I,'리스사업(D)'!$G:$G,Q$2,'리스사업(D)'!$Q:$Q,$J7,'리스사업(D)'!$C:$C,$L$1), SUMIFS('임대사업(E)'!$I:$I,'임대사업(E)'!$G:$G,Q$2,'임대사업(E)'!$Q:$Q,$J7,'임대사업(E)'!$C:$C,$L$1), SUMIFS('환경부사업(F)'!$I:$I,'환경부사업(F)'!$G:$G,Q$2,'환경부사업(F)'!$Q:$Q,$J7,'환경부사업(F)'!$C:$C,$L$1), SUMIFS('프로젝트(G)'!$I:$I,'프로젝트(G)'!$G:$G,Q$2,'프로젝트(G)'!$Q:$Q,$J7,'프로젝트(G)'!$C:$C,$L$1), SUMIFS('협력사 EPC(H)'!$I:$I,'협력사 EPC(H)'!$G:$G,Q$2,'협력사 EPC(H)'!$Q:$Q,$J7,'협력사 EPC(H)'!$C:$C,$L$1), SUMIFS('기타(Z)'!$I:$I,'기타(Z)'!$G:$G,Q$2,'기타(Z)'!$Q:$Q,$J7,'기타(Z)'!$C:$C,$L$1) ) ) | R7: =IF( SUM( COUNTIFS('발전사업(A)'!$G:$G, Q$2, '발전사업(A)'!$Q:$Q, $J7, '발전사업(A)'!$C:$C, $L$1), COUNTIFS('자가소비(B)'!$G:$G, Q$2, '자가소비(B)'!$Q:$Q, $J7, '자가소비(B)'!$C:$C, $L$1), COUNTIFS('PPA 사업(C)'!$G:$G, Q$2, 'PPA 사업(C)'!$Q:$Q, $J7, 'PPA 사업(C)'!$C:$C, $L$1), COUNTIFS('리스사업(D)'!$G:$G, Q$2, '리스사업(D)'!$Q:$Q, $J7, '리스사업(D)'!$C:$C, $L$1), COUNTIFS('임대사업(E)'!$G:$G, Q$2, '임대사업(E)'!$Q:$Q, $J7, '임대사업(E)'!$C:$C, $L$1), COUNTIFS('환경부사업(F)'!$G:$G, Q$2, '환경부사업(F)'!$Q:$Q, $J7, '환경부사업(F)'!$C:$C, $L$1), COUNTIFS('프로젝트(G)'!$G:$G, Q$2, '프로젝트(G)'!$Q:$Q, $J7, '프로젝트(G)'!$C:$C, $L$1), COUNTIFS('협력사 EPC(H)'!$G:$G, Q$2, '협력사 EPC(H)'!$Q:$Q, $J7, '협력사 EPC(H)'!$C:$C, $L$1), COUNTIFS('기타(Z)'!$G:$G, Q$2, '기타(Z)'!$Q:$Q, $J7, '기타(Z)'!$C:$C, $L$1) ) = 0, "", COUNTIFS('발전사업(A)'!$G:$G, Q$2, '발전사업(A)'!$Q:$Q, $J7, '발전사업(A)'!$C:$C, $L$1) + COUNTIFS('자가소비(B)'!$G:$G, Q$2, '자가소비(B)'!$Q:$Q, $J7, '자가소비(B)'!$C:$C, $L$1) + COUNTIFS('PPA 사업(C)'!$G:$G, Q$2, 'PPA 사업(C)'!$Q:$Q, $J7, 'PPA 사업(C)'!$C:$C, $L$1) + COUNTIFS('리스사업(D)'!$G:$G, Q$2, '리스사업(D)'!$Q:$Q, $J7, '리스사업(D)'!$C:$C, $L$1) + COUNTIFS('임대사업(E)'!$G:$G, Q$2, '임대사업(E)'!$Q:$Q, $J7, '임대사업(E)'!$C:$C, $L$1) + COUNTIFS('환경부사업(F)'!$G:$G, Q$2, '환경부사업(F)'!$Q:$Q, $J7, '환경부사업(F)'!$C:$C, $L$1) + COUNTIFS('프로젝트(G)'!$G:$G, Q$2, '프로젝트(G)'!$Q:$Q, $J7, '프로젝트(G)'!$C:$C, $L$1) + COUNTIFS('협력사 EPC(H)'!$G:$G, Q$2, '협력사 EPC(H)'!$Q:$Q, $J7, '협력사 EPC(H)'!$C:$C, $L$1) + COUNTIFS('기타(Z)'!$G:$G, Q$2, '기타(Z)'!$Q:$Q, $J7, '기타(Z)'!$C:$C, $L$1) ) | S7: =IF( SUM( SUMIFS('발전사업(A)'!$I:$I,'발전사업(A)'!$G:$G,S$2,'발전사업(A)'!$Q:$Q,$J7,'발전사업(A)'!$C:$C,$L$1), SUMIFS('자가소비(B)'!$I:$I,'자가소비(B)'!$G:$G,S$2,'자가소비(B)'!$Q:$Q,$J7,'자가소비(B)'!$C:$C,$L$1), SUMIFS('PPA 사업(C)'!$I:$I,'PPA 사업(C)'!$G:$G,S$2,'PPA 사업(C)'!$Q:$Q,$J7,'PPA 사업(C)'!$C:$C,$L$1), SUMIFS('리스사업(D)'!$I:$I,'리스사업(D)'!$G:$G,S$2,'리스사업(D)'!$Q:$Q,$J7,'리스사업(D)'!$C:$C,$L$1), SUMIFS('임대사업(E)'!$I:$I,'임대사업(E)'!$G:$G,S$2,'임대사업(E)'!$Q:$Q,$J7,'임대사업(E)'!$C:$C,$L$1), SUMIFS('환경부사업(F)'!$I:$I,'환경부사업(F)'!$G:$G,S$2,'환경부사업(F)'!$Q:$Q,$J7,'환경부사업(F)'!$C:$C,$L$1), SUMIFS('프로젝트(G)'!$I:$I,'프로젝트(G)'!$G:$G,S$2,'프로젝트(G)'!$Q:$Q,$J7,'프로젝트(G)'!$C:$C,$L$1), SUMIFS('협력사 EPC(H)'!$I:$I,'협력사 EPC(H)'!$G:$G,S$2,'협력사 EPC(H)'!$Q:$Q,$J7,'협력사 EPC(H)'!$C:$C,$L$1), SUMIFS('기타(Z)'!$I:$I,'기타(Z)'!$G:$G,S$2,'기타(Z)'!$Q:$Q,$J7,'기타(Z)'!$C:$C,$L$1) )=0, "", SUM( SUMIFS('발전사업(A)'!$I:$I,'발전사업(A)'!$G:$G,S$2,'발전사업(A)'!$Q:$Q,$J7,'발전사업(A)'!$C:$C,$L$1), SUMIFS('자가소비(B)'!$I:$I,'자가소비(B)'!$G:$G,S$2,'자가소비(B)'!$Q:$Q,$J7,'자가소비(B)'!$C:$C,$L$1), SUMIFS('PPA 사업(C)'!$I:$I,'PPA 사업(C)'!$G:$G,S$2,'PPA 사업(C)'!$Q:$Q,$J7,'PPA 사업(C)'!$C:$C,$L$1), SUMIFS('리스사업(D)'!$I:$I,'리스사업(D)'!$G:$G,S$2,'리스사업(D)'!$Q:$Q,$J7,'리스사업(D)'!$C:$C,$L$1), SUMIFS('임대사업(E)'!$I:$I,'임대사업(E)'!$G:$G,S$2,'임대사업(E)'!$Q:$Q,$J7,'임대사업(E)'!$C:$C,$L$1), SUMIFS('환경부사업(F)'!$I:$I,'환경부사업(F)'!$G:$G,S$2,'환경부사업(F)'!$Q:$Q,$J7,'환경부사업(F)'!$C:$C,$L$1), SUMIFS('프로젝트(G)'!$I:$I,'프로젝트(G)'!$G:$G,S$2,'프로젝트(G)'!$Q:$Q,$J7,'프로젝트(G)'!$C:$C,$L$1), SUMIFS('협력사 EPC(H)'!$I:$I,'협력사 EPC(H)'!$G:$G,S$2,'협력사 EPC(H)'!$Q:$Q,$J7,'협력사 EPC(H)'!$C:$C,$L$1), SUMIFS('기타(Z)'!$I:$I,'기타(Z)'!$G:$G,S$2,'기타(Z)'!$Q:$Q,$J7,'기타(Z)'!$C:$C,$L$1) ) ) | T7: =IF( SUM( COUNTIFS('발전사업(A)'!$G:$G, S$2, '발전사업(A)'!$Q:$Q, $J7, '발전사업(A)'!$C:$C, $L$1), COUNTIFS('자가소비(B)'!$G:$G, S$2, '자가소비(B)'!$Q:$Q, $J7, '자가소비(B)'!$C:$C, $L$1), COUNTIFS('PPA 사업(C)'!$G:$G, S$2, 'PPA 사업(C)'!$Q:$Q, $J7, 'PPA 사업(C)'!$C:$C, $L$1), COUNTIFS('리스사업(D)'!$G:$G, S$2, '리스사업(D)'!$Q:$Q, $J7, '리스사업(D)'!$C:$C, $L$1), COUNTIFS('임대사업(E)'!$G:$G, S$2, '임대사업(E)'!$Q:$Q, $J7, '임대사업(E)'!$C:$C, $L$1), COUNTIFS('환경부사업(F)'!$G:$G, S$2, '환경부사업(F)'!$Q:$Q, $J7, '환경부사업(F)'!$C:$C, $L$1), COUNTIFS('프로젝트(G)'!$G:$G, S$2, '프로젝트(G)'!$Q:$Q, $J7, '프로젝트(G)'!$C:$C, $L$1), COUNTIFS('협력사 EPC(H)'!$G:$G, S$2, '협력사 EPC(H)'!$Q:$Q, $J7, '협력사 EPC(H)'!$C:$C, $L$1), COUNTIFS('기타(Z)'!$G:$G, S$2, '기타(Z)'!$Q:$Q, $J7, '기타(Z)'!$C:$C, $L$1) ) = 0, "", COUNTIFS('발전사업(A)'!$G:$G, S$2, '발전사업(A)'!$Q:$Q, $J7, '발전사업(A)'!$C:$C, $L$1) + COUNTIFS('자가소비(B)'!$G:$G, S$2, '자가소비(B)'!$Q:$Q, $J7, '자가소비(B)'!$C:$C, $L$1) + COUNTIFS('PPA 사업(C)'!$G:$G, S$2, 'PPA 사업(C)'!$Q:$Q, $J7, 'PPA 사업(C)'!$C:$C, $L$1) + COUNTIFS('리스사업(D)'!$G:$G, S$2, '리스사업(D)'!$Q:$Q, $J7, '리스사업(D)'!$C:$C, $L$1) + COUNTIFS('임대사업(E)'!$G:$G, S$2, '임대사업(E)'!$Q:$Q, $J7, '임대사업(E)'!$C:$C, $L$1) + COUNTIFS('환경부사업(F)'!$G:$G, S$2, '환경부사업(F)'!$Q:$Q, $J7, '환경부사업(F)'!$C:$C, $L$1) + COUNTIFS('프로젝트(G)'!$G:$G, S$2, '프로젝트(G)'!$Q:$Q, $J7, '프로젝트(G)'!$C:$C, $L$1) + COUNTIFS('협력사 EPC(H)'!$G:$G, S$2, '협력사 EPC(H)'!$Q:$Q, $J7, '협력사 EPC(H)'!$C:$C, $L$1) + COUNTIFS('기타(Z)'!$G:$G, S$2, '기타(Z)'!$Q:$Q, $J7, '기타(Z)'!$C:$C, $L$1) ) | U7: =IF( SUM( SUMIFS('발전사업(A)'!$I:$I,'발전사업(A)'!$G:$G,U$2,'발전사업(A)'!$Q:$Q,$J7,'발전사업(A)'!$C:$C,$L$1), SUMIFS('자가소비(B)'!$I:$I,'자가소비(B)'!$G:$G,U$2,'자가소비(B)'!$Q:$Q,$J7,'자가소비(B)'!$C:$C,$L$1), SUMIFS('PPA 사업(C)'!$I:$I,'PPA 사업(C)'!$G:$G,U$2,'PPA 사업(C)'!$Q:$Q,$J7,'PPA 사업(C)'!$C:$C,$L$1), SUMIFS('리스사업(D)'!$I:$I,'리스사업(D)'!$G:$G,U$2,'리스사업(D)'!$Q:$Q,$J7,'리스사업(D)'!$C:$C,$L$1), SUMIFS('임대사업(E)'!$I:$I,'임대사업(E)'!$G:$G,U$2,'임대사업(E)'!$Q:$Q,$J7,'임대사업(E)'!$C:$C,$L$1), SUMIFS('환경부사업(F)'!$I:$I,'환경부사업(F)'!$G:$G,U$2,'환경부사업(F)'!$Q:$Q,$J7,'환경부사업(F)'!$C:$C,$L$1), SUMIFS('프로젝트(G)'!$I:$I,'프로젝트(G)'!$G:$G,U$2,'프로젝트(G)'!$Q:$Q,$J7,'프로젝트(G)'!$C:$C,$L$1), SUMIFS('협력사 EPC(H)'!$I:$I,'협력사 EPC(H)'!$G:$G,U$2,'협력사 EPC(H)'!$Q:$Q,$J7,'협력사 EPC(H)'!$C:$C,$L$1), SUMIFS('기타(Z)'!$I:$I,'기타(Z)'!$G:$G,U$2,'기타(Z)'!$Q:$Q,$J7,'기타(Z)'!$C:$C,$L$1) )=0, "", SUM( SUMIFS('발전사업(A)'!$I:$I,'발전사업(A)'!$G:$G,U$2,'발전사업(A)'!$Q:$Q,$J7,'발전사업(A)'!$C:$C,$L$1), SUMIFS('자가소비(B)'!$I:$I,'자가소비(B)'!$G:$G,U$2,'자가소비(B)'!$Q:$Q,$J7,'자가소비(B)'!$C:$C,$L$1), SUMIFS('PPA 사업(C)'!$I:$I,'PPA 사업(C)'!$G:$G,U$2,'PPA 사업(C)'!$Q:$Q,$J7,'PPA 사업(C)'!$C:$C,$L$1), SUMIFS('리스사업(D)'!$I:$I,'리스사업(D)'!$G:$G,U$2,'리스사업(D)'!$Q:$Q,$J7,'리스사업(D)'!$C:$C,$L$1), SUMIFS('임대사업(E)'!$I:$I,'임대사업(E)'!$G:$G,U$2,'임대사업(E)'!$Q:$Q,$J7,'임대사업(E)'!$C:$C,$L$1), SUMIFS('환경부사업(F)'!$I:$I,'환경부사업(F)'!$G:$G,U$2,'환경부사업(F)'!$Q:$Q,$J7,'환경부사업(F)'!$C:$C,$L$1), SUMIFS('프로젝트(G)'!$I:$I,'프로젝트(G)'!$G:$G,U$2,'프로젝트(G)'!$Q:$Q,$J7,'프로젝트(G)'!$C:$C,$L$1), SUMIFS('협력사 EPC(H)'!$I:$I,'협력사 EPC(H)'!$G:$G,U$2,'협력사 EPC(H)'!$Q:$Q,$J7,'협력사 EPC(H)'!$C:$C,$L$1), SUMIFS('기타(Z)'!$I:$I,'기타(Z)'!$G:$G,U$2,'기타(Z)'!$Q:$Q,$J7,'기타(Z)'!$C:$C,$L$1) ) ) | V7: =IF( SUM( COUNTIFS('발전사업(A)'!$G:$G, U$2, '발전사업(A)'!$Q:$Q, $J7, '발전사업(A)'!$C:$C, $L$1), COUNTIFS('자가소비(B)'!$G:$G, U$2, '자가소비(B)'!$Q:$Q, $J7, '자가소비(B)'!$C:$C, $L$1), COUNTIFS('PPA 사업(C)'!$G:$G, U$2, 'PPA 사업(C)'!$Q:$Q, $J7, 'PPA 사업(C)'!$C:$C, $L$1), COUNTIFS('리스사업(D)'!$G:$G, U$2, '리스사업(D)'!$Q:$Q, $J7, '리스사업(D)'!$C:$C, $L$1), COUNTIFS('임대사업(E)'!$G:$G, U$2, '임대사업(E)'!$Q:$Q, $J7, '임대사업(E)'!$C:$C, $L$1), COUNTIFS('환경부사업(F)'!$G:$G, U$2, '환경부사업(F)'!$Q:$Q, $J7, '환경부사업(F)'!$C:$C, $L$1), COUNTIFS('프로젝트(G)'!$G:$G, U$2, '프로젝트(G)'!$Q:$Q, $J7, '프로젝트(G)'!$C:$C, $L$1), COUNTIFS('협력사 EPC(H)'!$G:$G, U$2, '협력사 EPC(H)'!$Q:$Q, $J7, '협력사 EPC(H)'!$C:$C, $L$1), COUNTIFS('기타(Z)'!$G:$G, U$2, '기타(Z)'!$Q:$Q, $J7, '기타(Z)'!$C:$C, $L$1) ) = 0, "", COUNTIFS('발전사업(A)'!$G:$G, U$2, '발전사업(A)'!$Q:$Q, $J7, '발전사업(A)'!$C:$C, $L$1) + COUNTIFS('자가소비(B)'!$G:$G, U$2, '자가소비(B)'!$Q:$Q, $J7, '자가소비(B)'!$C:$C, $L$1) + COUNTIFS('PPA 사업(C)'!$G:$G, U$2, 'PPA 사업(C)'!$Q:$Q, $J7, 'PPA 사업(C)'!$C:$C, $L$1) + COUNTIFS('리스사업(D)'!$G:$G, U$2, '리스사업(D)'!$Q:$Q, $J7, '리스사업(D)'!$C:$C, $L$1) + COUNTIFS('임대사업(E)'!$G:$G, U$2, '임대사업(E)'!$Q:$Q, $J7, '임대사업(E)'!$C:$C, $L$1) + COUNTIFS('환경부사업(F)'!$G:$G, U$2, '환경부사업(F)'!$Q:$Q, $J7, '환경부사업(F)'!$C:$C, $L$1) + COUNTIFS('프로젝트(G)'!$G:$G, U$2, '프로젝트(G)'!$Q:$Q, $J7, '프로젝트(G)'!$C:$C, $L$1) + COUNTIFS('협력사 EPC(H)'!$G:$G, U$2, '협력사 EPC(H)'!$Q:$Q, $J7, '협력사 EPC(H)'!$C:$C, $L$1) + COUNTIFS('기타(Z)'!$G:$G, U$2, '기타(Z)'!$Q:$Q, $J7, '기타(Z)'!$C:$C, $L$1) ) | W7: =IF( SUM( SUMIFS('발전사업(A)'!$I:$I,'발전사업(A)'!$G:$G,W$2,'발전사업(A)'!$Q:$Q,$J7,'발전사업(A)'!$C:$C,$L$1), SUMIFS('자가소비(B)'!$I:$I,'자가소비(B)'!$G:$G,W$2,'자가소비(B)'!$Q:$Q,$J7,'자가소비(B)'!$C:$C,$L$1), SUMIFS('PPA 사업(C)'!$I:$I,'PPA 사업(C)'!$G:$G,W$2,'PPA 사업(C)'!$Q:$Q,$J7,'PPA 사업(C)'!$C:$C,$L$1), SUMIFS('리스사업(D)'!$I:$I,'리스사업(D)'!$G:$G,W$2,'리스사업(D)'!$Q:$Q,$J7,'리스사업(D)'!$C:$C,$L$1), SUMIFS('임대사업(E)'!$I:$I,'임대사업(E)'!$G:$G,W$2,'임대사업(E)'!$Q:$Q,$J7,'임대사업(E)'!$C:$C,$L$1), SUMIFS('환경부사업(F)'!$I:$I,'환경부사업(F)'!$G:$G,W$2,'환경부사업(F)'!$Q:$Q,$J7,'환경부사업(F)'!$C:$C,$L$1), SUMIFS('프로젝트(G)'!$I:$I,'프로젝트(G)'!$G:$G,W$2,'프로젝트(G)'!$Q:$Q,$J7,'프로젝트(G)'!$C:$C,$L$1), SUMIFS('협력사 EPC(H)'!$I:$I,'협력사 EPC(H)'!$G:$G,W$2,'협력사 EPC(H)'!$Q:$Q,$J7,'협력사 EPC(H)'!$C:$C,$L$1), SUMIFS('기타(Z)'!$I:$I,'기타(Z)'!$G:$G,W$2,'기타(Z)'!$Q:$Q,$J7,'기타(Z)'!$C:$C,$L$1) )=0, "", SUM( SUMIFS('발전사업(A)'!$I:$I,'발전사업(A)'!$G:$G,W$2,'발전사업(A)'!$Q:$Q,$J7,'발전사업(A)'!$C:$C,$L$1), SUMIFS('자가소비(B)'!$I:$I,'자가소비(B)'!$G:$G,W$2,'자가소비(B)'!$Q:$Q,$J7,'자가소비(B)'!$C:$C,$L$1), SUMIFS('PPA 사업(C)'!$I:$I,'PPA 사업(C)'!$G:$G,W$2,'PPA 사업(C)'!$Q:$Q,$J7,'PPA 사업(C)'!$C:$C,$L$1), SUMIFS('리스사업(D)'!$I:$I,'리스사업(D)'!$G:$G,W$2,'리스사업(D)'!$Q:$Q,$J7,'리스사업(D)'!$C:$C,$L$1), SUMIFS('임대사업(E)'!$I:$I,'임대사업(E)'!$G:$G,W$2,'임대사업(E)'!$Q:$Q,$J7,'임대사업(E)'!$C:$C,$L$1), SUMIFS('환경부사업(F)'!$I:$I,'환경부사업(F)'!$G:$G,W$2,'환경부사업(F)'!$Q:$Q,$J7,'환경부사업(F)'!$C:$C,$L$1), SUMIFS('프로젝트(G)'!$I:$I,'프로젝트(G)'!$G:$G,W$2,'프로젝트(G)'!$Q:$Q,$J7,'프로젝트(G)'!$C:$C,$L$1), SUMIFS('협력사 EPC(H)'!$I:$I,'협력사 EPC(H)'!$G:$G,W$2,'협력사 EPC(H)'!$Q:$Q,$J7,'협력사 EPC(H)'!$C:$C,$L$1), SUMIFS('기타(Z)'!$I:$I,'기타(Z)'!$G:$G,W$2,'기타(Z)'!$Q:$Q,$J7,'기타(Z)'!$C:$C,$L$1) ) ) | X7: =IF( SUM( COUNTIFS('발전사업(A)'!$G:$G,W$2,'발전사업(A)'!$Q:$Q,$J7), COUNTIFS('자가소비(B)'!$G:$G,W$2,'자가소비(B)'!$Q:$Q,$J7), COUNTIFS('PPA 사업(C)'!$G:$G,W$2,'PPA 사업(C)'!$Q:$Q,$J7), COUNTIFS('리스사업(D)'!$G:$G,W$2,'리스사업(D)'!$Q:$Q,$J7), COUNTIFS('임대사업(E)'!$G:$G,W$2,'임대사업(E)'!$Q:$Q,$J7), COUNTIFS('환경부사업(F)'!$G:$G,W$2,'환경부사업(F)'!$Q:$Q,$J7), COUNTIFS('프로젝트(G)'!$G:$G,W$2,'프로젝트(G)'!$Q:$Q,$J7), COUNTIFS('협력사 EPC(H)'!$G:$G,W$2,'협력사 EPC(H)'!$Q:$Q,$J7), COUNTIFS('기타(Z)'!$G:$G,W$2,'기타(Z)'!$Q:$Q,$J7) )=0, "", COUNTIFS('발전사업(A)'!$G:$G,W$2,'발전사업(A)'!$Q:$Q,$J7) +COUNTIFS('자가소비(B)'!$G:$G,W$2,'자가소비(B)'!$Q:$Q,$J7) +COUNTIFS('PPA 사업(C)'!$G:$G,W$2,'PPA 사업(C)'!$Q:$Q,$J7) +COUNTIFS('리스사업(D)'!$G:$G,W$2,'리스사업(D)'!$Q:$Q,$J7) +COUNTIFS('임대사업(E)'!$G:$G,W$2,'임대사업(E)'!$Q:$Q,$J7) +COUNTIFS('환경부사업(F)'!$G:$G,W$2,'환경부사업(F)'!$Q:$Q,$J7) +COUNTIFS('프로젝트(G)'!$G:$G,W$2,'프로젝트(G)'!$Q:$Q,$J7) +COUNTIFS('협력사 EPC(H)'!$G:$G,W$2,'협력사 EPC(H)'!$Q:$Q,$J7) +COUNTIFS('기타(Z)'!$G:$G,W$2,'기타(Z)'!$Q:$Q,$J7) ) | Y7: =IF( SUM( SUMIFS('발전사업(A)'!$I:$I,'발전사업(A)'!$G:$G,Y$2,'발전사업(A)'!$Q:$Q,$J7,'발전사업(A)'!$C:$C,$L$1), SUMIFS('자가소비(B)'!$I:$I,'자가소비(B)'!$G:$G,Y$2,'자가소비(B)'!$Q:$Q,$J7,'자가소비(B)'!$C:$C,$L$1), SUMIFS('PPA 사업(C)'!$I:$I,'PPA 사업(C)'!$G:$G,Y$2,'PPA 사업(C)'!$Q:$Q,$J7,'PPA 사업(C)'!$C:$C,$L$1), SUMIFS('리스사업(D)'!$I:$I,'리스사업(D)'!$G:$G,Y$2,'리스사업(D)'!$Q:$Q,$J7,'리스사업(D)'!$C:$C,$L$1), SUMIFS('임대사업(E)'!$I:$I,'임대사업(E)'!$G:$G,Y$2,'임대사업(E)'!$Q:$Q,$J7,'임대사업(E)'!$C:$C,$L$1), SUMIFS('환경부사업(F)'!$I:$I,'환경부사업(F)'!$G:$G,Y$2,'환경부사업(F)'!$Q:$Q,$J7,'환경부사업(F)'!$C:$C,$L$1), SUMIFS('프로젝트(G)'!$I:$I,'프로젝트(G)'!$G:$G,Y$2,'프로젝트(G)'!$Q:$Q,$J7,'프로젝트(G)'!$C:$C,$L$1), SUMIFS('협력사 EPC(H)'!$I:$I,'협력사 EPC(H)'!$G:$G,Y$2,'협력사 EPC(H)'!$Q:$Q,$J7,'협력사 EPC(H)'!$C:$C,$L$1), SUMIFS('기타(Z)'!$I:$I,'기타(Z)'!$G:$G,Y$2,'기타(Z)'!$Q:$Q,$J7,'기타(Z)'!$C:$C,$L$1) )=0, "", SUM( SUMIFS('발전사업(A)'!$I:$I,'발전사업(A)'!$G:$G,Y$2,'발전사업(A)'!$Q:$Q,$J7,'발전사업(A)'!$C:$C,$L$1), SUMIFS('자가소비(B)'!$I:$I,'자가소비(B)'!$G:$G,Y$2,'자가소비(B)'!$Q:$Q,$J7,'자가소비(B)'!$C:$C,$L$1), SUMIFS('PPA 사업(C)'!$I:$I,'PPA 사업(C)'!$G:$G,Y$2,'PPA 사업(C)'!$Q:$Q,$J7,'PPA 사업(C)'!$C:$C,$L$1), SUMIFS('리스사업(D)'!$I:$I,'리스사업(D)'!$G:$G,Y$2,'리스사업(D)'!$Q:$Q,$J7,'리스사업(D)'!$C:$C,$L$1), SUMIFS('임대사업(E)'!$I:$I,'임대사업(E)'!$G:$G,Y$2,'임대사업(E)'!$Q:$Q,$J7,'임대사업(E)'!$C:$C,$L$1), SUMIFS('환경부사업(F)'!$I:$I,'환경부사업(F)'!$G:$G,Y$2,'환경부사업(F)'!$Q:$Q,$J7,'환경부사업(F)'!$C:$C,$L$1), SUMIFS('프로젝트(G)'!$I:$I,'프로젝트(G)'!$G:$G,Y$2,'프로젝트(G)'!$Q:$Q,$J7,'프로젝트(G)'!$C:$C,$L$1), SUMIFS('협력사 EPC(H)'!$I:$I,'협력사 EPC(H)'!$G:$G,Y$2,'협력사 EPC(H)'!$Q:$Q,$J7,'협력사 EPC(H)'!$C:$C,$L$1), SUMIFS('기타(Z)'!$I:$I,'기타(Z)'!$G:$G,Y$2,'기타(Z)'!$Q:$Q,$J7,'기타(Z)'!$C:$C,$L$1) ) ) | Z7: =IF( SUM( COUNTIFS('발전사업(A)'!$G:$G, Y$2, '발전사업(A)'!$Q:$Q, $J7, '발전사업(A)'!$C:$C, $L$1), COUNTIFS('자가소비(B)'!$G:$G, Y$2, '자가소비(B)'!$Q:$Q, $J7, '자가소비(B)'!$C:$C, $L$1), COUNTIFS('PPA 사업(C)'!$G:$G, Y$2, 'PPA 사업(C)'!$Q:$Q, $J7, 'PPA 사업(C)'!$C:$C, $L$1), COUNTIFS('리스사업(D)'!$G:$G, Y$2, '리스사업(D)'!$Q:$Q, $J7, '리스사업(D)'!$C:$C, $L$1), COUNTIFS('임대사업(E)'!$G:$G, Y$2, '임대사업(E)'!$Q:$Q, $J7, '임대사업(E)'!$C:$C, $L$1), COUNTIFS('환경부사업(F)'!$G:$G, Y$2, '환경부사업(F)'!$Q:$Q, $J7, '환경부사업(F)'!$C:$C, $L$1), COUNTIFS('프로젝트(G)'!$G:$G, Y$2, '프로젝트(G)'!$Q:$Q, $J7, '프로젝트(G)'!$C:$C, $L$1), COUNTIFS('협력사 EPC(H)'!$G:$G, Y$2, '협력사 EPC(H)'!$Q:$Q, $J7, '협력사 EPC(H)'!$C:$C, $L$1), COUNTIFS('기타(Z)'!$G:$G, Y$2, '기타(Z)'!$Q:$Q, $J7, '기타(Z)'!$C:$C, $L$1) ) = 0, "", COUNTIFS('발전사업(A)'!$G:$G, Y$2, '발전사업(A)'!$Q:$Q, $J7, '발전사업(A)'!$C:$C, $L$1) + COUNTIFS('자가소비(B)'!$G:$G, Y$2, '자가소비(B)'!$Q:$Q, $J7, '자가소비(B)'!$C:$C, $L$1) + COUNTIFS('PPA 사업(C)'!$G:$G, Y$2, 'PPA 사업(C)'!$Q:$Q, $J7, 'PPA 사업(C)'!$C:$C, $L$1) + COUNTIFS('리스사업(D)'!$G:$G, Y$2, '리스사업(D)'!$Q:$Q, $J7, '리스사업(D)'!$C:$C, $L$1) + COUNTIFS('임대사업(E)'!$G:$G, Y$2, '임대사업(E)'!$Q:$Q, $J7, '임대사업(E)'!$C:$C, $L$1) + COUNTIFS('환경부사업(F)'!$G:$G, Y$2, '환경부사업(F)'!$Q:$Q, $J7, '환경부사업(F)'!$C:$C, $L$1) + COUNTIFS('프로젝트(G)'!$G:$G, Y$2, '프로젝트(G)'!$Q:$Q, $J7, '프로젝트(G)'!$C:$C, $L$1) + COUNTIFS('협력사 EPC(H)'!$G:$G, Y$2, '협력사 EPC(H)'!$Q:$Q, $J7, '협력사 EPC(H)'!$C:$C, $L$1) + COUNTIFS('기타(Z)'!$G:$G, Y$2, '기타(Z)'!$Q:$Q, $J7, '기타(Z)'!$C:$C, $L$1) ) | AA7: =IF( SUM( SUMIFS('발전사업(A)'!$I:$I,'발전사업(A)'!$G:$G,AA$2,'발전사업(A)'!$Q:$Q,$J7,'발전사업(A)'!$C:$C,$L$1), SUMIFS('자가소비(B)'!$I:$I,'자가소비(B)'!$G:$G,AA$2,'자가소비(B)'!$Q:$Q,$J7,'자가소비(B)'!$C:$C,$L$1), SUMIFS('PPA 사업(C)'!$I:$I,'PPA 사업(C)'!$G:$G,AA$2,'PPA 사업(C)'!$Q:$Q,$J7,'PPA 사업(C)'!$C:$C,$L$1), SUMIFS('리스사업(D)'!$I:$I,'리스사업(D)'!$G:$G,AA$2,'리스사업(D)'!$Q:$Q,$J7,'리스사업(D)'!$C:$C,$L$1), SUMIFS('임대사업(E)'!$I:$I,'임대사업(E)'!$G:$G,AA$2,'임대사업(E)'!$Q:$Q,$J7,'임대사업(E)'!$C:$C,$L$1), SUMIFS('환경부사업(F)'!$I:$I,'환경부사업(F)'!$G:$G,AA$2,'환경부사업(F)'!$Q:$Q,$J7,'환경부사업(F)'!$C:$C,$L$1), SUMIFS('프로젝트(G)'!$I:$I,'프로젝트(G)'!$G:$G,AA$2,'프로젝트(G)'!$Q:$Q,$J7,'프로젝트(G)'!$C:$C,$L$1), SUMIFS('협력사 EPC(H)'!$I:$I,'협력사 EPC(H)'!$G:$G,AA$2,'협력사 EPC(H)'!$Q:$Q,$J7,'협력사 EPC(H)'!$C:$C,$L$1), SUMIFS('기타(Z)'!$I:$I,'기타(Z)'!$G:$G,AA$2,'기타(Z)'!$Q:$Q,$J7,'기타(Z)'!$C:$C,$L$1) )=0, "", SUM( SUMIFS('발전사업(A)'!$I:$I,'발전사업(A)'!$G:$G,AA$2,'발전사업(A)'!$Q:$Q,$J7,'발전사업(A)'!$C:$C,$L$1), SUMIFS('자가소비(B)'!$I:$I,'자가소비(B)'!$G:$G,AA$2,'자가소비(B)'!$Q:$Q,$J7,'자가소비(B)'!$C:$C,$L$1), SUMIFS('PPA 사업(C)'!$I:$I,'PPA 사업(C)'!$G:$G,AA$2,'PPA 사업(C)'!$Q:$Q,$J7,'PPA 사업(C)'!$C:$C,$L$1), SUMIFS('리스사업(D)'!$I:$I,'리스사업(D)'!$G:$G,AA$2,'리스사업(D)'!$Q:$Q,$J7,'리스사업(D)'!$C:$C,$L$1), SUMIFS('임대사업(E)'!$I:$I,'임대사업(E)'!$G:$G,AA$2,'임대사업(E)'!$Q:$Q,$J7,'임대사업(E)'!$C:$C,$L$1), SUMIFS('환경부사업(F)'!$I:$I,'환경부사업(F)'!$G:$G,AA$2,'환경부사업(F)'!$Q:$Q,$J7,'환경부사업(F)'!$C:$C,$L$1), SUMIFS('프로젝트(G)'!$I:$I,'프로젝트(G)'!$G:$G,AA$2,'프로젝트(G)'!$Q:$Q,$J7,'프로젝트(G)'!$C:$C,$L$1), SUMIFS('협력사 EPC(H)'!$I:$I,'협력사 EPC(H)'!$G:$G,AA$2,'협력사 EPC(H)'!$Q:$Q,$J7,'협력사 EPC(H)'!$C:$C,$L$1), SUMIFS('기타(Z)'!$I:$I,'기타(Z)'!$G:$G,AA$2,'기타(Z)'!$Q:$Q,$J7,'기타(Z)'!$C:$C,$L$1) ) ) | AB7: =IF( SUM( COUNTIFS('발전사업(A)'!$G:$G, AA$2, '발전사업(A)'!$Q:$Q, $J7, '발전사업(A)'!$C:$C, $L$1), COUNTIFS('자가소비(B)'!$G:$G, AA$2, '자가소비(B)'!$Q:$Q, $J7, '자가소비(B)'!$C:$C, $L$1), COUNTIFS('PPA 사업(C)'!$G:$G, AA$2, 'PPA 사업(C)'!$Q:$Q, $J7, 'PPA 사업(C)'!$C:$C, $L$1), COUNTIFS('리스사업(D)'!$G:$G, AA$2, '리스사업(D)'!$Q:$Q, $J7, '리스사업(D)'!$C:$C, $L$1), COUNTIFS('임대사업(E)'!$G:$G, AA$2, '임대사업(E)'!$Q:$Q, $J7, '임대사업(E)'!$C:$C, $L$1), COUNTIFS('환경부사업(F)'!$G:$G, AA$2, '환경부사업(F)'!$Q:$Q, $J7, '환경부사업(F)'!$C:$C, $L$1), COUNTIFS('프로젝트(G)'!$G:$G, AA$2, '프로젝트(G)'!$Q:$Q, $J7, '프로젝트(G)'!$C:$C, $L$1), COUNTIFS('협력사 EPC(H)'!$G:$G, AA$2, '협력사 EPC(H)'!$Q:$Q, $J7, '협력사 EPC(H)'!$C:$C, $L$1), COUNTIFS('기타(Z)'!$G:$G, AA$2, '기타(Z)'!$Q:$Q, $J7, '기타(Z)'!$C:$C, $L$1) ) = 0, "", COUNTIFS('발전사업(A)'!$G:$G, AA$2, '발전사업(A)'!$Q:$Q, $J7, '발전사업(A)'!$C:$C, $L$1) + COUNTIFS('자가소비(B)'!$G:$G, AA$2, '자가소비(B)'!$Q:$Q, $J7, '자가소비(B)'!$C:$C, $L$1) + COUNTIFS('PPA 사업(C)'!$G:$G, AA$2, 'PPA 사업(C)'!$Q:$Q, $J7, 'PPA 사업(C)'!$C:$C, $L$1) + COUNTIFS('리스사업(D)'!$G:$G, AA$2, '리스사업(D)'!$Q:$Q, $J7, '리스사업(D)'!$C:$C, $L$1) + COUNTIFS('임대사업(E)'!$G:$G, AA$2, '임대사업(E)'!$Q:$Q, $J7, '임대사업(E)'!$C:$C, $L$1) + COUNTIFS('환경부사업(F)'!$G:$G, AA$2, '환경부사업(F)'!$Q:$Q, $J7, '환경부사업(F)'!$C:$C, $L$1) + COUNTIFS('프로젝트(G)'!$G:$G, AA$2, '프로젝트(G)'!$Q:$Q, $J7, '프로젝트(G)'!$C:$C, $L$1) + COUNTIFS('협력사 EPC(H)'!$G:$G, AA$2, '협력사 EPC(H)'!$Q:$Q, $J7, '협력사 EPC(H)'!$C:$C, $L$1) + COUNTIFS('기타(Z)'!$G:$G, AA$2, '기타(Z)'!$Q:$Q, $J7, '기타(Z)'!$C:$C, $L$1) ) | AC7: =IF( SUM( SUMIFS('발전사업(A)'!$I:$I,'발전사업(A)'!$G:$G,AC$2,'발전사업(A)'!$Q:$Q,$J7,'발전사업(A)'!$C:$C,$L$1), SUMIFS('자가소비(B)'!$I:$I,'자가소비(B)'!$G:$G,AC$2,'자가소비(B)'!$Q:$Q,$J7,'자가소비(B)'!$C:$C,$L$1), SUMIFS('PPA 사업(C)'!$I:$I,'PPA 사업(C)'!$G:$G,AC$2,'PPA 사업(C)'!$Q:$Q,$J7,'PPA 사업(C)'!$C:$C,$L$1), SUMIFS('리스사업(D)'!$I:$I,'리스사업(D)'!$G:$G,AC$2,'리스사업(D)'!$Q:$Q,$J7,'리스사업(D)'!$C:$C,$L$1), SUMIFS('임대사업(E)'!$I:$I,'임대사업(E)'!$G:$G,AC$2,'임대사업(E)'!$Q:$Q,$J7,'임대사업(E)'!$C:$C,$L$1), SUMIFS('환경부사업(F)'!$I:$I,'환경부사업(F)'!$G:$G,AC$2,'환경부사업(F)'!$Q:$Q,$J7,'환경부사업(F)'!$C:$C,$L$1), SUMIFS('프로젝트(G)'!$I:$I,'프로젝트(G)'!$G:$G,AC$2,'프로젝트(G)'!$Q:$Q,$J7,'프로젝트(G)'!$C:$C,$L$1), SUMIFS('협력사 EPC(H)'!$I:$I,'협력사 EPC(H)'!$G:$G,AC$2,'협력사 EPC(H)'!$Q:$Q,$J7,'협력사 EPC(H)'!$C:$C,$L$1), SUMIFS('기타(Z)'!$I:$I,'기타(Z)'!$G:$G,AC$2,'기타(Z)'!$Q:$Q,$J7,'기타(Z)'!$C:$C,$L$1) )=0, "", SUM( SUMIFS('발전사업(A)'!$I:$I,'발전사업(A)'!$G:$G,AC$2,'발전사업(A)'!$Q:$Q,$J7,'발전사업(A)'!$C:$C,$L$1), SUMIFS('자가소비(B)'!$I:$I,'자가소비(B)'!$G:$G,AC$2,'자가소비(B)'!$Q:$Q,$J7,'자가소비(B)'!$C:$C,$L$1), SUMIFS('PPA 사업(C)'!$I:$I,'PPA 사업(C)'!$G:$G,AC$2,'PPA 사업(C)'!$Q:$Q,$J7,'PPA 사업(C)'!$C:$C,$L$1), SUMIFS('리스사업(D)'!$I:$I,'리스사업(D)'!$G:$G,AC$2,'리스사업(D)'!$Q:$Q,$J7,'리스사업(D)'!$C:$C,$L$1), SUMIFS('임대사업(E)'!$I:$I,'임대사업(E)'!$G:$G,AC$2,'임대사업(E)'!$Q:$Q,$J7,'임대사업(E)'!$C:$C,$L$1), SUMIFS('환경부사업(F)'!$I:$I,'환경부사업(F)'!$G:$G,AC$2,'환경부사업(F)'!$Q:$Q,$J7,'환경부사업(F)'!$C:$C,$L$1), SUMIFS('프로젝트(G)'!$I:$I,'프로젝트(G)'!$G:$G,AC$2,'프로젝트(G)'!$Q:$Q,$J7,'프로젝트(G)'!$C:$C,$L$1), SUMIFS('협력사 EPC(H)'!$I:$I,'협력사 EPC(H)'!$G:$G,AC$2,'협력사 EPC(H)'!$Q:$Q,$J7,'협력사 EPC(H)'!$C:$C,$L$1), SUMIFS('기타(Z)'!$I:$I,'기타(Z)'!$G:$G,AC$2,'기타(Z)'!$Q:$Q,$J7,'기타(Z)'!$C:$C,$L$1) ) ) | AD7: =IF( SUM( COUNTIFS('발전사업(A)'!$G:$G, AC$2, '발전사업(A)'!$Q:$Q, $J7, '발전사업(A)'!$C:$C, $L$1), COUNTIFS('자가소비(B)'!$G:$G, AC$2, '자가소비(B)'!$Q:$Q, $J7, '자가소비(B)'!$C:$C, $L$1), COUNTIFS('PPA 사업(C)'!$G:$G, AC$2, 'PPA 사업(C)'!$Q:$Q, $J7, 'PPA 사업(C)'!$C:$C, $L$1), COUNTIFS('리스사업(D)'!$G:$G, AC$2, '리스사업(D)'!$Q:$Q, $J7, '리스사업(D)'!$C:$C, $L$1), COUNTIFS('임대사업(E)'!$G:$G, AC$2, '임대사업(E)'!$Q:$Q, $J7, '임대사업(E)'!$C:$C, $L$1), COUNTIFS('환경부사업(F)'!$G:$G, AC$2, '환경부사업(F)'!$Q:$Q, $J7, '환경부사업(F)'!$C:$C, $L$1), COUNTIFS('프로젝트(G)'!$G:$G, AC$2, '프로젝트(G)'!$Q:$Q, $J7, '프로젝트(G)'!$C:$C, $L$1), COUNTIFS('협력사 EPC(H)'!$G:$G, AC$2, '협력사 EPC(H)'!$Q:$Q, $J7, '협력사 EPC(H)'!$C:$C, $L$1), COUNTIFS('기타(Z)'!$G:$G, AC$2, '기타(Z)'!$Q:$Q, $J7, '기타(Z)'!$C:$C, $L$1) ) = 0, "", COUNTIFS('발전사업(A)'!$G:$G, AC$2, '발전사업(A)'!$Q:$Q, $J7, '발전사업(A)'!$C:$C, $L$1) + COUNTIFS('자가소비(B)'!$G:$G, AC$2, '자가소비(B)'!$Q:$Q, $J7, '자가소비(B)'!$C:$C, $L$1) + COUNTIFS('PPA 사업(C)'!$G:$G, AC$2, 'PPA 사업(C)'!$Q:$Q, $J7, 'PPA 사업(C)'!$C:$C, $L$1) + COUNTIFS('리스사업(D)'!$G:$G, AC$2, '리스사업(D)'!$Q:$Q, $J7, '리스사업(D)'!$C:$C, $L$1) + COUNTIFS('임대사업(E)'!$G:$G, AC$2, '임대사업(E)'!$Q:$Q, $J7, '임대사업(E)'!$C:$C, $L$1) + COUNTIFS('환경부사업(F)'!$G:$G, AC$2, '환경부사업(F)'!$Q:$Q, $J7, '환경부사업(F)'!$C:$C, $L$1) + COUNTIFS('프로젝트(G)'!$G:$G, AC$2, '프로젝트(G)'!$Q:$Q, $J7, '프로젝트(G)'!$C:$C, $L$1) + COUNTIFS('협력사 EPC(H)'!$G:$G, AC$2, '협력사 EPC(H)'!$Q:$Q, $J7, '협력사 EPC(H)'!$C:$C, $L$1) + COUNTIFS('기타(Z)'!$G:$G, AC$2, '기타(Z)'!$Q:$Q, $J7, '기타(Z)'!$C:$C, $L$1) ) | AE7: =IF( SUM( SUMIFS('발전사업(A)'!$I:$I,'발전사업(A)'!$G:$G,AE$2,'발전사업(A)'!$Q:$Q,$J7,'발전사업(A)'!$C:$C,$L$1), SUMIFS('자가소비(B)'!$I:$I,'자가소비(B)'!$G:$G,AE$2,'자가소비(B)'!$Q:$Q,$J7,'자가소비(B)'!$C:$C,$L$1), SUMIFS('PPA 사업(C)'!$I:$I,'PPA 사업(C)'!$G:$G,AE$2,'PPA 사업(C)'!$Q:$Q,$J7,'PPA 사업(C)'!$C:$C,$L$1), SUMIFS('리스사업(D)'!$I:$I,'리스사업(D)'!$G:$G,AE$2,'리스사업(D)'!$Q:$Q,$J7,'리스사업(D)'!$C:$C,$L$1), SUMIFS('임대사업(E)'!$I:$I,'임대사업(E)'!$G:$G,AE$2,'임대사업(E)'!$Q:$Q,$J7,'임대사업(E)'!$C:$C,$L$1), SUMIFS('환경부사업(F)'!$I:$I,'환경부사업(F)'!$G:$G,AE$2,'환경부사업(F)'!$Q:$Q,$J7,'환경부사업(F)'!$C:$C,$L$1), SUMIFS('프로젝트(G)'!$I:$I,'프로젝트(G)'!$G:$G,AE$2,'프로젝트(G)'!$Q:$Q,$J7,'프로젝트(G)'!$C:$C,$L$1), SUMIFS('협력사 EPC(H)'!$I:$I,'협력사 EPC(H)'!$G:$G,AE$2,'협력사 EPC(H)'!$Q:$Q,$J7,'협력사 EPC(H)'!$C:$C,$L$1), SUMIFS('기타(Z)'!$I:$I,'기타(Z)'!$G:$G,AE$2,'기타(Z)'!$Q:$Q,$J7,'기타(Z)'!$C:$C,$L$1) )=0, "", SUM( SUMIFS('발전사업(A)'!$I:$I,'발전사업(A)'!$G:$G,AE$2,'발전사업(A)'!$Q:$Q,$J7,'발전사업(A)'!$C:$C,$L$1), SUMIFS('자가소비(B)'!$I:$I,'자가소비(B)'!$G:$G,AE$2,'자가소비(B)'!$Q:$Q,$J7,'자가소비(B)'!$C:$C,$L$1), SUMIFS('PPA 사업(C)'!$I:$I,'PPA 사업(C)'!$G:$G,AE$2,'PPA 사업(C)'!$Q:$Q,$J7,'PPA 사업(C)'!$C:$C,$L$1), SUMIFS('리스사업(D)'!$I:$I,'리스사업(D)'!$G:$G,AE$2,'리스사업(D)'!$Q:$Q,$J7,'리스사업(D)'!$C:$C,$L$1), SUMIFS('임대사업(E)'!$I:$I,'임대사업(E)'!$G:$G,AE$2,'임대사업(E)'!$Q:$Q,$J7,'임대사업(E)'!$C:$C,$L$1), SUMIFS('환경부사업(F)'!$I:$I,'환경부사업(F)'!$G:$G,AE$2,'환경부사업(F)'!$Q:$Q,$J7,'환경부사업(F)'!$C:$C,$L$1), SUMIFS('프로젝트(G)'!$I:$I,'프로젝트(G)'!$G:$G,AE$2,'프로젝트(G)'!$Q:$Q,$J7,'프로젝트(G)'!$C:$C,$L$1), SUMIFS('협력사 EPC(H)'!$I:$I,'협력사 EPC(H)'!$G:$G,AE$2,'협력사 EPC(H)'!$Q:$Q,$J7,'협력사 EPC(H)'!$C:$C,$L$1), SUMIFS('기타(Z)'!$I:$I,'기타(Z)'!$G:$G,AE$2,'기타(Z)'!$Q:$Q,$J7,'기타(Z)'!$C:$C,$L$1) ) ) | AF7: =IF( SUM( COUNTIFS('발전사업(A)'!$G:$G, AE$2, '발전사업(A)'!$Q:$Q, $J7, '발전사업(A)'!$C:$C, $L$1), COUNTIFS('자가소비(B)'!$G:$G, AE$2, '자가소비(B)'!$Q:$Q, $J7, '자가소비(B)'!$C:$C, $L$1), COUNTIFS('PPA 사업(C)'!$G:$G, AE$2, 'PPA 사업(C)'!$Q:$Q, $J7, 'PPA 사업(C)'!$C:$C, $L$1), COUNTIFS('리스사업(D)'!$G:$G, AE$2, '리스사업(D)'!$Q:$Q, $J7, '리스사업(D)'!$C:$C, $L$1), COUNTIFS('임대사업(E)'!$G:$G, AE$2, '임대사업(E)'!$Q:$Q, $J7, '임대사업(E)'!$C:$C, $L$1), COUNTIFS('환경부사업(F)'!$G:$G, AE$2, '환경부사업(F)'!$Q:$Q, $J7, '환경부사업(F)'!$C:$C, $L$1), COUNTIFS('프로젝트(G)'!$G:$G, AE$2, '프로젝트(G)'!$Q:$Q, $J7, '프로젝트(G)'!$C:$C, $L$1), COUNTIFS('협력사 EPC(H)'!$G:$G, AE$2, '협력사 EPC(H)'!$Q:$Q, $J7, '협력사 EPC(H)'!$C:$C, $L$1), COUNTIFS('기타(Z)'!$G:$G, AE$2, '기타(Z)'!$Q:$Q, $J7, '기타(Z)'!$C:$C, $L$1) ) = 0, "", COUNTIFS('발전사업(A)'!$G:$G, AE$2, '발전사업(A)'!$Q:$Q, $J7, '발전사업(A)'!$C:$C, $L$1) + COUNTIFS('자가소비(B)'!$G:$G, AE$2, '자가소비(B)'!$Q:$Q, $J7, '자가소비(B)'!$C:$C, $L$1) + COUNTIFS('PPA 사업(C)'!$G:$G, AE$2, 'PPA 사업(C)'!$Q:$Q, $J7, 'PPA 사업(C)'!$C:$C, $L$1) + COUNTIFS('리스사업(D)'!$G:$G, AE$2, '리스사업(D)'!$Q:$Q, $J7, '리스사업(D)'!$C:$C, $L$1) + COUNTIFS('임대사업(E)'!$G:$G, AE$2, '임대사업(E)'!$Q:$Q, $J7, '임대사업(E)'!$C:$C, $L$1) + COUNTIFS('환경부사업(F)'!$G:$G, AE$2, '환경부사업(F)'!$Q:$Q, $J7, '환경부사업(F)'!$C:$C, $L$1) + COUNTIFS('프로젝트(G)'!$G:$G, AE$2, '프로젝트(G)'!$Q:$Q, $J7, '프로젝트(G)'!$C:$C, $L$1) + COUNTIFS('협력사 EPC(H)'!$G:$G, AE$2, '협력사 EPC(H)'!$Q:$Q, $J7, '협력사 EPC(H)'!$C:$C, $L$1) + COUNTIFS('기타(Z)'!$G:$G, AE$2, '기타(Z)'!$Q:$Q, $J7, '기타(Z)'!$C:$C, $L$1) ) | AG7: =IF( SUM( SUMIFS('발전사업(A)'!$I:$I,'발전사업(A)'!$G:$G,AG$2,'발전사업(A)'!$Q:$Q,$J7,'발전사업(A)'!$C:$C,$L$1), SUMIFS('자가소비(B)'!$I:$I,'자가소비(B)'!$G:$G,AG$2,'자가소비(B)'!$Q:$Q,$J7,'자가소비(B)'!$C:$C,$L$1), SUMIFS('PPA 사업(C)'!$I:$I,'PPA 사업(C)'!$G:$G,AG$2,'PPA 사업(C)'!$Q:$Q,$J7,'PPA 사업(C)'!$C:$C,$L$1), SUMIFS('리스사업(D)'!$I:$I,'리스사업(D)'!$G:$G,AG$2,'리스사업(D)'!$Q:$Q,$J7,'리스사업(D)'!$C:$C,$L$1), SUMIFS('임대사업(E)'!$I:$I,'임대사업(E)'!$G:$G,AG$2,'임대사업(E)'!$Q:$Q,$J7,'임대사업(E)'!$C:$C,$L$1), SUMIFS('환경부사업(F)'!$I:$I,'환경부사업(F)'!$G:$G,AG$2,'환경부사업(F)'!$Q:$Q,$J7,'환경부사업(F)'!$C:$C,$L$1), SUMIFS('프로젝트(G)'!$I:$I,'프로젝트(G)'!$G:$G,AG$2,'프로젝트(G)'!$Q:$Q,$J7,'프로젝트(G)'!$C:$C,$L$1), SUMIFS('협력사 EPC(H)'!$I:$I,'협력사 EPC(H)'!$G:$G,AG$2,'협력사 EPC(H)'!$Q:$Q,$J7,'협력사 EPC(H)'!$C:$C,$L$1), SUMIFS('기타(Z)'!$I:$I,'기타(Z)'!$G:$G,AG$2,'기타(Z)'!$Q:$Q,$J7,'기타(Z)'!$C:$C,$L$1) )=0, "", SUM( SUMIFS('발전사업(A)'!$I:$I,'발전사업(A)'!$G:$G,AG$2,'발전사업(A)'!$Q:$Q,$J7,'발전사업(A)'!$C:$C,$L$1), SUMIFS('자가소비(B)'!$I:$I,'자가소비(B)'!$G:$G,AG$2,'자가소비(B)'!$Q:$Q,$J7,'자가소비(B)'!$C:$C,$L$1), SUMIFS('PPA 사업(C)'!$I:$I,'PPA 사업(C)'!$G:$G,AG$2,'PPA 사업(C)'!$Q:$Q,$J7,'PPA 사업(C)'!$C:$C,$L$1), SUMIFS('리스사업(D)'!$I:$I,'리스사업(D)'!$G:$G,AG$2,'리스사업(D)'!$Q:$Q,$J7,'리스사업(D)'!$C:$C,$L$1), SUMIFS('임대사업(E)'!$I:$I,'임대사업(E)'!$G:$G,AG$2,'임대사업(E)'!$Q:$Q,$J7,'임대사업(E)'!$C:$C,$L$1), SUMIFS('환경부사업(F)'!$I:$I,'환경부사업(F)'!$G:$G,AG$2,'환경부사업(F)'!$Q:$Q,$J7,'환경부사업(F)'!$C:$C,$L$1), SUMIFS('프로젝트(G)'!$I:$I,'프로젝트(G)'!$G:$G,AG$2,'프로젝트(G)'!$Q:$Q,$J7,'프로젝트(G)'!$C:$C,$L$1), SUMIFS('협력사 EPC(H)'!$I:$I,'협력사 EPC(H)'!$G:$G,AG$2,'협력사 EPC(H)'!$Q:$Q,$J7,'협력사 EPC(H)'!$C:$C,$L$1), SUMIFS('기타(Z)'!$I:$I,'기타(Z)'!$G:$G,AG$2,'기타(Z)'!$Q:$Q,$J7,'기타(Z)'!$C:$C,$L$1) ) ) | AH7: =IF( SUM( COUNTIFS('발전사업(A)'!$G:$G, AG$2, '발전사업(A)'!$Q:$Q, $J7, '발전사업(A)'!$C:$C, $L$1), COUNTIFS('자가소비(B)'!$G:$G, AG$2, '자가소비(B)'!$Q:$Q, $J7, '자가소비(B)'!$C:$C, $L$1), COUNTIFS('PPA 사업(C)'!$G:$G, AG$2, 'PPA 사업(C)'!$Q:$Q, $J7, 'PPA 사업(C)'!$C:$C, $L$1), COUNTIFS('리스사업(D)'!$G:$G, AG$2, '리스사업(D)'!$Q:$Q, $J7, '리스사업(D)'!$C:$C, $L$1), COUNTIFS('임대사업(E)'!$G:$G, AG$2, '임대사업(E)'!$Q:$Q, $J7, '임대사업(E)'!$C:$C, $L$1), COUNTIFS('환경부사업(F)'!$G:$G, AG$2, '환경부사업(F)'!$Q:$Q, $J7, '환경부사업(F)'!$C:$C, $L$1), COUNTIFS('프로젝트(G)'!$G:$G, AG$2, '프로젝트(G)'!$Q:$Q, $J7, '프로젝트(G)'!$C:$C, $L$1), COUNTIFS('협력사 EPC(H)'!$G:$G, AG$2, '협력사 EPC(H)'!$Q:$Q, $J7, '협력사 EPC(H)'!$C:$C, $L$1), COUNTIFS('기타(Z)'!$G:$G, AG$2, '기타(Z)'!$Q:$Q, $J7, '기타(Z)'!$C:$C, $L$1) ) = 0, "", COUNTIFS('발전사업(A)'!$G:$G, AG$2, '발전사업(A)'!$Q:$Q, $J7, '발전사업(A)'!$C:$C, $L$1) + COUNTIFS('자가소비(B)'!$G:$G, AG$2, '자가소비(B)'!$Q:$Q, $J7, '자가소비(B)'!$C:$C, $L$1) + COUNTIFS('PPA 사업(C)'!$G:$G, AG$2, 'PPA 사업(C)'!$Q:$Q, $J7, 'PPA 사업(C)'!$C:$C, $L$1) + COUNTIFS('리스사업(D)'!$G:$G, AG$2, '리스사업(D)'!$Q:$Q, $J7, '리스사업(D)'!$C:$C, $L$1) + COUNTIFS('임대사업(E)'!$G:$G, AG$2, '임대사업(E)'!$Q:$Q, $J7, '임대사업(E)'!$C:$C, $L$1) + COUNTIFS('환경부사업(F)'!$G:$G, AG$2, '환경부사업(F)'!$Q:$Q, $J7, '환경부사업(F)'!$C:$C, $L$1) + COUNTIFS('프로젝트(G)'!$G:$G, AG$2, '프로젝트(G)'!$Q:$Q, $J7, '프로젝트(G)'!$C:$C, $L$1) + COUNTIFS('협력사 EPC(H)'!$G:$G, AG$2, '협력사 EPC(H)'!$Q:$Q, $J7, '협력사 EPC(H)'!$C:$C, $L$1) + COUNTIFS('기타(Z)'!$G:$G, AG$2, '기타(Z)'!$Q:$Q, $J7, '기타(Z)'!$C:$C, $L$1) ) | AI7: =IF( SUM( SUMIFS('발전사업(A)'!$I:$I,'발전사업(A)'!$G:$G,AI$2,'발전사업(A)'!$Q:$Q,$J7,'발전사업(A)'!$C:$C,$L$1), SUMIFS('자가소비(B)'!$I:$I,'자가소비(B)'!$G:$G,AI$2,'자가소비(B)'!$Q:$Q,$J7,'자가소비(B)'!$C:$C,$L$1), SUMIFS('PPA 사업(C)'!$I:$I,'PPA 사업(C)'!$G:$G,AI$2,'PPA 사업(C)'!$Q:$Q,$J7,'PPA 사업(C)'!$C:$C,$L$1), SUMIFS('리스사업(D)'!$I:$I,'리스사업(D)'!$G:$G,AI$2,'리스사업(D)'!$Q:$Q,$J7,'리스사업(D)'!$C:$C,$L$1), SUMIFS('임대사업(E)'!$I:$I,'임대사업(E)'!$G:$G,AI$2,'임대사업(E)'!$Q:$Q,$J7,'임대사업(E)'!$C:$C,$L$1), SUMIFS('환경부사업(F)'!$I:$I,'환경부사업(F)'!$G:$G,AI$2,'환경부사업(F)'!$Q:$Q,$J7,'환경부사업(F)'!$C:$C,$L$1), SUMIFS('프로젝트(G)'!$I:$I,'프로젝트(G)'!$G:$G,AI$2,'프로젝트(G)'!$Q:$Q,$J7,'프로젝트(G)'!$C:$C,$L$1), SUMIFS('협력사 EPC(H)'!$I:$I,'협력사 EPC(H)'!$G:$G,AI$2,'협력사 EPC(H)'!$Q:$Q,$J7,'협력사 EPC(H)'!$C:$C,$L$1), SUMIFS('기타(Z)'!$I:$I,'기타(Z)'!$G:$G,AI$2,'기타(Z)'!$Q:$Q,$J7,'기타(Z)'!$C:$C,$L$1) )=0, "", SUM( SUMIFS('발전사업(A)'!$I:$I,'발전사업(A)'!$G:$G,AI$2,'발전사업(A)'!$Q:$Q,$J7,'발전사업(A)'!$C:$C,$L$1), SUMIFS('자가소비(B)'!$I:$I,'자가소비(B)'!$G:$G,AI$2,'자가소비(B)'!$Q:$Q,$J7,'자가소비(B)'!$C:$C,$L$1), SUMIFS('PPA 사업(C)'!$I:$I,'PPA 사업(C)'!$G:$G,AI$2,'PPA 사업(C)'!$Q:$Q,$J7,'PPA 사업(C)'!$C:$C,$L$1), SUMIFS('리스사업(D)'!$I:$I,'리스사업(D)'!$G:$G,AI$2,'리스사업(D)'!$Q:$Q,$J7,'리스사업(D)'!$C:$C,$L$1), SUMIFS('임대사업(E)'!$I:$I,'임대사업(E)'!$G:$G,AI$2,'임대사업(E)'!$Q:$Q,$J7,'임대사업(E)'!$C:$C,$L$1), SUMIFS('환경부사업(F)'!$I:$I,'환경부사업(F)'!$G:$G,AI$2,'환경부사업(F)'!$Q:$Q,$J7,'환경부사업(F)'!$C:$C,$L$1), SUMIFS('프로젝트(G)'!$I:$I,'프로젝트(G)'!$G:$G,AI$2,'프로젝트(G)'!$Q:$Q,$J7,'프로젝트(G)'!$C:$C,$L$1), SUMIFS('협력사 EPC(H)'!$I:$I,'협력사 EPC(H)'!$G:$G,AI$2,'협력사 EPC(H)'!$Q:$Q,$J7,'협력사 EPC(H)'!$C:$C,$L$1), SUMIFS('기타(Z)'!$I:$I,'기타(Z)'!$G:$G,AI$2,'기타(Z)'!$Q:$Q,$J7,'기타(Z)'!$C:$C,$L$1) ) ) | AJ7: =IF( SUM( COUNTIFS('발전사업(A)'!$G:$G, AI$2, '발전사업(A)'!$Q:$Q, $J7, '발전사업(A)'!$C:$C, $L$1), COUNTIFS('자가소비(B)'!$G:$G, AI$2, '자가소비(B)'!$Q:$Q, $J7, '자가소비(B)'!$C:$C, $L$1), COUNTIFS('PPA 사업(C)'!$G:$G, AI$2, 'PPA 사업(C)'!$Q:$Q, $J7, 'PPA 사업(C)'!$C:$C, $L$1), COUNTIFS('리스사업(D)'!$G:$G, AI$2, '리스사업(D)'!$Q:$Q, $J7, '리스사업(D)'!$C:$C, $L$1), COUNTIFS('임대사업(E)'!$G:$G, AI$2, '임대사업(E)'!$Q:$Q, $J7, '임대사업(E)'!$C:$C, $L$1), COUNTIFS('환경부사업(F)'!$G:$G, AI$2, '환경부사업(F)'!$Q:$Q, $J7, '환경부사업(F)'!$C:$C, $L$1), COUNTIFS('프로젝트(G)'!$G:$G, AI$2, '프로젝트(G)'!$Q:$Q, $J7, '프로젝트(G)'!$C:$C, $L$1), COUNTIFS('협력사 EPC(H)'!$G:$G, AI$2, '협력사 EPC(H)'!$Q:$Q, $J7, '협력사 EPC(H)'!$C:$C, $L$1), COUNTIFS('기타(Z)'!$G:$G, AI$2, '기타(Z)'!$Q:$Q, $J7, '기타(Z)'!$C:$C, $L$1) ) = 0, "", COUNTIFS('발전사업(A)'!$G:$G, AI$2, '발전사업(A)'!$Q:$Q, $J7, '발전사업(A)'!$C:$C, $L$1) + COUNTIFS('자가소비(B)'!$G:$G, AI$2, '자가소비(B)'!$Q:$Q, $J7, '자가소비(B)'!$C:$C, $L$1) + COUNTIFS('PPA 사업(C)'!$G:$G, AI$2, 'PPA 사업(C)'!$Q:$Q, $J7, 'PPA 사업(C)'!$C:$C, $L$1) + COUNTIFS('리스사업(D)'!$G:$G, AI$2, '리스사업(D)'!$Q:$Q, $J7, '리스사업(D)'!$C:$C, $L$1) + COUNTIFS('임대사업(E)'!$G:$G, AI$2, '임대사업(E)'!$Q:$Q, $J7, '임대사업(E)'!$C:$C, $L$1) + COUNTIFS('환경부사업(F)'!$G:$G, AI$2, '환경부사업(F)'!$Q:$Q, $J7, '환경부사업(F)'!$C:$C, $L$1) + COUNTIFS('프로젝트(G)'!$G:$G, AI$2, '프로젝트(G)'!$Q:$Q, $J7, '프로젝트(G)'!$C:$C, $L$1) + COUNTIFS('협력사 EPC(H)'!$G:$G, AI$2, '협력사 EPC(H)'!$Q:$Q, $J7, '협력사 EPC(H)'!$C:$C, $L$1) + COUNTIFS('기타(Z)'!$G:$G, AI$2, '기타(Z)'!$Q:$Q, $J7, '기타(Z)'!$C:$C, $L$1) )
